"game","grade","level","algorithm","square_path","samples","valid_estimates","novice_p10","novice_median","novice_p90","fluent_median","generation_ms_median","reference_moves_median","hidden_cells_median"
"magic_triangles","1","1","auto","","10","10","3.578691750158654","3.578691750158654","3.578691750158654","2.5667443751081738","0.163","","2"
"magic_triangles","1","2","auto","","10","10","3.578691750158654","3.578691750158654","3.578691750158654","2.5667443751081738","0.149","","2"
"magic_triangles","1","3","auto","","10","10","3.578691750158654","3.578691750158654","3.578691750158654","2.5667443751081738","0.126","","2"
"magic_triangles","1","4","auto","","10","10","3.578691750158654","3.578691750158654","3.578691750158654","2.5667443751081738","0.143","","2"
"magic_triangles","1","5","auto","","10","10","3.578691750158654","3.578691750158654","3.578691750158654","2.5667443751081738","0.103","","2"
"magic_triangles","1","6","auto","","10","10","3.6699999999999995","3.6699999999999995","3.6699999999999995","2.629","0.114","","3"
"magic_triangles","1","7","auto","","10","10","3.8488241808752193","3.8488241808752193","3.8488241808752193","2.7516892142331044","0.337","","4"
"magic_triangles","1","8","auto","","10","10","3.8488241808752193","3.8488241808752193","3.8488241808752193","2.7516892142331044","0.128","","4"
"magic_triangles","1","9","auto","","10","10","3.8488241808752193","3.8488241808752193","3.8488241808752193","2.7516892142331044","0.116","","4"
"magic_triangles","1","10","auto","","10","10","3.8488241808752193","3.8488241808752193","3.8488241808752193","2.7516892142331044","0.132","","4"
"magic_triangles","1","11","auto","","10","10","3.8488241808752193","3.8488241808752193","3.8488241808752193","2.7516892142331044","0.132","","4"
"magic_triangles","1","12","auto","","10","10","4.068691750158654","4.068691750158654","4.068691750158654","2.902744375108173","0.141","","5"
"magic_triangles","1","13","auto","","10","10","4.027618082852673","4.027618082852673","4.027618082852673","2.8741032383086402","0.184","","6"
"magic_triangles","1","14","auto","","10","10","4.2139999999999995","4.2139999999999995","4.2139999999999995","3.0021999999999993","0.351","","7"
"magic_triangles","1","15","auto","","10","10","4.2139999999999995","4.2139999999999995","4.2139999999999995","3.0021999999999993","0.181","","7"
"magic_triangles","1","16","auto","","10","10","4.2139999999999995","4.2139999999999995","4.2139999999999995","3.0021999999999993","0.169","","7"
"magic_triangles","1","17","auto","","10","10","4.2139999999999995","4.2139999999999995","4.2139999999999995","3.0021999999999993","0.16","","7"
"magic_triangles","1","18","auto","","10","10","4.467383500317308","4.467383500317308","4.467383500317308","3.1764887502163464","0.183","","8"
"magic_triangles","1","19","auto","","10","10","4.467383500317308","4.467383500317308","4.467383500317308","3.1764887502163464","0.238","","8"
"magic_triangles","1","20","auto","","10","10","4.467383500317308","4.467383500317308","4.467383500317308","3.1764887502163464","0.231","","8"
"magic_triangles","2","1","auto","","10","10","3.6699999999999995","3.6699999999999995","3.6699999999999995","2.629","0.113","","3"
"magic_triangles","2","2","auto","","10","10","3.6699999999999995","3.6699999999999995","3.6699999999999995","2.629","0.102","","3"
"magic_triangles","2","3","auto","","10","10","3.6699999999999995","3.6699999999999995","3.6699999999999995","2.629","0.112","","3"
"magic_triangles","2","4","auto","","10","10","3.8488241808752193","3.8488241808752193","3.8488241808752193","2.7516892142331044","0.117","","4"
"magic_triangles","2","5","auto","","10","10","3.8488241808752193","3.8488241808752193","3.8488241808752193","2.7516892142331044","0.119","","4"
"magic_triangles","2","6","auto","","10","10","3.8488241808752193","3.8488241808752193","3.8488241808752193","2.7516892142331044","0.123","","4"
"magic_triangles","2","7","auto","","10","10","3.8488241808752193","3.8488241808752193","3.8488241808752193","2.7516892142331044","0.116","","4"
"magic_triangles","2","8","auto","","10","10","4.027618082852673","4.027618082852673","4.027618082852673","2.8741032383086402","0.157","","6"
"magic_triangles","2","9","auto","","10","10","4.027618082852673","4.027618082852673","4.027618082852673","2.8741032383086402","0.159","","6"
"magic_triangles","2","10","auto","","10","10","4.027618082852673","4.027618082852673","4.027618082852673","2.8741032383086402","0.185","","6"
"magic_triangles","2","11","auto","","10","10","4.2139999999999995","4.2139999999999995","4.2139999999999995","3.0021999999999993","0.174","","7"
"magic_triangles","2","12","auto","","10","10","4.2139999999999995","4.2139999999999995","4.2139999999999995","3.0021999999999993","0.192","","7"
"magic_triangles","2","13","auto","","10","10","4.2139999999999995","4.2139999999999995","4.2139999999999995","3.0021999999999993","0.168","","7"
"magic_triangles","2","14","auto","","10","10","4.2139999999999995","4.2139999999999995","4.2139999999999995","3.0021999999999993","0.188","","7"
"magic_triangles","2","15","auto","","10","10","4.467383500317308","4.467383500317308","4.467383500317308","3.1764887502163464","0.161","","8"
"magic_triangles","2","16","auto","","10","10","4.5310749561002055","4.5310749561002055","4.5310749561002055","3.219914742795594","0.797","","10"
"magic_triangles","2","17","auto","","10","10","4.5310749561002055","4.5310749561002055","4.5310749561002055","3.219914742795594","1.119","","10"
"magic_triangles","2","18","auto","","10","10","4.8286917501586535","4.8286917501586535","4.8286917501586535","3.4247443751081734","0.393","","11"
"magic_triangles","2","19","auto","","10","10","4.8286917501586535","4.8286917501586535","4.8286917501586535","3.4247443751081734","0.347","","11"
"magic_triangles","2","20","auto","","10","10","4.8286917501586535","4.8286917501586535","4.8286917501586535","3.4247443751081734","0.505","","11"
"magic_triangles","3","1","auto","","10","10","3.8488241808752193","3.8488241808752193","3.8488241808752193","2.7516892142331044","0.102","","4"
"magic_triangles","3","2","auto","","10","10","3.8488241808752193","3.8488241808752193","3.8488241808752193","2.7516892142331044","0.11","","4"
"magic_triangles","3","3","auto","","10","10","3.8758346073015115","3.8758346073015115","3.8758346073015115","2.7698872322510306","0.19","","5"
"magic_triangles","3","4","auto","","10","10","3.8758346073015115","3.8758346073015115","3.8758346073015115","2.7698872322510306","0.165","","5"
"magic_triangles","3","5","auto","","10","10","4.027618082852673","4.027618082852673","4.027618082852673","2.8741032383086402","0.184","","6"
"magic_triangles","3","6","auto","","10","10","4.027618082852673","4.027618082852673","4.027618082852673","2.8741032383086402","0.192","","6"
"magic_triangles","3","7","auto","","10","10","4.027618082852673","4.027618082852673","4.027618082852673","2.8741032383086402","0.16","","6"
"magic_triangles","3","8","auto","","10","10","4.2139999999999995","4.2139999999999995","4.2139999999999995","3.0021999999999993","0.178","","7"
"magic_triangles","3","9","auto","","10","10","4.2139999999999995","4.2139999999999995","4.2139999999999995","3.0021999999999993","0.201","","7"
"magic_triangles","3","10","auto","","10","10","4.2139999999999995","4.2139999999999995","4.2139999999999995","3.0021999999999993","0.149","","7"
"magic_triangles","3","11","auto","","10","10","4.32082418087522","4.32082418087522","4.32082418087522","3.0752892142331043","0.358","","9"
"magic_triangles","3","12","auto","","10","10","4.5310749561002055","4.5310749561002055","4.5310749561002055","3.219914742795594","0.372","","10"
"magic_triangles","3","13","auto","","10","10","4.5310749561002055","4.5310749561002055","4.5310749561002055","3.219914742795594","0.433","","10"
"magic_triangles","3","14","auto","","10","10","4.5310749561002055","4.5310749561002055","4.5310749561002055","3.219914742795594","0.477","","10"
"magic_triangles","3","15","auto","","10","10","4.5310749561002055","4.5310749561002055","4.5310749561002055","3.219914742795594","0.37","","10"
"magic_triangles","3","16","auto","","10","10","4.8286917501586535","4.8286917501586535","4.8286917501586535","3.4247443751081734","0.879","","11"
"magic_triangles","3","17","auto","","10","10","4.8286917501586535","4.8286917501586535","4.8286917501586535","3.4247443751081734","0.884","","11"
"magic_triangles","3","18","auto","","10","10","4.823618082852673","4.823618082852673","4.823618082852673","3.4209032383086404","2.792","","13"
"magic_triangles","3","19","auto","","10","10","4.823618082852673","4.823618082852673","4.823618082852673","3.4209032383086404","2.644","","13"
"magic_triangles","3","20","auto","","10","10","4.823618082852673","4.823618082852673","4.823618082852673","3.4209032383086404","1.543","","13"
"magic_triangles","4","1","auto","","10","10","3.8758346073015115","3.8758346073015115","3.8758346073015115","2.7698872322510306","0.22","","5"
"magic_triangles","4","2","auto","","10","10","4.027618082852673","4.027618082852673","4.027618082852673","2.8741032383086402","0.18","","6"
"magic_triangles","4","3","auto","","10","10","4.027618082852673","4.027618082852673","4.027618082852673","2.8741032383086402","0.192","","6"
"magic_triangles","4","4","auto","","10","10","4.027618082852673","4.027618082852673","4.027618082852673","2.8741032383086402","0.166","","6"
"magic_triangles","4","5","auto","","10","10","4.027618082852673","4.027618082852673","4.027618082852673","2.8741032383086402","0.163","","6"
"magic_triangles","4","6","auto","","10","10","4.15881207174588","4.15881207174588","4.15881207174588","2.963917321644918","0.32","","8"
"magic_triangles","4","7","auto","","10","10","4.32082418087522","4.32082418087522","4.32082418087522","3.0752892142331043","0.361","","9"
"magic_triangles","4","8","auto","","10","10","4.32082418087522","4.32082418087522","4.32082418087522","3.0752892142331043","0.38","","9"
"magic_triangles","4","9","auto","","10","10","4.32082418087522","4.32082418087522","4.32082418087522","3.0752892142331043","0.424","","9"
"magic_triangles","4","10","auto","","10","10","4.5310749561002055","4.5310749561002055","4.5310749561002055","3.219914742795594","0.335","","10"
"magic_triangles","4","11","auto","","10","10","4.5310749561002055","4.5310749561002055","4.5310749561002055","3.219914742795594","0.313","","10"
"magic_triangles","4","12","auto","","10","10","4.5310749561002055","4.5310749561002055","4.5310749561002055","3.219914742795594","0.351","","10"
"magic_triangles","4","13","auto","","10","10","4.823618082852673","4.823618082852673","4.823618082852673","3.4209032383086404","1.557","","13"
"magic_triangles","4","14","auto","","10","10","4.823618082852673","4.823618082852673","4.823618082852673","3.4209032383086404","1.184","","13"
"magic_triangles","4","15","auto","","10","10","4.823618082852673","4.823618082852673","4.823618082852673","3.4209032383086404","1.172","","13"
"magic_triangles","4","16","auto","","10","10","4.823618082852673","4.823618082852673","4.823618082852673","3.4209032383086404","1.45","","13"
"magic_triangles","4","17","auto","","10","10","4.823618082852673","4.823618082852673","4.823618082852673","3.4209032383086404","1.888","","13"
"magic_triangles","4","18","auto","","10","10","4.823618082852673","4.823618082852673","4.823618082852673","3.4209032383086404","1.266","","13"
"magic_triangles","4","19","auto","","10","10","4.823618082852673","4.823618082852673","4.823618082852673","3.4209032383086404","1.917","","13"
"magic_triangles","4","20","auto","","10","10","4.823618082852673","4.823618082852673","4.823618082852673","3.4209032383086404","1.213","","13"
"magic_triangles","5","1","auto","","10","10","4.15881207174588","4.15881207174588","4.15881207174588","2.963917321644918","0.288","","8"
"magic_triangles","5","2","auto","","10","10","4.15881207174588","4.15881207174588","4.15881207174588","2.963917321644918","0.286","","8"
"magic_triangles","5","3","auto","","10","10","4.15881207174588","4.15881207174588","4.15881207174588","2.963917321644918","0.39","","8"
"magic_triangles","5","4","auto","","10","10","4.32082418087522","4.32082418087522","4.32082418087522","3.0752892142331043","0.384","","9"
"magic_triangles","5","5","auto","","10","10","4.32082418087522","4.32082418087522","4.32082418087522","3.0752892142331043","0.303","","9"
"magic_triangles","5","6","auto","","10","10","4.32082418087522","4.32082418087522","4.32082418087522","3.0752892142331043","0.329","","9"
"magic_triangles","5","7","auto","","10","10","4.5310749561002055","4.5310749561002055","4.5310749561002055","3.219914742795594","0.362","","10"
"magic_triangles","5","8","auto","","10","10","4.58409673799104","4.58409673799104","4.58409673799104","3.2560659577211633","3.226","","12"
"magic_triangles","5","9","auto","","10","10","4.58409673799104","4.58409673799104","4.58409673799104","3.2560659577211633","1.135","","12"
"magic_triangles","5","10","auto","","10","10","4.823618082852673","4.823618082852673","4.823618082852673","3.4209032383086404","1.191","","13"
"magic_triangles","5","11","auto","","10","10","4.823618082852673","4.823618082852673","4.823618082852673","3.4209032383086404","1.191","","13"
"magic_triangles","5","12","auto","","10","10","4.823618082852673","4.823618082852673","4.823618082852673","3.4209032383086404","1.275","","13"
"magic_triangles","5","13","auto","","10","10","4.823618082852673","4.823618082852673","4.823618082852673","3.4209032383086404","1.104","","13"
"magic_triangles","5","14","auto","","10","10","4.823618082852673","4.823618082852673","4.823618082852673","3.4209032383086404","1.145","","13"
"magic_triangles","5","15","auto","","10","10","4.823618082852673","4.823618082852673","4.823618082852673","3.4209032383086404","1.222","","13"
"magic_triangles","5","16","auto","","10","10","4.823618082852673","4.823618082852673","4.823618082852673","3.4209032383086404","1.289","","13"
"magic_triangles","5","17","auto","","10","10","4.823618082852673","4.823618082852673","4.823618082852673","3.4209032383086404","1.302","","13"
"magic_triangles","5","18","auto","","10","10","4.823618082852673","4.823618082852673","4.823618082852673","3.4209032383086404","1.768","","13"
"magic_triangles","5","19","auto","","10","10","4.823618082852673","4.823618082852673","4.823618082852673","3.4209032383086404","1.783","","13"
"magic_triangles","5","20","auto","","10","10","4.823618082852673","4.823618082852673","4.823618082852673","3.4209032383086404","2.458","","13"
"magic_triangles","6","1","auto","","10","10","4.32082418087522","4.32082418087522","4.32082418087522","3.0752892142331043","0.513","","9"
"magic_triangles","6","2","auto","","10","10","4.32082418087522","4.32082418087522","4.32082418087522","3.0752892142331043","0.369","","9"
"magic_triangles","6","3","auto","","10","10","4.40440603587294","4.40440603587294","4.40440603587294","3.132458660822459","2.601","","11"
"magic_triangles","6","4","auto","","10","10","4.40440603587294","4.40440603587294","4.40440603587294","3.132458660822459","1.534","","11"
"magic_triangles","6","5","auto","","10","10","4.58409673799104","4.58409673799104","4.58409673799104","3.2560659577211633","3.918","","12"
"magic_triangles","6","6","auto","","10","10","4.58409673799104","4.58409673799104","4.58409673799104","3.2560659577211633","3.424","","12"
"magic_triangles","6","7","auto","","10","10","4.823618082852673","4.823618082852673","4.823618082852673","3.4209032383086404","3.505","","13"
"magic_triangles","6","8","auto","","10","10","4.823618082852673","4.823618082852673","4.823618082852673","3.4209032383086404","3.077","","13"
"magic_triangles","6","9","auto","","10","10","4.823618082852673","4.823618082852673","4.823618082852673","3.4209032383086404","4.127","","13"
"magic_triangles","6","10","auto","","10","10","4.823618082852673","4.823618082852673","4.823618082852673","3.4209032383086404","2.624","","13"
"magic_triangles","6","11","auto","","10","10","4.823618082852673","4.823618082852673","4.823618082852673","3.4209032383086404","2.441","","13"
"magic_triangles","6","12","auto","","10","10","4.823618082852673","4.823618082852673","4.823618082852673","3.4209032383086404","2.254","","13"
"magic_triangles","6","13","auto","","10","10","4.823618082852673","4.823618082852673","4.823618082852673","3.4209032383086404","3.003","","13"
"magic_triangles","6","14","auto","","10","10","4.823618082852673","4.823618082852673","4.823618082852673","3.4209032383086404","2.649","","13"
"magic_triangles","6","15","auto","","10","10","4.823618082852673","4.823618082852673","4.823618082852673","3.4209032383086404","2.999","","13"
"magic_triangles","6","16","auto","","10","10","4.823618082852673","4.823618082852673","4.823618082852673","3.4209032383086404","2.32","","13"
"magic_triangles","6","17","auto","","10","10","4.823618082852673","4.823618082852673","4.823618082852673","3.4209032383086404","3.517","","13"
"magic_triangles","6","18","auto","","10","10","4.823618082852673","4.823618082852673","4.823618082852673","3.4209032383086404","1.622","","13"
"magic_triangles","6","19","auto","","10","10","4.823618082852673","4.823618082852673","4.823618082852673","3.4209032383086404","1.318","","13"
"magic_triangles","6","20","auto","","10","10","4.823618082852673","4.823618082852673","4.823618082852673","3.4209032383086404","2.077","","13"
"asteroid_math","1","1","auto","","10","10","2.564691750158654","2.7046917501586547","2.9006917501586544","1.9657443751081733","0.125","",""
"asteroid_math","1","2","auto","","10","10","2.7046917501586547","2.8026917501586546","2.928691750158654","2.0147443751081737","0.157","",""
"asteroid_math","1","3","auto","","10","10","2.6159514161860065","2.8609514161860066","2.9192847495193393","2.0527699049753076","0.153","",""
"asteroid_math","1","4","auto","","10","10","2.9426180828526727","3.0009514161860062","3.117618082852673","2.122769904975307","0.134","",""
"asteroid_math","1","5","auto","","10","10","2.8400000000000003","3.0100000000000002","3.07","2.135","0.119","",""
"asteroid_math","1","6","auto","","10","10","2.96","3.02","3.07","2.1399999999999997","0.111","",""
"asteroid_math","1","7","auto","","10","10","2.943633500317309","3.0223835003173085","3.109883500317309","2.1479887502163466","0.131","",""
"asteroid_math","1","8","auto","","10","10","3.0748835003173087","3.1711335003173087","3.2498835003173085","2.222363750216347","0.138","",""
"asteroid_math","1","9","auto","","10","10","3.0752686253196644","3.098601958652998","3.3008241808752197","2.1921781031219933","0.165","",""
"asteroid_math","1","10","auto","","10","10","3.1763797364307753","3.1919352919863306","3.2697130697641086","2.2388447697886598","0.169","",""
"asteroid_math","1","11","auto","","10","10","3.1420749561002053","3.2890749561002055","3.366074956100205","2.2929147427955945","0.148","",""
"asteroid_math","1","12","auto","","10","10","3.0930749561002058","3.226074956100206","3.3100749561002054","2.261414742795595","0.152","",""
"asteroid_math","1","13","auto","","10","10","3.2186917501586545","3.333237204704109","3.409600841067745","2.3200171023809006","0.164","",""
"asteroid_math","1","14","auto","","10","10","3.1423281137950174","3.2632372047041085","3.282328113795018","2.2850171023809005","0.21","",""
"asteroid_math","1","15","auto","","10","10","3.1915967379910404","3.3082634046577066","3.3490967379910406","2.3121492910544967","0.172","",""
"asteroid_math","1","16","auto","","10","10","3.1799300713243737","3.325763404657707","3.378263404657707","2.320899291054497","0.207","",""
"asteroid_math","1","17","auto","","10","10","3.289156544391134","3.3214642366988265","3.3806950059295957","2.3230263152317177","0.479","",""
"asteroid_math","1","18","auto","","10","10","3.2945411597757497","3.3860796213142113","3.3968488520834415","2.35533400753941","0.243","",""
"asteroid_math","1","19","auto","","10","10","3.279515931033874","3.3945159310338737","3.469515931033874","2.3635335893412774","0.296","",""
"asteroid_math","1","20","auto","","10","10","3.259515931033874","3.329515931033874","3.439515931033874","2.3310335893412777","0.317","",""
"asteroid_math","2","1","auto","","10","10","2.8142847495193397","2.9309514161860064","3.0709514161860065","2.0877699049753073","0.155","",""
"asteroid_math","2","2","auto","","10","10","2.872618082852673","2.965951416186006","3.0009514161860062","2.105269904975307","0.104","",""
"asteroid_math","2","3","auto","","10","10","2.9","3.07","3.08","2.165","0.132","",""
"asteroid_math","2","4","auto","","10","10","2.9","3.0100000000000002","3.1","2.135","0.131","",""
"asteroid_math","2","5","auto","","10","10","2.9523835003173087","3.0398835003173086","3.0836335003173088","2.1567387502163466","0.136","",""
"asteroid_math","2","6","auto","","10","10","2.9523835003173087","3.0048835003173084","3.101133500317309","2.1392387502163466","0.107","",""
"asteroid_math","2","7","auto","","10","10","2.9819352919863307","3.098601958652998","3.168601958652997","2.1921781031219933","0.151","",""
"asteroid_math","2","8","auto","","10","10","3.153046403097442","3.254157514208553","3.3474908475418865","2.269955880899771","0.169","",""
"asteroid_math","2","9","auto","","10","10","3.0930749561002053","3.219074956100205","3.338074956100206","2.2579147427955943","0.166","",""
"asteroid_math","2","10","auto","","10","10","3.163074956100205","3.2610749561002055","3.2890749561002055","2.2789147427955947","0.191","",""
"asteroid_math","2","11","auto","","10","10","3.256873568340472","3.3077826592495634","3.4096008410677454","2.307289829653628","0.161","",""
"asteroid_math","2","12","auto","","10","10","3.199600841067745","3.3014190228859275","3.4159644774313818","2.30410801147181","0.248","",""
"asteroid_math","2","13","auto","","10","10","3.273263404657707","3.34909673799104","3.378263404657707","2.3325659577211635","0.186","",""
"asteroid_math","2","14","auto","","10","10","3.203263404657707","3.3082634046577066","3.325763404657707","2.3121492910544967","0.165","",""
"asteroid_math","2","15","auto","","10","10","3.2353103905449805","3.2945411597757497","3.3483873136219033","2.309564776770179","0.219","",""
"asteroid_math","2","16","auto","","10","10","3.246079621314211","3.37531039054498","3.4345411597757494","2.3499493921547945","0.234","",""
"asteroid_math","2","17","auto","","10","10","3.2795159310338744","3.404515931033874","3.419515931033874","2.368533589341278","0.192","",""
"asteroid_math","2","18","auto","","10","10","3.219515931033874","3.304515931033874","3.3995159310338745","2.3185335893412775","0.191","",""
"asteroid_math","2","19","auto","","10","10","3.333333333333333","3.3986666666666667","3.4546666666666668","2.3693333333333335","0.499","",""
"asteroid_math","2","20","auto","","10","10","3.3426666666666667","3.3939999999999997","3.4453333333333327","2.367","0.235","",""
"asteroid_math","3","1","auto","","10","10","2.93","3.1599999999999997","3.23","2.21","0.109","",""
"asteroid_math","3","2","auto","","10","10","3.0100000000000002","3.1700000000000004","3.39","2.215","0.119","",""
"asteroid_math","3","3","auto","","10","10","3.136133500317309","3.179883500317309","3.2323835003173085","2.226738750216347","0.133","",""
"asteroid_math","3","4","auto","","10","10","3.0398835003173086","3.153633500317309","3.372383500317309","2.213613750216347","0.17","",""
"asteroid_math","3","5","auto","","10","10","3.0597130697641086","3.1374908475418866","3.1919352919863306","2.2116225475664377","0.139","",""
"asteroid_math","3","6","auto","","10","10","3.0986019586529974","3.254157514208553","3.339713069764109","2.269955880899771","0.145","",""
"asteroid_math","3","7","auto","","10","10","3.1070749561002056","3.1770749561002054","3.317074956100205","2.2369147427955944","0.171","",""
"asteroid_math","3","8","auto","","10","10","3.1210749561002054","3.2050749561002054","3.3100749561002054","2.2509147427955947","0.159","",""
"asteroid_math","3","9","auto","","10","10","3.1423281137950174","3.250509931976836","3.320509931976836","2.278653466017264","0.188","",""
"asteroid_math","3","10","auto","","10","10","3.1741462956131996","3.2759644774313816","3.3777826592495632","2.291380738744537","0.219","",""
"asteroid_math","3","11","auto","","10","10","3.185763404657707","3.249930071324374","3.2849300713243736","2.282982624387831","0.189","",""
"asteroid_math","3","12","auto","","10","10","3.203263404657707","3.34909673799104","3.4190967379910404","2.3325659577211635","0.427","",""
"asteroid_math","3","13","auto","","10","10","3.3376180828526723","3.391464236698827","3.456079621314211","2.358026315231718","0.176","",""
"asteroid_math","3","14","auto","","10","10","3.2676180828526724","3.353771929006519","3.3699257751603646","2.3391801613855634","0.219","",""
"asteroid_math","3","15","auto","","10","10","3.299515931033874","3.3545159310338737","3.424515931033874","2.343533589341278","0.245","",""
"asteroid_math","3","16","auto","","10","10","3.2695159310338737","3.334515931033874","3.404515931033874","2.333533589341278","0.284","",""
"asteroid_math","3","17","auto","","10","10","3.2866666666666666","3.356666666666666","3.4266666666666663","2.348333333333333","0.351","",""
"asteroid_math","3","18","auto","","10","10","3.3239999999999994","3.38","3.403333333333333","2.36","0.232","",""
"asteroid_math","3","19","auto","","10","10","3.263333333333333","3.3846666666666665","3.445333333333333","2.3623333333333334","0.209","",""
"asteroid_math","3","20","auto","","10","10","3.263333333333333","3.408","3.534","2.374","0.254","",""
"asteroid_math","4","1","auto","","10","10","3.0748835003173087","3.2411335003173085","3.337383500317309","2.2573637502163466","0.217","",""
"asteroid_math","4","2","auto","","10","10","3.153633500317309","3.2061335003173084","3.2848835003173087","2.2398637502163465","0.196","",""
"asteroid_math","4","3","auto","","10","10","3.0597130697641086","3.324157514208553","3.363046403097442","2.304955880899771","0.146","",""
"asteroid_math","4","4","auto","","10","10","3.1997130697641087","3.316379736430775","3.4097130697641087","2.301066992010882","0.157","",""
"asteroid_math","4","5","auto","","10","10","3.2260749561002053","3.3310749561002053","3.3730749561002056","2.3139147427955944","0.155","",""
"asteroid_math","4","6","auto","","10","10","3.1980749561002053","3.296074956100205","3.4080749561002053","2.2964147427955943","0.146","",""
"asteroid_math","4","7","auto","","10","10","3.301419022885927","3.333237204704109","3.4223281137950177","2.3200171023809006","0.16","",""
"asteroid_math","4","8","auto","","10","10","3.282328113795018","3.3841462956131996","3.4223281137950177","2.345471647835446","0.185","",""
"asteroid_math","4","9","auto","","10","10","3.2965967379910404","3.3724300713243736","3.430763404657707","2.34423262438783","0.223","",""
"asteroid_math","4","10","auto","","10","10","3.3024300713243737","3.4015967379910403","3.5299300713243733","2.3588159577211636","0.213","",""
"asteroid_math","4","11","auto","","10","10","3.326848852083442","3.456079621314211","3.5583873136219033","2.3903340075394097","0.171","",""
"asteroid_math","4","12","auto","","10","10","3.2514642366988262","3.3914642366988264","3.456079621314211","2.3580263152317174","0.202","",""
"asteroid_math","4","13","auto","","10","10","3.419515931033874","3.499515931033874","3.5595159310338738","2.4160335893412777","0.174","",""
"asteroid_math","4","14","auto","","10","10","3.3945159310338737","3.429515931033874","3.509515931033874","2.3810335893412775","0.207","",""
"asteroid_math","4","15","auto","","10","10","3.403333333333333","3.510666666666667","3.571333333333333","2.4253333333333336","0.207","",""
"asteroid_math","4","16","auto","","10","10","3.3986666666666663","3.473333333333333","3.5386666666666664","2.4066666666666667","0.244","",""
"asteroid_math","4","17","auto","","10","10","3.4499999999999997","3.515333333333333","3.5853333333333337","2.4276666666666666","0.206","",""
"asteroid_math","4","18","auto","","10","10","3.408","3.506","3.576","2.423","0.203","",""
"asteroid_math","4","19","auto","","10","10","3.459333333333333","3.52","3.6086666666666667","2.43","0.203","",""
"asteroid_math","4","20","auto","","10","10","3.4499999999999997","3.5853333333333333","3.622666666666666","2.462666666666667","0.268","",""
"asteroid_math","5","1","auto","","10","10","3.215268625319664","3.324157514208553","3.4174908475418864","2.304955880899771","0.162","",""
"asteroid_math","5","2","auto","","10","10","3.2697130697641086","3.3086019586529973","3.3863797364307753","2.2971781031219933","0.168","",""
"asteroid_math","5","3","auto","","10","10","3.3170749561002055","3.4850749561002052","3.555074956100205","2.3909147427955943","0.179","",""
"asteroid_math","5","4","auto","","10","10","3.3030749561002053","3.492074956100205","3.590074956100205","2.394414742795594","0.166","",""
"asteroid_math","5","5","auto","","10","10","3.3841462956131996","3.447782659249563","3.4986917501586543","2.377289829653628","0.184","",""
"asteroid_math","5","6","auto","","10","10","3.3459644774313815","3.4986917501586543","3.581419022885927","2.402744375108173","0.225","",""
"asteroid_math","5","7","auto","","10","10","3.395763404657707","3.442430071324374","3.5415967379910405","2.3792326243878303","0.194","",""
"asteroid_math","5","8","auto","","10","10","3.4249300713243738","3.518263404657707","3.570763404657707","2.417149291054497","0.189","",""
"asteroid_math","5","9","auto","","10","10","3.4453103905449805","3.5045411597757496","3.5799257751603646","2.414564776770179","0.182","",""
"asteroid_math","5","10","auto","","10","10","3.450695005929596","3.5045411597757496","3.612233467468057","2.414564776770179","0.176","",""
"asteroid_math","5","11","auto","","10","10","3.394515931033874","3.574515931033874","3.594515931033874","2.4535335893412777","0.214","",""
"asteroid_math","5","12","auto","","10","10","3.3945159310338737","3.529515931033874","3.554515931033874","2.431033589341278","0.288","",""
"asteroid_math","5","13","auto","","10","10","3.4919999999999995","3.59","3.6599999999999997","2.465","0.364","",""
"asteroid_math","5","14","auto","","10","10","3.524666666666666","3.576","3.688","2.458","0.305","",""
"asteroid_math","5","15","auto","","10","10","3.515333333333333","3.6086666666666662","3.702","2.474333333333333","0.362","",""
"asteroid_math","5","16","auto","","10","10","3.464","3.5853333333333333","3.613333333333333","2.462666666666667","0.252","",""
"asteroid_math","5","17","auto","","10","10","3.4313333333333333","3.5853333333333333","3.6459999999999995","2.462666666666667","0.252","",""
"asteroid_math","5","18","auto","","10","10","3.4779999999999998","3.576","3.6973333333333334","2.458","0.216","",""
"asteroid_math","5","19","auto","","10","10","3.4779999999999998","3.534","3.5946666666666665","2.437","0.213","",""
"asteroid_math","5","20","auto","","10","10","3.5479999999999996","3.6413333333333333","3.7066666666666666","2.490666666666667","0.212","",""
"asteroid_math","6","1","auto","","10","10","3.4010749561002056","3.4710749561002054","3.5200749561002054","2.3839147427955947","0.168","",""
"asteroid_math","6","2","auto","","10","10","3.4010749561002056","3.4990749561002055","3.6180749561002052","2.397914742795595","0.184","",""
"asteroid_math","6","3","auto","","10","10","3.301419022885927","3.5050553865222907","3.530509931976836","2.4059261932899916","0.198","",""
"asteroid_math","6","4","auto","","10","10","3.4796008410677453","3.5559644774313814","3.568691750158654","2.431380738744537","0.163","",""
"asteroid_math","6","5","auto","","10","10","3.395763404657707","3.5357634046577067","3.5824300713243735","2.425899291054497","0.172","",""
"asteroid_math","6","6","auto","","10","10","3.43659673799104","3.5824300713243735","3.6640967379910405","2.4492326243878306","0.192","",""
"asteroid_math","6","7","auto","","10","10","3.488387313621903","3.5960796213142108","3.6176180828526725","2.4603340075394096","0.213","",""
"asteroid_math","6","8","auto","","10","10","3.439925775160365","3.4937719290065186","3.58531039054498","2.4091801613855637","0.166","",""
"asteroid_math","6","9","auto","","10","10","3.5345159310338734","3.594515931033874","3.6945159310338735","2.463533589341278","0.199","",""
"asteroid_math","6","10","auto","","10","10","3.459515931033874","3.589515931033874","3.714515931033874","2.4610335893412776","0.226","",""
"asteroid_math","6","11","auto","","10","10","3.4966666666666666","3.6039999999999996","3.6973333333333325","2.472","0.23","",""
"asteroid_math","6","12","auto","","10","10","3.5853333333333333","3.669333333333333","3.7066666666666666","2.5046666666666666","0.193","",""
"asteroid_math","6","13","auto","","10","10","3.506","3.571333333333333","3.6599999999999997","2.4556666666666667","0.344","",""
"asteroid_math","6","14","auto","","10","10","3.52","3.5899999999999994","3.683333333333333","2.465","0.296","",""
"asteroid_math","6","15","auto","","10","10","3.529333333333333","3.627333333333333","3.6786666666666665","2.4836666666666667","0.305","",""
"asteroid_math","6","16","auto","","10","10","3.52","3.5946666666666665","3.6646666666666663","2.4673333333333334","0.317","",""
"asteroid_math","6","17","auto","","10","10","3.562","3.6879999999999993","3.7066666666666666","2.514","0.361","",""
"asteroid_math","6","18","auto","","10","10","3.6039999999999996","3.618","3.711333333333333","2.479","0.297","",""
"asteroid_math","6","19","auto","","10","10","3.524666666666666","3.622666666666666","3.8046666666666664","2.481333333333333","0.362","",""
"asteroid_math","6","20","auto","","10","10","3.529333333333333","3.59","3.725333333333333","2.465","0.242","",""
"puzzle_math","1","1","auto","","10","10","4.915824180875219","5.07332418087522","5.16082418087522","3.6613725475664376","0.144","",""
"puzzle_math","1","2","auto","","10","10","4.915824180875219","5.160824180875219","5.335824180875219","3.7051225475664373","0.153","",""
"puzzle_math","1","3","auto","","10","10","4.95082418087522","5.283324180875219","5.335824180875219","3.7663725475664376","0.14","",""
"puzzle_math","1","4","auto","","10","10","4.95082418087522","5.16082418087522","5.3708241808752195","3.7051225475664378","0.129","",""
"puzzle_math","1","5","auto","","10","10","5.14332418087522","5.16082418087522","5.248324180875219","3.7051225475664378","0.1","",""
"puzzle_math","1","6","auto","","10","10","5.02082418087522","5.230824180875219","5.44082418087522","3.7401225475664375","0.092","",""
"puzzle_math","1","7","auto","","10","10","5.02082418087522","5.14332418087522","5.265824180875219","3.6963725475664377","0.113","",""
"puzzle_math","1","8","auto","","10","10","5.248324180875219","5.353324180875219","5.52832418087522","3.8013725475664377","0.09","",""
"puzzle_math","1","9","auto","","10","10","5.14332418087522","5.265824180875219","5.44082418087522","3.7576225475664375","0.086","",""
"puzzle_math","1","10","auto","","10","10","5.213324180875219","5.353324180875219","5.42332418087522","3.8013725475664377","0.091","",""
"puzzle_math","1","11","auto","","10","10","5.14332418087522","5.44082418087522","5.720824180875219","3.845122547566438","0.1","",""
"puzzle_math","1","12","auto","","10","10","5.318324180875219","5.44082418087522","5.633324180875219","3.845122547566438","0.097","",""
"puzzle_math","1","13","auto","","10","10","5.178324180875219","5.3708241808752195","5.54582418087522","3.8101225475664378","0.099","",""
"puzzle_math","1","14","auto","","10","10","5.335824180875219","5.52832418087522","5.633324180875219","3.8888725475664376","0.112","",""
"puzzle_math","1","15","auto","","10","10","5.160824180875219","5.353324180875219","5.44082418087522","3.8013725475664377","0.111","",""
"puzzle_math","1","16","auto","","10","10","5.265824180875219","5.51082418087522","5.633324180875219","3.8801225475664376","0.096","",""
"puzzle_math","1","17","auto","","10","10","5.353324180875219","5.44082418087522","5.58082418087522","3.845122547566438","0.09","",""
"puzzle_math","1","18","auto","","10","10","5.353324180875219","5.52832418087522","5.633324180875219","3.8888725475664376","0.107","",""
"puzzle_math","1","19","auto","","10","10","5.160824180875219","5.353324180875219","5.615824180875219","3.8013725475664377","0.121","",""
"puzzle_math","1","20","auto","","10","10","5.230824180875219","5.42332418087522","5.615824180875219","3.8363725475664374","0.093","",""
"puzzle_math","2","1","auto","","10","10","5.317618082852672","5.4926180828526725","5.504284749519339","3.91310323830864","0.111","",""
"puzzle_math","2","2","auto","","10","10","5.387618082852672","5.504284749519339","5.597618082852673","3.9189365716419733","0.156","",""
"puzzle_math","2","3","auto","","10","10","5.364284749519339","5.445951416186006","5.4926180828526725","3.8897699049753065","0.153","",""
"puzzle_math","2","4","auto","","10","10","5.375951416186005","5.399284749519339","5.457618082852672","3.866436571641974","0.147","",""
"puzzle_math","2","5","auto","","10","10","5.387618082852672","5.4926180828526725","5.515951416186006","3.91310323830864","0.14","",""
"puzzle_math","2","6","auto","","10","10","5.364284749519339","5.515951416186006","5.562618082852673","3.9247699049753066","0.115","",""
"puzzle_math","2","7","auto","","10","10","5.387618082852672","5.457618082852672","5.64428474951934","3.89560323830864","0.12","",""
"puzzle_math","2","8","auto","","10","10","5.445951416186006","5.690951416186005","5.807618082852672","4.012269904975307","0.161","",""
"puzzle_math","2","9","auto","","10","10","5.4926180828526725","5.620951416186006","5.760951416186005","3.977269904975307","0.122","",""
"puzzle_math","2","10","auto","","10","10","5.4926180828526725","5.620951416186006","5.702618082852672","3.977269904975307","0.123","",""
"puzzle_math","2","11","auto","","10","10","5.60928474951934","5.655951416186005","5.760951416186005","3.994769904975307","0.142","",""
"puzzle_math","2","12","auto","","10","10","5.60928474951934","5.64428474951934","5.749284749519338","3.9889365716419736","0.134","",""
"puzzle_math","2","13","auto","","10","10","5.515951416186006","5.620951416186006","5.819284749519339","3.977269904975307","0.137","",""
"puzzle_math","2","14","auto","","10","10","5.527618082852673","5.632618082852673","5.690951416186005","3.98310323830864","0.126","",""
"puzzle_math","2","15","auto","","10","10","5.469284749519339","5.690951416186005","5.760951416186005","4.012269904975307","0.112","",""
"puzzle_math","2","16","auto","","10","10","5.504284749519339","5.597618082852673","5.67928474951934","3.96560323830864","0.12","",""
"puzzle_math","2","17","auto","","10","10","5.539284749519339","5.64428474951934","5.714284749519338","3.9889365716419736","0.113","",""
"puzzle_math","2","18","auto","","10","10","5.4926180828526725","5.527618082852673","5.620951416186006","3.93060323830864","0.121","",""
"puzzle_math","2","19","auto","","10","10","5.515951416186006","5.632618082852673","5.772618082852672","3.98310323830864","0.112","",""
"puzzle_math","2","20","auto","","10","10","5.620951416186006","5.772618082852672","5.877618082852672","4.0531032383086405","0.116","",""
"puzzle_math","3","1","auto","","10","10","5.801379736430775","5.988046403097442","6.089157514208552","4.215400325344215","0.152","",""
"puzzle_math","3","2","auto","","10","10","5.848046403097442","5.964713069764108","6.003601958652997","4.203733658677548","0.133","",""
"puzzle_math","3","3","auto","","10","10","5.809157514208552","5.879157514208552","5.972490847541886","4.16095588089977","0.175","",""
"puzzle_math","3","4","auto","","10","10","5.848046403097442","5.980268625319663","6.003601958652997","4.211511436455327","0.217","",""
"puzzle_math","3","5","auto","","10","10","5.785824180875219","5.879157514208552","6.011379736430774","4.16095588089977","0.243","",""
"puzzle_math","3","6","auto","","10","10","5.785824180875219","5.925824180875219","6.058046403097441","4.184289214233104","0.196","",""
"puzzle_math","3","7","auto","","10","10","5.731379736430775","5.855824180875219","5.980268625319663","4.149289214233104","0.174","",""
"puzzle_math","3","8","auto","","10","10","5.762490847541885","5.925824180875219","6.073601958652997","4.184289214233104","0.199","",""
"puzzle_math","3","9","auto","","10","10","5.778046403097441","5.910268625319663","5.972490847541886","4.176511436455327","0.175","",""
"puzzle_math","3","10","auto","","10","10","5.801379736430775","5.88693529198633","5.964713069764108","4.16484476978866","0.205","",""
"puzzle_math","3","11","auto","","10","10","5.871379736430775","5.964713069764108","6.011379736430774","4.203733658677548","0.191","",""
"puzzle_math","3","12","auto","","10","10","5.88693529198633","5.964713069764108","6.089157514208552","4.203733658677548","0.214","",""
"puzzle_math","3","13","auto","","10","10","5.855824180875219","5.95693529198633","5.972490847541886","4.19984476978866","0.193","",""
"puzzle_math","3","14","auto","","10","10","5.809157514208552","5.88693529198633","5.918046403097442","4.16484476978866","0.156","",""
"puzzle_math","3","15","auto","","10","10","5.793601958652997","5.855824180875219","6.02693529198633","4.149289214233104","0.232","",""
"puzzle_math","3","16","auto","","10","10","5.731379736430775","5.918046403097442","5.95693529198633","4.180400325344215","0.163","",""
"puzzle_math","3","17","auto","","10","10","5.848046403097442","5.9336019586529964","5.980268625319663","4.188178103121993","0.169","",""
"puzzle_math","3","18","auto","","10","10","5.840268625319664","5.902490847541886","6.042490847541886","4.172622547566437","0.164","",""
"puzzle_math","3","19","auto","","10","10","5.840268625319664","5.941379736430775","6.089157514208553","4.192066992010882","0.188","",""
"puzzle_math","3","20","auto","","10","10","5.871379736430775","5.964713069764108","6.003601958652997","4.203733658677548","0.197","",""
"puzzle_math","4","1","auto","","10","10","6.183263404657706","6.241596737991039","6.323263404657706","4.391315957721163","0.203","",""
"puzzle_math","4","2","auto","","10","10","6.177430071324373","6.288263404657706","6.381596737991039","4.414649291054497","0.221","",""
"puzzle_math","4","3","auto","","10","10","6.130763404657706","6.2765967379910395","6.311596737991039","4.408815957721163","0.289","",""
"puzzle_math","4","4","auto","","10","10","6.17159673799104","6.235763404657706","6.299930071324373","4.388399291054497","0.231","",""
"puzzle_math","4","5","auto","","10","10","6.130763404657706","6.241596737991039","6.317430071324373","4.391315957721163","0.229","",""
"puzzle_math","4","6","auto","","10","10","6.165763404657707","6.224096737991039","6.352430071324372","4.382565957721163","0.178","",""
"puzzle_math","4","7","auto","","10","10","6.113263404657706","6.24159673799104","6.299930071324373","4.391315957721164","0.219","",""
"puzzle_math","4","8","auto","","10","10","6.17159673799104","6.253263404657706","6.352430071324372","4.397149291054497","0.171","",""
"puzzle_math","4","9","auto","","10","10","6.095763404657706","6.235763404657707","6.305763404657706","4.3883992910544976","0.179","",""
"puzzle_math","4","10","auto","","10","10","6.159930071324373","6.259096737991039","6.364096737991039","4.400065957721163","0.198","",""
"puzzle_math","4","11","auto","","10","10","6.165763404657707","6.264930071324373","6.404930071324372","4.40298262438783","0.225","",""
"puzzle_math","4","12","auto","","10","10","6.159930071324373","6.299930071324373","6.393263404657706","4.42048262438783","0.207","",""
"puzzle_math","4","13","auto","","10","10","6.264930071324373","6.317430071324373","6.387430071324373","4.42923262438783","0.252","",""
"puzzle_math","4","14","auto","","10","10","6.247430071324373","6.317430071324373","6.387430071324372","4.42923262438783","0.202","",""
"puzzle_math","4","15","auto","","10","10","6.218263404657706","6.3407634046577055","6.399096737991039","4.440899291054497","0.186","",""
"puzzle_math","4","16","auto","","10","10","6.183263404657707","6.241596737991039","6.369930071324373","4.391315957721163","0.205","",""
"puzzle_math","4","17","auto","","10","10","6.2940967379910395","6.334930071324372","6.434096737991039","4.43798262438783","0.206","",""
"puzzle_math","4","18","auto","","10","10","6.282430071324373","6.352430071324373","6.457430071324373","4.44673262438783","0.237","",""
"puzzle_math","4","19","auto","","10","10","6.241596737991039","6.399096737991039","6.445763404657706","4.470065957721164","0.172","",""
"puzzle_math","4","20","auto","","10","10","6.200763404657707","6.375763404657706","6.457430071324373","4.458399291054497","0.183","",""
"puzzle_math","5","1","auto","","10","10","6.34659673799104","6.4224300713243725","6.463263404657706","4.48173262438783","0.191","",""
"puzzle_math","5","2","auto","","10","10","6.1482634046577065","6.369930071324373","6.492430071324373","4.45548262438783","0.222","",""
"puzzle_math","5","3","auto","","10","10","6.194930071324373","6.299930071324373","6.445763404657706","4.42048262438783","0.189","",""
"puzzle_math","5","4","auto","","10","10","6.253263404657706","6.311596737991039","6.416596737991039","4.4263159577211635","0.18","",""
"puzzle_math","5","5","auto","","10","10","6.264930071324373","6.393263404657706","6.439930071324373","4.467149291054497","0.196","",""
"puzzle_math","5","6","auto","","10","10","6.2124300713243725","6.36409673799104","6.416596737991039","4.452565957721164","0.212","",""
"puzzle_math","5","7","auto","","10","10","6.323263404657706","6.393263404657706","6.434096737991039","4.467149291054497","0.208","",""
"puzzle_math","5","8","auto","","10","10","6.32909673799104","6.399096737991039","6.544930071324373","4.470065957721164","0.298","",""
"puzzle_math","5","9","auto","","10","10","6.235763404657706","6.34659673799104","6.404930071324372","4.443815957721164","0.19","",""
"puzzle_math","5","10","auto","","10","10","6.288263404657706","6.387430071324372","6.480763404657706","4.46423262438783","0.193","",""
"puzzle_math","5","11","auto","","10","10","6.334930071324373","6.480763404657706","6.509930071324373","4.510899291054497","0.199","",""
"puzzle_math","5","12","auto","","10","10","6.317430071324373","6.4224300713243725","6.486596737991039","4.48173262438783","0.208","",""
"puzzle_math","5","13","auto","","10","10","6.3407634046577055","6.434096737991039","6.480763404657706","4.487565957721164","0.233","",""
"puzzle_math","5","14","auto","","10","10","6.34659673799104","6.451596737991039","6.527430071324373","4.496315957721164","0.187","",""
"puzzle_math","5","15","auto","","10","10","6.36409673799104","6.463263404657706","6.574096737991039","4.502149291054497","0.213","",""
"puzzle_math","5","16","auto","","10","10","6.317430071324373","6.416596737991039","6.53909673799104","4.478815957721164","0.229","",""
"puzzle_math","5","17","auto","","10","10","6.317430071324373","6.369930071324373","6.428263404657706","4.45548262438783","0.251","",""
"puzzle_math","5","18","auto","","10","10","6.2765967379910395","6.410763404657706","6.439930071324373","4.475899291054497","0.18","",""
"puzzle_math","5","19","auto","","10","10","6.369930071324372","6.457430071324373","6.492430071324373","4.4992326243878304","0.19","",""
"puzzle_math","5","20","auto","","10","10","6.288263404657706","6.4224300713243725","6.492430071324373","4.48173262438783","0.193","",""
"puzzle_math","6","1","auto","","10","10","6.317430071324373","6.399096737991039","6.509930071324373","4.470065957721164","0.219","",""
"puzzle_math","6","2","auto","","10","10","6.259096737991039","6.387430071324372","6.469096737991039","4.46423262438783","0.215","",""
"puzzle_math","6","3","auto","","10","10","6.2940967379910395","6.463263404657706","6.53909673799104","4.502149291054497","0.245","",""
"puzzle_math","6","4","auto","","10","10","6.311596737991039","6.416596737991039","6.661596737991039","4.478815957721164","0.209","",""
"puzzle_math","6","5","auto","","10","10","6.317430071324373","6.404930071324373","6.55659673799104","4.47298262438783","0.19","",""
"puzzle_math","6","6","auto","","10","10","6.36409673799104","6.434096737991039","6.5040967379910395","4.487565957721164","0.178","",""
"puzzle_math","6","7","auto","","10","10","6.3407634046577055","6.375763404657706","6.492430071324373","4.458399291054497","0.194","",""
"puzzle_math","6","8","auto","","10","10","6.235763404657707","6.404930071324372","6.492430071324373","4.47298262438783","0.181","",""
"puzzle_math","6","9","auto","","10","10","6.323263404657706","6.416596737991039","6.562430071324372","4.478815957721164","0.178","",""
"puzzle_math","6","10","auto","","10","10","6.323263404657706","6.4224300713243725","6.515763404657706","4.48173262438783","0.244","",""
"puzzle_math","6","11","auto","","10","10","6.31159673799104","6.434096737991039","6.568263404657706","4.487565957721164","0.191","",""
"puzzle_math","6","12","auto","","10","10","6.2940967379910395","6.445763404657706","6.498263404657706","4.493399291054497","0.209","",""
"puzzle_math","6","13","auto","","10","10","6.2765967379910395","6.469096737991039","6.562430071324373","4.505065957721164","0.254","",""
"puzzle_math","6","14","auto","","10","10","6.3407634046577055","6.474930071324373","6.574096737991039","4.5079826243878305","0.283","",""
"puzzle_math","6","15","auto","","10","10","6.323263404657706","6.393263404657706","6.469096737991039","4.467149291054497","0.389","",""
"puzzle_math","6","16","auto","","10","10","6.2940967379910395","6.457430071324373","6.521596737991039","4.4992326243878304","0.264","",""
"puzzle_math","6","17","auto","","10","10","6.323263404657706","6.410763404657706","6.579930071324373","4.475899291054497","0.224","",""
"puzzle_math","6","18","auto","","10","10","6.381596737991039","6.469096737991039","6.533263404657706","4.505065957721164","0.22","",""
"puzzle_math","6","19","auto","","10","10","6.393263404657706","6.486596737991039","6.509930071324373","4.513815957721164","0.281","",""
"puzzle_math","6","20","auto","","10","10","6.34659673799104","6.469096737991039","6.5040967379910395","4.505065957721164","0.417","",""
"hyperdrive_gates","1","1","auto","","10","10","1.92","2.5100000000000002","2.8600000000000003","1.805","0.077","",""
"hyperdrive_gates","1","2","auto","","10","10","1.92","2.5100000000000002","2.8600000000000003","1.805","0.075","",""
"hyperdrive_gates","1","3","auto","","10","10","1.92","2.5100000000000002","2.5100000000000002","1.805","0.062","",""
"hyperdrive_gates","1","4","auto","","10","10","2.5100000000000002","2.5100000000000002","2.8600000000000003","1.805","0.059","",""
"hyperdrive_gates","1","5","auto","","10","10","1.92","2.5100000000000002","2.8600000000000003","1.805","0.046","",""
"hyperdrive_gates","1","6","auto","","10","10","1.92","2.5100000000000002","2.8600000000000003","1.805","0.054","",""
"hyperdrive_gates","1","7","auto","","10","10","2.5100000000000002","2.8600000000000003","2.8600000000000003","1.98","0.056","",""
"hyperdrive_gates","1","8","auto","","10","10","2.4400000000000004","2.5100000000000002","3.21","1.805","0.048","",""
"hyperdrive_gates","1","9","auto","","10","10","2.4400000000000004","2.8600000000000003","3.21","1.98","0.047","",""
"hyperdrive_gates","1","10","auto","","10","10","2.4400000000000004","2.8600000000000003","3.21","1.98","0.048","",""
"hyperdrive_gates","1","11","auto","","10","10","2.4400000000000004","3.21","3.21","2.155","0.059","",""
"hyperdrive_gates","1","12","auto","","10","10","2.4400000000000004","2.8600000000000003","3.21","1.98","0.058","",""
"hyperdrive_gates","1","13","auto","","10","10","2.4400000000000004","2.5100000000000002","2.8600000000000003","1.805","0.047","",""
"hyperdrive_gates","1","14","auto","","10","10","2.4400000000000004","2.5100000000000002","2.5100000000000002","1.805","0.044","",""
"hyperdrive_gates","1","15","auto","","10","10","2.4400000000000004","2.8600000000000003","3.21","1.98","0.058","",""
"hyperdrive_gates","1","16","auto","","10","10","2.4400000000000004","2.5100000000000002","3.21","1.805","0.056","",""
"hyperdrive_gates","1","17","auto","","10","10","2.4400000000000004","2.8600000000000003","2.8600000000000003","1.98","0.057","",""
"hyperdrive_gates","1","18","auto","","10","10","2.4400000000000004","2.8600000000000003","3.21","1.98","0.058","",""
"hyperdrive_gates","1","19","auto","","10","10","2.5100000000000002","2.8600000000000003","3.21","1.98","0.049","",""
"hyperdrive_gates","1","20","auto","","10","10","2.5100000000000002","2.8600000000000003","3.21","1.98","0.064","",""
"hyperdrive_gates","2","1","auto","","10","10","2.4400000000000004","2.4400000000000004","2.5100000000000002","1.77","0.055","",""
"hyperdrive_gates","2","2","auto","","10","10","2.4400000000000004","2.5100000000000002","2.8600000000000003","1.805","0.053","",""
"hyperdrive_gates","2","3","auto","","10","10","2.4400000000000004","2.5100000000000002","2.8600000000000003","1.805","0.054","",""
"hyperdrive_gates","2","4","auto","","10","10","2.5100000000000002","2.8600000000000003","2.8600000000000003","1.98","0.049","",""
"hyperdrive_gates","2","5","auto","","10","10","1.92","2.5100000000000002","2.8600000000000003","1.805","0.054","",""
"hyperdrive_gates","2","6","auto","","10","10","2.4400000000000004","2.5100000000000002","2.8600000000000003","1.805","0.059","",""
"hyperdrive_gates","2","7","auto","","10","10","2.5100000000000002","2.8600000000000003","2.8600000000000003","1.98","0.083","",""
"hyperdrive_gates","2","8","auto","","10","10","2.4400000000000004","2.5100000000000002","3.21","1.805","0.045","",""
"hyperdrive_gates","2","9","auto","","10","10","2.4400000000000004","2.72","3.21","1.91","0.042","",""
"hyperdrive_gates","2","10","auto","","10","10","2.4400000000000004","2.72","3.21","1.91","0.046","",""
"hyperdrive_gates","2","11","auto","","10","10","2.4400000000000004","2.8600000000000003","3.21","1.98","0.046","",""
"hyperdrive_gates","2","12","auto","","10","10","2.4400000000000004","2.5100000000000002","3.21","1.805","0.042","",""
"hyperdrive_gates","2","13","auto","","10","10","2.4400000000000004","2.5100000000000002","3.21","1.805","0.043","",""
"hyperdrive_gates","2","14","auto","","10","10","2.4400000000000004","2.5100000000000002","3.21","1.805","0.048","",""
"hyperdrive_gates","2","15","auto","","10","10","2.4400000000000004","2.72","2.8600000000000003","1.91","0.054","",""
"hyperdrive_gates","2","16","auto","","10","10","2.4400000000000004","3.21","3.21","2.155","0.054","",""
"hyperdrive_gates","2","17","auto","","10","10","2.4400000000000004","2.5100000000000002","3.21","1.805","0.049","",""
"hyperdrive_gates","2","18","auto","","10","10","2.5100000000000002","2.5100000000000002","2.8600000000000003","1.805","0.045","",""
"hyperdrive_gates","2","19","auto","","10","10","2.5100000000000002","2.72","3.21","1.91","0.037","",""
"hyperdrive_gates","2","20","auto","","10","10","2.4400000000000004","2.5100000000000002","3.21","1.805","0.041","",""
"hyperdrive_gates","3","1","auto","","10","10","2.4400000000000004","2.5100000000000002","3.21","1.805","0.046","",""
"hyperdrive_gates","3","2","auto","","10","10","2.4400000000000004","2.5100000000000002","3.21","1.805","0.045","",""
"hyperdrive_gates","3","3","auto","","10","10","2.4400000000000004","2.5100000000000002","2.8600000000000003","1.805","0.044","",""
"hyperdrive_gates","3","4","auto","","10","10","2.4400000000000004","2.5100000000000002","3.21","1.805","0.048","",""
"hyperdrive_gates","3","5","auto","","10","10","2.5100000000000002","2.8600000000000003","3.21","1.98","0.054","",""
"hyperdrive_gates","3","6","auto","","10","10","2.5100000000000002","2.8600000000000003","3.21","1.98","0.044","",""
"hyperdrive_gates","3","7","auto","","10","10","2.5100000000000002","2.8600000000000003","3.21","1.98","0.046","",""
"hyperdrive_gates","3","8","auto","","10","10","2.4400000000000004","2.5100000000000002","2.8600000000000003","1.805","0.049","",""
"hyperdrive_gates","3","9","auto","","10","10","2.5100000000000002","2.8600000000000003","3.21","1.98","0.044","",""
"hyperdrive_gates","3","10","auto","","10","10","2.4400000000000004","2.8600000000000003","3.21","1.98","0.048","",""
"hyperdrive_gates","3","11","auto","","10","10","2.4400000000000004","2.8600000000000003","2.8600000000000003","1.98","0.044","",""
"hyperdrive_gates","3","12","auto","","10","10","2.4400000000000004","2.8600000000000003","3.21","1.98","0.057","",""
"hyperdrive_gates","3","13","auto","","10","10","2.4400000000000004","2.8600000000000003","3.21","1.98","0.056","",""
"hyperdrive_gates","3","14","auto","","10","10","2.5100000000000002","2.8600000000000003","3.21","1.98","0.046","",""
"hyperdrive_gates","3","15","auto","","10","10","2.5100000000000002","2.8600000000000003","2.8600000000000003","1.98","0.045","",""
"hyperdrive_gates","3","16","auto","","10","10","2.4400000000000004","2.5100000000000002","2.8600000000000003","1.805","0.052","",""
"hyperdrive_gates","3","17","auto","","10","10","2.4400000000000004","2.8600000000000003","3.21","1.98","0.055","",""
"hyperdrive_gates","3","18","auto","","10","10","2.4400000000000004","2.5100000000000002","3.21","1.805","0.051","",""
"hyperdrive_gates","3","19","auto","","10","10","2.5100000000000002","2.8600000000000003","3.21","1.98","0.067","",""
"hyperdrive_gates","3","20","auto","","10","10","2.5100000000000002","2.72","3.21","1.91","0.062","",""
"hyperdrive_gates","4","1","auto","","10","10","2.4400000000000004","2.72","3.21","1.91","0.042","",""
"hyperdrive_gates","4","2","auto","","10","10","2.5100000000000002","2.93","3.21","2.015","0.048","",""
"hyperdrive_gates","4","3","auto","","10","10","2.4400000000000004","2.8600000000000003","3.21","1.98","0.049","",""
"hyperdrive_gates","4","4","auto","","10","10","2.5100000000000002","2.8600000000000003","3.21","1.98","0.049","",""
"hyperdrive_gates","4","5","auto","","10","10","2.5100000000000002","2.8600000000000003","3.21","1.98","0.045","",""
"hyperdrive_gates","4","6","auto","","10","10","2.4400000000000004","2.93","3.21","2.015","0.05","",""
"hyperdrive_gates","4","7","auto","","10","10","2.4400000000000004","2.8600000000000003","3.21","1.98","0.061","",""
"hyperdrive_gates","4","8","auto","","10","10","2.4400000000000004","2.8600000000000003","3.21","1.98","0.049","",""
"hyperdrive_gates","4","9","auto","","10","10","2.4400000000000004","2.5100000000000002","3.21","1.805","0.046","",""
"hyperdrive_gates","4","10","auto","","10","10","2.4400000000000004","2.5100000000000002","2.8600000000000003","1.805","0.044","",""
"hyperdrive_gates","4","11","auto","","10","10","2.5100000000000002","2.8600000000000003","3.21","1.98","0.051","",""
"hyperdrive_gates","4","12","auto","","10","10","2.4400000000000004","2.72","3.21","1.91","0.1","",""
"hyperdrive_gates","4","13","auto","","10","10","2.4400000000000004","2.93","2.93","2.015","0.059","",""
"hyperdrive_gates","4","14","auto","","10","10","2.5100000000000002","2.93","3.21","2.015","0.068","",""
"hyperdrive_gates","4","15","auto","","10","10","2.4400000000000004","3.21","3.21","2.155","0.054","",""
"hyperdrive_gates","4","16","auto","","10","10","2.5100000000000002","3.21","3.21","2.155","0.044","",""
"hyperdrive_gates","4","17","auto","","10","10","2.5100000000000002","2.8600000000000003","3.21","1.98","0.045","",""
"hyperdrive_gates","4","18","auto","","10","10","2.5100000000000002","3.21","3.21","2.155","0.044","",""
"hyperdrive_gates","4","19","auto","","10","10","2.4400000000000004","2.8600000000000003","3.21","1.98","0.059","",""
"hyperdrive_gates","4","20","auto","","10","10","2.4400000000000004","2.8600000000000003","3.35","1.98","0.054","",""
"hyperdrive_gates","5","1","auto","","10","10","2.4400000000000004","2.93","3.21","2.015","0.063","",""
"hyperdrive_gates","5","2","auto","","10","10","2.8600000000000003","3.0","3.21","2.05","0.045","",""
"hyperdrive_gates","5","3","auto","","10","10","2.5100000000000002","2.8600000000000003","3.0","1.98","0.053","",""
"hyperdrive_gates","5","4","auto","","10","10","2.5100000000000002","2.93","3.21","2.015","0.054","",""
"hyperdrive_gates","5","5","auto","","10","10","2.4400000000000004","3.21","3.35","2.155","0.048","",""
"hyperdrive_gates","5","6","auto","","10","10","2.8600000000000003","3.21","3.21","2.155","0.069","",""
"hyperdrive_gates","5","7","auto","","10","10","2.5100000000000002","3.35","3.35","2.2249999999999996","0.054","",""
"hyperdrive_gates","5","8","auto","","10","10","2.5100000000000002","2.93","3.21","2.015","0.058","",""
"hyperdrive_gates","5","9","auto","","10","10","2.4400000000000004","3.0","3.21","2.05","0.047","",""
"hyperdrive_gates","5","10","auto","","10","10","2.8600000000000003","3.21","3.21","2.155","0.045","",""
"hyperdrive_gates","5","11","auto","","10","10","2.4400000000000004","2.93","3.21","2.015","0.042","",""
"hyperdrive_gates","5","12","auto","","10","10","2.8600000000000003","3.0","3.21","2.05","0.051","",""
"hyperdrive_gates","5","13","auto","","10","10","2.5100000000000002","3.0","3.21","2.05","0.051","",""
"hyperdrive_gates","5","14","auto","","10","10","2.5100000000000002","2.93","3.21","2.015","0.047","",""
"hyperdrive_gates","5","15","auto","","10","10","2.8600000000000003","3.21","3.21","2.155","0.05","",""
"hyperdrive_gates","5","16","auto","","10","10","2.8600000000000003","3.35","3.35","2.2249999999999996","0.052","",""
"hyperdrive_gates","5","17","auto","","10","10","2.4400000000000004","2.8600000000000003","3.21","1.98","0.055","",""
"hyperdrive_gates","5","18","auto","","10","10","2.4400000000000004","3.0","3.21","2.05","0.065","",""
"hyperdrive_gates","5","19","auto","","10","10","2.4400000000000004","3.0","3.21","2.05","0.055","",""
"hyperdrive_gates","5","20","auto","","10","10","2.5100000000000002","3.21","3.35","2.155","0.058","",""
"hyperdrive_gates","6","1","auto","","10","10","2.4400000000000004","2.8600000000000003","3.35","1.98","0.071","",""
"hyperdrive_gates","6","2","auto","","10","10","2.5100000000000002","2.8600000000000003","3.35","1.98","0.066","",""
"hyperdrive_gates","6","3","auto","","10","10","2.5100000000000002","3.21","3.7","2.155","0.059","",""
"hyperdrive_gates","6","4","auto","","10","10","2.4400000000000004","2.93","3.21","2.015","0.062","",""
"hyperdrive_gates","6","5","auto","","10","10","2.4400000000000004","3.0","3.21","2.05","0.052","",""
"hyperdrive_gates","6","6","auto","","10","10","2.5100000000000002","3.21","3.35","2.155","0.048","",""
"hyperdrive_gates","6","7","auto","","10","10","2.5100000000000002","3.0","3.21","2.05","0.056","",""
"hyperdrive_gates","6","8","auto","","10","10","2.8600000000000003","3.0","3.21","2.05","0.071","",""
"hyperdrive_gates","6","9","auto","","10","10","2.8600000000000003","3.21","3.35","2.155","0.051","",""
"hyperdrive_gates","6","10","auto","","10","10","2.72","3.0","3.21","2.05","0.049","",""
"hyperdrive_gates","6","11","auto","","10","10","2.8600000000000003","3.21","3.35","2.155","0.053","",""
"hyperdrive_gates","6","12","auto","","10","10","3.0","3.21","3.35","2.155","0.064","",""
"hyperdrive_gates","6","13","auto","","10","10","2.5100000000000002","2.8600000000000003","3.0","1.98","0.063","",""
"hyperdrive_gates","6","14","auto","","10","10","2.4400000000000004","3.0","3.21","2.05","0.045","",""
"hyperdrive_gates","6","15","auto","","10","10","2.93","3.0","3.21","2.05","0.049","",""
"hyperdrive_gates","6","16","auto","","10","10","2.8600000000000003","3.0","3.21","2.05","0.049","",""
"hyperdrive_gates","6","17","auto","","10","10","2.93","3.0","3.21","2.05","0.044","",""
"hyperdrive_gates","6","18","auto","","10","10","2.4400000000000004","3.21","3.21","2.155","0.057","",""
"hyperdrive_gates","6","19","auto","","10","10","2.4400000000000004","2.93","3.21","2.015","0.049","",""
"hyperdrive_gates","6","20","auto","","10","10","2.4400000000000004","3.0","3.0","2.05","0.055","",""
"pathfinder","1","1","auto","","10","10","1.92","2.5100000000000002","2.8600000000000003","1.805","0.065","",""
"pathfinder","1","2","auto","","10","10","2.37","2.5100000000000002","2.8600000000000003","1.805","0.051","",""
"pathfinder","1","3","auto","","10","10","2.37","2.5100000000000002","2.8600000000000003","1.805","0.057","",""
"pathfinder","1","4","auto","","10","10","1.92","2.5100000000000002","2.8600000000000003","1.805","0.05","",""
"pathfinder","1","5","auto","","10","10","1.92","2.5100000000000002","2.8600000000000003","1.805","0.047","",""
"pathfinder","1","6","auto","","10","10","2.4400000000000004","2.5100000000000002","2.8600000000000003","1.805","0.071","",""
"pathfinder","1","7","auto","","10","10","1.92","2.8600000000000003","2.8600000000000003","1.98","0.056","",""
"pathfinder","1","8","auto","","10","10","2.4400000000000004","2.5100000000000002","2.8600000000000003","1.805","0.049","",""
"pathfinder","1","9","auto","","10","10","1.92","2.5100000000000002","2.8600000000000003","1.805","0.074","",""
"pathfinder","1","10","auto","","10","10","2.5100000000000002","2.8600000000000003","3.21","1.98","0.071","",""
"pathfinder","1","11","auto","","10","10","2.4400000000000004","2.5100000000000002","2.8600000000000003","1.805","0.084","",""
"pathfinder","1","12","auto","","10","10","2.5100000000000002","3.21","3.21","2.155","0.062","",""
"pathfinder","1","13","auto","","10","10","1.92","2.5100000000000002","2.8600000000000003","1.805","0.068","",""
"pathfinder","1","14","auto","","10","10","2.4400000000000004","2.72","2.8600000000000003","1.91","0.069","",""
"pathfinder","1","15","auto","","10","10","2.4400000000000004","2.5100000000000002","3.21","1.805","0.061","",""
"pathfinder","1","16","auto","","10","10","2.4400000000000004","2.72","3.21","1.91","0.103","",""
"pathfinder","1","17","auto","","10","10","2.4400000000000004","2.8600000000000003","3.21","1.98","0.082","",""
"pathfinder","1","18","auto","","10","10","2.4400000000000004","3.21","3.21","2.155","0.098","",""
"pathfinder","1","19","auto","","10","10","2.4400000000000004","2.5100000000000002","3.21","1.805","0.089","",""
"pathfinder","1","20","auto","","10","10","1.92","2.5100000000000002","2.8600000000000003","1.805","0.078","",""
"pathfinder","2","1","auto","","10","10","1.92","2.5100000000000002","2.8600000000000003","1.805","0.075","",""
"pathfinder","2","2","auto","","10","10","1.92","2.4400000000000004","2.5100000000000002","1.77","0.055","",""
"pathfinder","2","3","auto","","10","10","2.4400000000000004","2.5100000000000002","2.5100000000000002","1.805","0.074","",""
"pathfinder","2","4","auto","","10","10","2.4400000000000004","2.5100000000000002","2.8600000000000003","1.805","0.072","",""
"pathfinder","2","5","auto","","10","10","2.4400000000000004","2.5100000000000002","2.8600000000000003","1.805","0.06","",""
"pathfinder","2","6","auto","","10","10","2.4400000000000004","2.8600000000000003","2.8600000000000003","1.98","0.113","",""
"pathfinder","2","7","auto","","10","10","2.4400000000000004","2.5100000000000002","2.8600000000000003","1.805","0.13","",""
"pathfinder","2","8","auto","","10","10","2.4400000000000004","2.5100000000000002","3.21","1.805","0.107","",""
"pathfinder","2","9","auto","","10","10","2.4400000000000004","2.5100000000000002","3.21","1.805","0.097","",""
"pathfinder","2","10","auto","","10","10","2.5100000000000002","2.8600000000000003","2.8600000000000003","1.98","0.089","",""
"pathfinder","2","11","auto","","10","10","2.4400000000000004","2.8600000000000003","3.21","1.98","0.095","",""
"pathfinder","2","12","auto","","10","10","2.4400000000000004","2.5100000000000002","2.8600000000000003","1.805","0.095","",""
"pathfinder","2","13","auto","","10","10","2.5100000000000002","2.8600000000000003","3.21","1.98","0.099","",""
"pathfinder","2","14","auto","","10","10","2.4400000000000004","2.8600000000000003","3.21","1.98","0.093","",""
"pathfinder","2","15","auto","","10","10","2.4400000000000004","2.5100000000000002","3.21","1.805","0.079","",""
"pathfinder","2","16","auto","","10","10","2.4400000000000004","2.8600000000000003","3.21","1.98","0.085","",""
"pathfinder","2","17","auto","","10","10","2.4400000000000004","2.5100000000000002","3.21","1.805","0.184","",""
"pathfinder","2","18","auto","","10","10","2.4400000000000004","2.8600000000000003","3.21","1.98","0.082","",""
"pathfinder","2","19","auto","","10","10","2.4400000000000004","2.8600000000000003","3.21","1.98","0.064","",""
"pathfinder","2","20","auto","","10","10","2.5100000000000002","2.8600000000000003","3.21","1.98","0.077","",""
"pathfinder","3","1","auto","","10","10","1.92","2.5100000000000002","2.8600000000000003","1.805","0.072","",""
"pathfinder","3","2","auto","","10","10","2.5100000000000002","2.8600000000000003","3.21","1.98","0.065","",""
"pathfinder","3","3","auto","","10","10","2.4400000000000004","2.8600000000000003","3.21","1.98","0.069","",""
"pathfinder","3","4","auto","","10","10","2.5100000000000002","2.5100000000000002","3.21","1.805","0.068","",""
"pathfinder","3","5","auto","","10","10","2.4400000000000004","2.5100000000000002","2.8600000000000003","1.805","0.07","",""
"pathfinder","3","6","auto","","10","10","2.4400000000000004","2.8600000000000003","3.21","1.98","0.061","",""
"pathfinder","3","7","auto","","10","10","1.92","2.5100000000000002","3.21","1.805","0.09","",""
"pathfinder","3","8","auto","","10","10","2.4400000000000004","2.5100000000000002","3.21","1.805","0.087","",""
"pathfinder","3","9","auto","","10","10","2.4400000000000004","2.5100000000000002","2.8600000000000003","1.805","0.118","",""
"pathfinder","3","10","auto","","10","10","2.4400000000000004","2.5100000000000002","3.21","1.805","0.062","",""
"pathfinder","3","11","auto","","10","10","2.4400000000000004","2.5100000000000002","2.8600000000000003","1.805","0.065","",""
"pathfinder","3","12","auto","","10","10","2.4400000000000004","2.5100000000000002","2.8600000000000003","1.805","0.075","",""
"pathfinder","3","13","auto","","10","10","2.4400000000000004","2.8600000000000003","3.21","1.98","0.086","",""
"pathfinder","3","14","auto","","10","10","2.5100000000000002","2.8600000000000003","3.21","1.98","0.065","",""
"pathfinder","3","15","auto","","10","10","2.4400000000000004","2.8600000000000003","2.8600000000000003","1.98","0.063","",""
"pathfinder","3","16","auto","","10","10","2.5100000000000002","3.21","3.21","2.155","0.086","",""
"pathfinder","3","17","auto","","10","10","2.4400000000000004","2.5100000000000002","2.8600000000000003","1.805","0.061","",""
"pathfinder","3","18","auto","","10","10","2.5100000000000002","2.8600000000000003","3.21","1.98","0.063","",""
"pathfinder","3","19","auto","","10","10","2.4400000000000004","2.5100000000000002","3.21","1.805","0.062","",""
"pathfinder","3","20","auto","","10","10","2.5100000000000002","3.21","3.21","2.155","0.08","",""
"pathfinder","4","1","auto","","10","10","2.4400000000000004","2.5100000000000002","2.8600000000000003","1.805","0.119","",""
"pathfinder","4","2","auto","","10","10","2.4400000000000004","2.8600000000000003","2.93","1.98","0.07","",""
"pathfinder","4","3","auto","","10","10","2.4400000000000004","2.5100000000000002","2.8600000000000003","1.805","0.077","",""
"pathfinder","4","4","auto","","10","10","2.5100000000000002","2.8600000000000003","3.21","1.98","0.119","",""
"pathfinder","4","5","auto","","10","10","2.8600000000000003","2.93","3.21","2.015","0.12","",""
"pathfinder","4","6","auto","","10","10","2.8600000000000003","2.93","3.21","2.015","0.053","",""
"pathfinder","4","7","auto","","10","10","2.5100000000000002","2.8600000000000003","3.21","1.98","0.066","",""
"pathfinder","4","8","auto","","10","10","2.4400000000000004","2.5100000000000002","3.21","1.805","0.055","",""
"pathfinder","4","9","auto","","10","10","2.5100000000000002","2.72","3.21","1.91","0.104","",""
"pathfinder","4","10","auto","","10","10","2.5100000000000002","3.21","3.21","2.155","0.052","",""
"pathfinder","4","11","auto","","10","10","2.4400000000000004","2.8600000000000003","3.21","1.98","0.092","",""
"pathfinder","4","12","auto","","10","10","2.4400000000000004","2.8600000000000003","3.21","1.98","0.128","",""
"pathfinder","4","13","auto","","10","10","2.5100000000000002","3.21","3.21","2.155","0.116","",""
"pathfinder","4","14","auto","","10","10","2.5100000000000002","3.0","3.21","2.05","0.121","",""
"pathfinder","4","15","auto","","10","10","2.4400000000000004","2.8600000000000003","3.21","1.98","0.078","",""
"pathfinder","4","16","auto","","10","10","2.4400000000000004","2.93","3.35","2.015","0.055","",""
"pathfinder","4","17","auto","","10","10","2.4400000000000004","2.8600000000000003","3.0","1.98","0.079","",""
"pathfinder","4","18","auto","","10","10","2.4400000000000004","2.8600000000000003","3.21","1.98","0.139","",""
"pathfinder","4","19","auto","","10","10","2.4400000000000004","2.8600000000000003","3.0","1.98","0.054","",""
"pathfinder","4","20","auto","","10","10","2.5100000000000002","2.93","3.21","2.015","0.066","",""
"pathfinder","5","1","auto","","10","10","2.5100000000000002","2.8600000000000003","2.93","1.98","0.074","",""
"pathfinder","5","2","auto","","10","10","2.4400000000000004","2.8600000000000003","2.93","1.98","0.066","",""
"pathfinder","5","3","auto","","10","10","2.5100000000000002","3.0","3.21","2.05","0.051","",""
"pathfinder","5","4","auto","","10","10","2.5100000000000002","2.93","3.21","2.015","0.094","",""
"pathfinder","5","5","auto","","10","10","2.4400000000000004","2.8600000000000003","3.0","1.98","0.089","",""
"pathfinder","5","6","auto","","10","10","2.4400000000000004","2.93","3.21","2.015","0.078","",""
"pathfinder","5","7","auto","","10","10","2.5100000000000002","3.0","3.21","2.05","0.05","",""
"pathfinder","5","8","auto","","10","10","2.5100000000000002","3.0","3.21","2.05","0.062","",""
"pathfinder","5","9","auto","","10","10","2.4400000000000004","2.93","3.35","2.015","0.051","",""
"pathfinder","5","10","auto","","10","10","2.4400000000000004","2.8600000000000003","3.0","1.98","0.058","",""
"pathfinder","5","11","auto","","10","10","2.93","3.0","3.21","2.05","0.054","",""
"pathfinder","5","12","auto","","10","10","2.4400000000000004","3.0","3.35","2.05","0.105","",""
"pathfinder","5","13","auto","","10","10","2.5100000000000002","2.8600000000000003","3.21","1.98","0.068","",""
"pathfinder","5","14","auto","","10","10","2.4400000000000004","3.0","3.21","2.05","0.071","",""
"pathfinder","5","15","auto","","10","10","2.4400000000000004","2.8600000000000003","2.93","1.98","0.075","",""
"pathfinder","5","16","auto","","10","10","2.4400000000000004","3.0","3.21","2.05","0.06","",""
"pathfinder","5","17","auto","","10","10","2.4400000000000004","2.5100000000000002","3.0","1.805","0.073","",""
"pathfinder","5","18","auto","","10","10","2.5100000000000002","2.93","3.21","2.015","0.112","",""
"pathfinder","5","19","auto","","10","10","2.4400000000000004","2.93","3.0","2.015","0.07","",""
"pathfinder","5","20","auto","","10","10","2.5100000000000002","3.0","3.35","2.05","0.079","",""
"pathfinder","6","1","auto","","10","10","2.72","3.0","3.21","2.05","0.073","",""
"pathfinder","6","2","auto","","10","10","2.93","3.0","3.21","2.05","0.063","",""
"pathfinder","6","3","auto","","10","10","2.4400000000000004","3.0","3.21","2.05","0.057","",""
"pathfinder","6","4","auto","","10","10","1.92","2.5100000000000002","3.21","1.805","0.083","",""
"pathfinder","6","5","auto","","10","10","2.4400000000000004","2.8600000000000003","3.0","1.98","0.07","",""
"pathfinder","6","6","auto","","10","10","2.8600000000000003","3.0","3.21","2.05","0.077","",""
"pathfinder","6","7","auto","","10","10","2.4400000000000004","2.5100000000000002","2.93","1.805","0.066","",""
"pathfinder","6","8","auto","","10","10","2.4400000000000004","2.5100000000000002","3.21","1.805","0.068","",""
"pathfinder","6","9","auto","","10","10","2.4400000000000004","3.21","3.21","2.155","0.067","",""
"pathfinder","6","10","auto","","10","10","2.4400000000000004","3.0","3.35","2.05","0.076","",""
"pathfinder","6","11","auto","","10","10","2.5100000000000002","2.93","3.21","2.015","0.081","",""
"pathfinder","6","12","auto","","10","10","2.5100000000000002","3.21","3.21","2.155","0.073","",""
"pathfinder","6","13","auto","","10","10","2.8600000000000003","3.0","3.21","2.05","0.119","",""
"pathfinder","6","14","auto","","10","10","2.8600000000000003","3.21","3.35","2.155","0.087","",""
"pathfinder","6","15","auto","","10","10","2.4400000000000004","3.0","3.21","2.05","0.109","",""
"pathfinder","6","16","auto","","10","10","2.5100000000000002","3.0","3.21","2.05","0.164","",""
"pathfinder","6","17","auto","","10","10","3.0","3.21","3.35","2.155","0.116","",""
"pathfinder","6","18","auto","","10","10","2.4400000000000004","3.0","3.21","2.05","0.11","",""
"pathfinder","6","19","auto","","10","10","2.4400000000000004","3.0","3.21","2.05","0.098","",""
"pathfinder","6","20","auto","","10","10","2.93","3.0","3.35","2.05","0.082","",""
"planet_hopping","1","1","auto","","10","10","2.7326917501586543","2.8026917501586546","2.9006917501586544","2.0147443751081737","0.178","",""
"planet_hopping","1","2","auto","","10","10","2.6346917501586544","2.774691750158654","2.9706917501586547","2.0007443751081735","0.141","",""
"planet_hopping","1","3","auto","","10","10","2.802618082852673","2.8609514161860066","2.977618082852673","2.0527699049753076","0.103","",""
"planet_hopping","1","4","auto","","10","10","2.802618082852673","2.9426180828526727","3.0009514161860062","2.0936032383086403","0.179","",""
"planet_hopping","1","5","auto","","10","10","2.802618082852673","2.930951416186006","3.0009514161860062","2.087769904975307","0.138","",""
"planet_hopping","1","6","auto","","10","10","2.837618082852673","2.9192847495193393","3.012618082852673","2.0819365716419735","0.136","",""
"planet_hopping","1","7","auto","","10","10","2.9","2.96","3.02","2.11","0.275","",""
"planet_hopping","1","8","auto","","10","10","2.98","3.1699999999999995","3.2600000000000002","2.215","0.316","",""
"planet_hopping","1","9","auto","","10","10","3.08","3.14","3.23","2.2","0.266","",""
"planet_hopping","1","10","auto","","10","10","3.02","3.18","3.32","2.2199999999999998","0.38","",""
"planet_hopping","1","11","auto","","10","10","3.0836335003173088","3.2673835003173086","3.4423835003173084","2.2704887502163467","0.277","",""
"planet_hopping","1","12","auto","","10","10","3.092383500317309","3.1448835003173086","3.2848835003173087","2.209238750216347","0.372","",""
"planet_hopping","1","13","auto","","10","10","3.0661335003173087","3.136133500317309","3.2673835003173086","2.204863750216347","0.272","",""
"planet_hopping","1","14","auto","","10","10","3.0223835003173085","3.153633500317309","3.2323835003173085","2.213613750216347","0.327","",""
"planet_hopping","1","15","auto","","10","10","3.101133500317309","3.153633500317308","3.2148835003173084","2.2136137502163464","0.224","",""
"planet_hopping","1","16","auto","","10","10","3.109883500317309","3.1886335003173087","3.2761335003173087","2.231113750216347","0.248","",""
"planet_hopping","1","17","auto","","10","10","3.0748835003173087","3.223633500317309","3.328633500317309","2.248613750216347","0.467","",""
"planet_hopping","1","18","auto","","10","10","3.0836335003173088","3.136133500317309","3.2848835003173087","2.204863750216347","0.22","",""
"planet_hopping","1","19","auto","","10","10","3.0486335003173086","3.127383500317309","3.354883500317309","2.200488750216347","0.19","",""
"planet_hopping","1","20","auto","","10","10","3.127383500317309","3.2411335003173085","3.319883500317309","2.2573637502163466","0.407","",""
"planet_hopping","2","1","auto","","10","10","2.8026917501586546","2.872691750158654","2.9146917501586547","2.0497443751081734","0.203","",""
"planet_hopping","2","2","auto","","10","10","2.88428474951934","2.9426180828526727","3.0476180828526727","2.0936032383086403","0.109","",""
"planet_hopping","2","3","auto","","10","10","2.84928474951934","2.9192847495193397","3.047618082852673","2.081936571641974","0.253","",""
"planet_hopping","2","4","auto","","10","10","2.8492847495193394","2.8726180828526733","2.9426180828526727","2.058603238308641","0.17","",""
"planet_hopping","2","5","auto","","10","10","2.7909514161860063","3.0009514161860062","3.05928474951934","2.122769904975307","0.124","",""
"planet_hopping","2","6","auto","","10","10","2.94","2.97","3.1300000000000003","2.115","0.132","",""
"planet_hopping","2","7","auto","","10","10","2.9","3.02","3.0900000000000003","2.1399999999999997","0.151","",""
"planet_hopping","2","8","auto","","10","10","3.0900000000000003","3.1199999999999997","3.18","2.1899999999999995","0.245","",""
"planet_hopping","2","9","auto","","10","10","2.9200000000000004","3.15","3.4","2.205","0.17","",""
"planet_hopping","2","10","auto","","10","10","2.978633500317309","3.179883500317309","3.2236335003173084","2.226738750216347","0.371","",""
"planet_hopping","2","11","auto","","10","10","2.978633500317309","3.2148835003173084","3.2761335003173087","2.2442387502163466","0.159","",""
"planet_hopping","2","12","auto","","10","10","3.092383500317309","3.1886335003173087","3.2673835003173086","2.231113750216347","0.315","",""
"planet_hopping","2","13","auto","","10","10","3.0836335003173088","3.1973835003173083","3.319883500317309","2.2354887502163465","0.31","",""
"planet_hopping","2","14","auto","","10","10","3.118633500317309","3.2323835003173085","3.407383500317309","2.2529887502163466","0.158","",""
"planet_hopping","2","15","auto","","10","10","3.0573835003173087","3.1973835003173083","3.2323835003173085","2.2354887502163465","0.358","",""
"planet_hopping","2","16","auto","","10","10","2.9873835003173084","3.1798835003173087","3.2148835003173084","2.226738750216347","0.17","",""
"planet_hopping","2","17","auto","","10","10","3.092383500317309","3.1798835003173083","3.249883500317309","2.2267387502163465","0.175","",""
"planet_hopping","2","18","auto","","10","10","2.9348835003173086","3.171133500317309","3.2498835003173085","2.222363750216347","0.233","",""
"planet_hopping","2","19","auto","","10","10","3.0836335003173088","3.1886335003173087","3.311133500317309","2.231113750216347","0.294","",""
"planet_hopping","2","20","auto","","10","10","3.0223835003173085","3.1448835003173086","3.2761335003173087","2.209238750216347","0.238","",""
"planet_hopping","3","1","auto","","10","10","2.977618082852673","3.0009514161860062","3.1292847495193397","2.122769904975307","0.176","",""
"planet_hopping","3","2","auto","","10","10","3.012618082852673","3.1176180828526725","3.16428474951934","2.1811032383086406","0.127","",""
"planet_hopping","3","3","auto","","10","10","2.88428474951934","3.09428474951934","3.1292847495193397","2.169436571641974","0.138","",""
"planet_hopping","3","4","auto","","10","10","2.9192847495193393","3.012618082852673","3.117618082852673","2.1286032383086404","0.189","",""
"planet_hopping","3","5","auto","","10","10","2.97","3.19","3.35","2.2249999999999996","0.242","",""
"planet_hopping","3","6","auto","","10","10","3.0500000000000003","3.15","3.28","2.205","0.186","",""
"planet_hopping","3","7","auto","","10","10","3.02","3.08","3.23","2.17","0.182","",""
"planet_hopping","3","8","auto","","10","10","2.97","3.13","3.22","2.195","0.236","",""
"planet_hopping","3","9","auto","","10","10","3.0048835003173084","3.197383500317309","3.2673835003173086","2.235488750216347","0.156","",""
"planet_hopping","3","10","auto","","10","10","3.1361335003173085","3.2761335003173087","3.337383500317309","2.2748637502163467","0.179","",""
"planet_hopping","3","11","auto","","10","10","3.0398835003173086","3.2761335003173087","3.319883500317309","2.2748637502163467","0.313","",""
"planet_hopping","3","12","auto","","10","10","2.9873835003173084","3.1973835003173083","3.2761335003173087","2.2354887502163465","0.244","",""
"planet_hopping","3","13","auto","","10","10","3.127383500317309","3.223633500317309","3.319883500317309","2.248613750216347","0.301","",""
"planet_hopping","3","14","auto","","10","10","3.0573835003173087","3.1886335003173087","3.223633500317309","2.231113750216347","0.262","",""
"planet_hopping","3","15","auto","","10","10","3.0573835003173087","3.2236335003173084","3.2848835003173087","2.2486137502163466","0.152","",""
"planet_hopping","3","16","auto","","10","10","3.0311335003173085","3.136133500317309","3.1798835003173087","2.204863750216347","0.228","",""
"planet_hopping","3","17","auto","","10","10","3.118633500317309","3.1798835003173083","3.2848835003173087","2.2267387502163465","0.34","",""
"planet_hopping","3","18","auto","","10","10","3.1798835003173087","3.2323835003173085","3.363633500317309","2.2529887502163466","0.174","",""
"planet_hopping","3","19","auto","","10","10","3.0748835003173087","3.2148835003173093","3.311133500317309","2.244238750216347","0.339","",""
"planet_hopping","3","20","auto","","10","10","3.092383500317309","3.2148835003173084","3.346133500317309","2.2442387502163466","0.249","",""
"planet_hopping","4","1","auto","","10","10","2.9309514161860064","3.175951416186006","3.3509514161860063","2.2102699049753074","0.207","",""
"planet_hopping","4","2","auto","","10","10","3.05928474951934","3.1176180828526725","3.26928474951934","2.1811032383086406","0.107","",""
"planet_hopping","4","3","auto","","10","10","2.9892847495193395","3.1992847495193395","3.257618082852673","2.221936571641974","0.208","",""
"planet_hopping","4","4","auto","","10","10","3.09","3.1900000000000004","3.35","2.225","0.329","",""
"planet_hopping","4","5","auto","","10","10","2.97","3.0900000000000003","3.2499999999999996","2.175","0.269","",""
"planet_hopping","4","6","auto","","10","10","3.0100000000000002","3.14","3.1699999999999995","2.2","0.16","",""
"planet_hopping","4","7","auto","","10","10","3.0900000000000003","3.1999999999999997","3.26","2.2299999999999995","0.148","",""
"planet_hopping","4","8","auto","","10","10","3.1973835003173083","3.363633500317309","3.3898835003173087","2.318613750216347","0.346","",""
"planet_hopping","4","9","auto","","10","10","3.1886335003173087","3.2936335003173087","3.4248835003173084","2.2836137502163467","0.252","",""
"planet_hopping","4","10","auto","","10","10","3.1711335003173087","3.2323835003173085","3.538633500317309","2.2529887502163466","0.148","",""
"planet_hopping","4","11","auto","","10","10","3.153633500317309","3.2761335003173087","3.372383500317309","2.2748637502163467","0.223","",""
"planet_hopping","4","12","auto","","10","10","3.136133500317309","3.2848835003173087","3.4423835003173084","2.2792387502163467","0.237","",""
"planet_hopping","4","13","auto","","10","10","3.2498835003173085","3.372383500317309","3.398633500317309","2.322988750216347","0.184","",""
"planet_hopping","4","14","auto","","10","10","3.2761335003173087","3.389883500317309","3.4511335003173085","2.331738750216347","0.187","",""
"planet_hopping","4","15","auto","","10","10","3.223633500317309","3.381133500317309","3.4511335003173085","2.327363750216347","0.359","",""
"planet_hopping","4","16","auto","","10","10","3.1886335003173087","3.319883500317309","3.398633500317309","2.2967387502163468","0.348","",""
"planet_hopping","4","17","auto","","10","10","3.2673835003173086","3.319883500317309","3.4423835003173084","2.2967387502163468","0.304","",""
"planet_hopping","4","18","auto","","10","10","3.311133500317309","3.372383500317308","3.4773835003173086","2.3229887502163464","0.167","",""
"planet_hopping","4","19","auto","","10","10","3.2498835003173085","3.319883500317309","3.4248835003173084","2.2967387502163468","0.18","",""
"planet_hopping","4","20","auto","","10","10","3.2148835003173084","3.3811335003173086","3.4161335003173083","2.327363750216347","0.146","",""
"planet_hopping","5","1","auto","","10","10","3.129284749519339","3.210951416186006","3.292618082852673","2.2277699049753075","0.162","",""
"planet_hopping","5","2","auto","","10","10","3.117618082852673","3.175951416186006","3.4442847495193396","2.2102699049753074","0.121","",""
"planet_hopping","5","3","auto","","10","10","3.22","3.3800000000000003","3.44","2.3200000000000003","0.166","",""
"planet_hopping","5","4","auto","","10","10","3.19","3.33","3.46","2.295","0.127","",""
"planet_hopping","5","5","auto","","10","10","3.15","3.2700000000000005","3.37","2.265","0.197","",""
"planet_hopping","5","6","auto","","10","10","3.3000000000000003","3.4","3.4999999999999996","2.33","0.182","",""
"planet_hopping","5","7","auto","","10","10","3.1536335003173086","3.346133500317309","3.4248835003173084","2.309863750216347","0.206","",""
"planet_hopping","5","8","auto","","10","10","3.2323835003173085","3.3461335003173085","3.4161335003173083","2.309863750216347","0.255","",""
"planet_hopping","5","9","auto","","10","10","3.1711335003173087","3.354883500317309","3.4511335003173085","2.314238750216347","0.373","",""
"planet_hopping","5","10","auto","","10","10","3.3023835003173088","3.4861335003173086","3.529883500317309","2.3798637502163467","0.589","",""
"planet_hopping","5","11","auto","","10","10","3.2148835003173084","3.3461335003173085","3.591133500317309","2.309863750216347","0.272","",""
"planet_hopping","5","12","auto","","10","10","3.3023835003173088","3.4598835003173085","3.5561335003173085","2.3667387502163466","0.346","",""
"planet_hopping","5","13","auto","","10","10","3.249883500317309","3.3636335003173086","3.4248835003173084","2.318613750216347","0.352","",""
"planet_hopping","5","14","auto","","10","10","3.223633500317309","3.4773835003173086","3.4948835003173087","2.3754887502163466","0.384","",""
"planet_hopping","5","15","auto","","10","10","3.1798835003173087","3.4861335003173086","3.547383500317309","2.3798637502163467","0.189","",""
"planet_hopping","5","16","auto","","10","10","3.319883500317309","3.4511335003173085","3.6086335003173087","2.3623637502163466","0.259","",""
"planet_hopping","5","17","auto","","10","10","3.2673835003173086","3.3898835003173087","3.573633500317309","2.331738750216347","0.268","",""
"planet_hopping","5","18","auto","","10","10","3.363633500317309","3.4336335003173084","3.5823835003173086","2.3536137502163466","0.386","",""
"planet_hopping","5","19","auto","","10","10","3.346133500317309","3.424883500317309","3.5561335003173085","2.349238750216347","0.411","",""
"planet_hopping","5","20","auto","","10","10","3.2936335003173087","3.416133500317309","3.529883500317309","2.344863750216347","0.451","",""
"planet_hopping","6","1","auto","","10","10","3.2342847495193396","3.4676180828526726","3.5609514161860063","2.3561032383086404","0.154","",""
"planet_hopping","6","2","auto","","10","10","3.24","3.3200000000000003","3.46","2.29","0.176","",""
"planet_hopping","6","3","auto","","10","10","3.28","3.3700000000000006","3.46","2.3150000000000004","0.13","",""
"planet_hopping","6","4","auto","","10","10","3.19","3.4","3.53","2.33","0.197","",""
"planet_hopping","6","5","auto","","10","10","3.22","3.36","3.47","2.3099999999999996","0.197","",""
"planet_hopping","6","6","auto","","10","10","3.2848835003173087","3.3811335003173086","3.4511335003173085","2.327363750216347","0.25","",""
"planet_hopping","6","7","auto","","10","10","3.328633500317309","3.398633500317309","3.6086335003173087","2.336113750216347","0.214","",""
"planet_hopping","6","8","auto","","10","10","3.311133500317309","3.442383500317309","3.5561335003173085","2.357988750216347","0.211","",""
"planet_hopping","6","9","auto","","10","10","3.319883500317309","3.4773835003173086","3.5998835003173086","2.3754887502163466","0.168","",""
"planet_hopping","6","10","auto","","10","10","3.311133500317309","3.4248835003173084","3.529883500317309","2.3492387502163465","0.242","",""
"planet_hopping","6","11","auto","","10","10","3.328633500317309","3.407383500317309","3.4861335003173086","2.340488750216347","0.438","",""
"planet_hopping","6","12","auto","","10","10","3.3898835003173087","3.4948835003173087","3.591133500317309","2.3842387502163467","0.229","",""
"planet_hopping","6","13","auto","","10","10","3.2148835003173084","3.4948835003173087","3.5998835003173086","2.3842387502163467","0.185","",""
"planet_hopping","6","14","auto","","10","10","3.1973835003173083","3.311133500317309","3.4423835003173084","2.2923637502163468","0.207","",""
"planet_hopping","6","15","auto","","10","10","3.346133500317309","3.4598835003173085","3.6961335003173086","2.3667387502163466","0.203","",""
"planet_hopping","6","16","auto","","10","10","3.337383500317309","3.4336335003173084","3.529883500317309","2.3536137502163466","0.31","",""
"planet_hopping","6","17","auto","","10","10","3.2761335003173087","3.424883500317309","3.643633500317309","2.349238750216347","0.189","",""
"planet_hopping","6","18","auto","","10","10","3.346133500317309","3.4598835003173085","3.538633500317309","2.3667387502163466","0.335","",""
"planet_hopping","6","19","auto","","10","10","3.319883500317309","3.381133500317309","3.5123835003173087","2.327363750216347","0.218","",""
"planet_hopping","6","20","auto","","10","10","3.3811335003173086","3.4598835003173085","3.6086335003173082","2.3667387502163466","0.208","",""
"number_walls","1","1","auto","","10","10","4.13","4.13","4.13","2.893","0.168","","3"
"number_walls","1","2","auto","","10","10","4.13","4.13","4.13","2.893","0.089","","3"
"number_walls","1","3","auto","","10","10","4.13","4.13","4.13","2.893","0.09","","3"
"number_walls","1","4","auto","","10","10","4.13","4.13","4.13","2.893","0.115","","3"
"number_walls","1","5","auto","","10","10","4.560824180875219","4.560824180875219","4.560824180875219","3.1892892142331046","0.108","","4"
"number_walls","1","6","auto","","10","10","4.560824180875219","4.560824180875219","4.560824180875219","3.1892892142331046","0.146","","4"
"number_walls","1","7","auto","","10","10","4.560824180875219","4.560824180875219","4.560824180875219","3.1892892142331046","0.252","","4"
"number_walls","1","8","auto","","10","10","4.560824180875219","4.560824180875219","4.560824180875219","3.1892892142331046","0.158","","4"
"number_walls","1","9","auto","","10","10","4.560824180875219","4.560824180875219","4.560824180875219","3.1892892142331046","0.131","","4"
"number_walls","1","10","auto","","10","10","4.560824180875219","4.560824180875219","4.560824180875219","3.1892892142331046","0.161","","4"
"number_walls","1","11","auto","","10","10","4.560824180875219","4.560824180875219","4.560824180875219","3.1892892142331046","0.163","","4"
"number_walls","1","12","auto","","10","10","4.560824180875219","4.560824180875219","4.560824180875219","3.1892892142331046","0.169","","4"
"number_walls","1","13","auto","","10","10","4.560824180875219","4.560824180875219","4.560824180875219","3.1892892142331046","0.114","","4"
"number_walls","1","14","auto","","10","10","4.560824180875219","4.560824180875219","4.560824180875219","3.1892892142331046","0.191","","4"
"number_walls","1","15","auto","","10","10","4.560824180875219","4.560824180875219","4.560824180875219","3.1892892142331046","0.129","","4"
"number_walls","1","16","auto","","10","10","4.560824180875219","4.560824180875219","4.560824180875219","3.1892892142331046","0.197","","4"
"number_walls","1","17","auto","","10","10","4.560824180875219","4.560824180875219","4.560824180875219","3.1892892142331046","0.266","","4"
"number_walls","1","18","auto","","10","10","4.560824180875219","4.560824180875219","4.560824180875219","3.1892892142331046","0.111","","4"
"number_walls","1","19","auto","","10","10","4.560824180875219","4.560824180875219","4.560824180875219","3.1892892142331046","0.138","","4"
"number_walls","1","20","auto","","10","10","4.560824180875219","4.560824180875219","4.560824180875219","3.1892892142331046","0.127","","4"
"number_walls","2","1","auto","","10","10","4.560824180875219","4.560824180875219","4.560824180875219","3.1892892142331046","0.132","","4"
"number_walls","2","2","auto","","10","10","4.560824180875219","4.560824180875219","4.560824180875219","3.1892892142331046","0.182","","4"
"number_walls","2","3","auto","","10","10","4.560824180875219","4.560824180875219","4.560824180875219","3.1892892142331046","0.23","","4"
"number_walls","2","4","auto","","10","10","4.560824180875219","4.560824180875219","4.560824180875219","3.1892892142331046","0.124","","4"
"number_walls","2","5","auto","","10","10","4.560824180875219","4.560824180875219","4.560824180875219","3.1892892142331046","0.099","","4"
"number_walls","2","6","auto","","10","10","4.560824180875219","4.560824180875219","4.560824180875219","3.1892892142331046","0.128","","4"
"number_walls","2","7","auto","","10","10","4.560824180875219","4.560824180875219","4.560824180875219","3.1892892142331046","0.076","","4"
"number_walls","2","8","auto","","10","10","4.560824180875219","4.560824180875219","4.560824180875219","3.1892892142331046","0.146","","4"
"number_walls","2","9","auto","","10","10","4.560824180875219","4.560824180875219","4.560824180875219","3.1892892142331046","0.11","","4"
"number_walls","2","10","auto","","10","10","4.560824180875219","4.560824180875219","4.560824180875219","3.1892892142331046","0.12","","4"
"number_walls","2","11","auto","","10","10","4.560824180875219","4.560824180875219","4.560824180875219","3.1892892142331046","0.08","","4"
"number_walls","2","12","auto","","10","10","4.560824180875219","4.560824180875219","4.560824180875219","3.1892892142331046","0.084","","4"
"number_walls","2","13","auto","","10","10","4.560824180875219","4.560824180875219","4.560824180875219","3.1892892142331046","0.171","","4"
"number_walls","2","14","auto","","10","10","4.560824180875219","4.560824180875219","4.560824180875219","3.1892892142331046","0.171","","4"
"number_walls","2","15","auto","","10","10","4.560824180875219","4.560824180875219","4.560824180875219","3.1892892142331046","0.092","","4"
"number_walls","2","16","auto","","10","10","4.560824180875219","4.560824180875219","4.560824180875219","3.1892892142331046","0.09","","4"
"number_walls","2","17","auto","","10","10","4.560824180875219","4.560824180875219","4.560824180875219","3.1892892142331046","0.193","","4"
"number_walls","2","18","auto","","10","10","4.560824180875219","4.560824180875219","4.560824180875219","3.1892892142331046","0.126","","4"
"number_walls","2","19","auto","","10","10","4.560824180875219","4.560824180875219","4.560824180875219","3.1892892142331046","0.1","","4"
"number_walls","2","20","auto","","10","10","4.560824180875219","4.560824180875219","4.560824180875219","3.1892892142331046","0.083","","4"
"number_walls","3","1","auto","","10","10","4.560824180875219","4.560824180875219","4.560824180875219","3.1892892142331046","0.112","","4"
"number_walls","3","2","auto","","10","10","4.560824180875219","4.560824180875219","4.560824180875219","3.1892892142331046","0.163","","4"
"number_walls","3","3","auto","","10","10","4.560824180875219","4.560824180875219","4.560824180875219","3.1892892142331046","0.136","","4"
"number_walls","3","4","auto","","10","10","4.560824180875219","4.560824180875219","4.560824180875219","3.1892892142331046","0.095","","4"
"number_walls","3","5","auto","","10","10","4.560824180875219","4.560824180875219","5.330824180875219","3.1892892142331046","0.15","","4"
"number_walls","3","6","auto","","10","10","4.560824180875219","5.330824180875219","5.61082418087522","3.5742892142331044","0.093","","4"
"number_walls","3","7","auto","","10","10","4.4876180828526735","4.4876180828526735","5.817618082852674","3.1381032383086405","0.209","","6"
"number_walls","3","8","auto","","10","10","4.4876180828526735","4.767618082852673","5.817618082852674","3.278103238308641","0.133","","6"
"number_walls","3","9","auto","","10","10","4.4876180828526735","5.817618082852674","5.817618082852674","3.8031032383086405","0.195","","6"
"number_walls","3","10","auto","","10","10","4.83","4.83","6.16","3.373666666666667","0.215","","7"
"number_walls","3","11","auto","","10","10","4.83","5.88","6.16","3.8986666666666663","0.107","","7"
"number_walls","3","12","auto","","10","10","4.83","5.11","5.11","3.5136666666666665","0.128","","7"
"number_walls","3","13","auto","","10","10","4.83","5.11","6.16","3.5136666666666665","0.358","","7"
"number_walls","3","14","auto","","10","10","4.83","5.11","6.16","3.5136666666666665","0.419","","7"
"number_walls","3","15","auto","","10","10","5.467383500317309","5.747383500317309","5.957383500317309","3.952488750216347","0.273","","8"
"number_walls","3","16","auto","","10","10","5.747383500317309","5.957383500317309","6.797383500317309","4.057488750216347","0.308","","8"
"number_walls","3","17","auto","","10","10","5.467383500317309","5.747383500317309","5.747383500317309","3.952488750216347","0.136","","8"
"number_walls","3","18","auto","","10","10","5.467383500317309","5.747383500317309","6.517383500317308","3.952488750216347","0.155","","8"
"number_walls","3","19","auto","","10","10","5.467383500317309","5.957383500317309","6.797383500317309","4.057488750216347","0.499","","8"
"number_walls","3","20","auto","","10","10","5.467383500317309","5.747383500317309","5.747383500317309","3.952488750216347","0.135","","8"
"number_walls","4","1","auto","","10","10","4.4876180828526735","4.4876180828526735","5.817618082852674","3.1381032383086405","0.237","","6"
"number_walls","4","2","auto","","10","10","4.4876180828526735","5.537618082852672","5.817618082852674","3.663103238308641","0.225","","6"
"number_walls","4","3","auto","","10","10","4.4876180828526735","4.767618082852673","4.767618082852673","3.278103238308641","0.08","","6"
"number_walls","4","4","auto","","10","10","4.4876180828526735","4.767618082852673","5.817618082852674","3.278103238308641","0.206","","6"
"number_walls","4","5","auto","","10","10","4.305","4.585","4.795","3.152","0.258","","7"
"number_walls","4","6","auto","","10","10","4.585","4.585","5.635000000000001","3.152","0.23","","7"
"number_walls","4","7","auto","","10","10","4.305","4.305","4.795","3.0119999999999996","0.164","","7"
"number_walls","4","8","auto","","10","10","4.305","4.795","5.635000000000001","3.2569999999999997","0.267","","7"
"number_walls","4","9","auto","","10","10","4.17","4.659999999999999","4.659999999999999","3.1639999999999997","0.449","","7"
"number_walls","4","10","auto","","10","10","4.24892196185577","4.7389219618557705","4.7389219618557705","3.218104134831731","0.412","","8"
"number_walls","4","11","auto","","10","10","4.528921961855771","4.7389219618557705","5.57892196185577","3.218104134831731","0.449","","8"
"number_walls","4","12","auto","","10","10","4.24892196185577","4.7389219618557705","4.7389219618557705","3.218104134831731","0.442","","8"
"number_walls","4","13","auto","","10","10","4.528921961855771","4.7389219618557705","4.7389219618557705","3.218104134831731","1.151","","8"
"number_walls","4","14","auto","","10","10","4.24892196185577","4.24892196185577","5.57892196185577","2.9731041348317313","0.173","","8"
"number_walls","4","15","auto","","10","10","4.33082418087522","4.61082418087522","4.82082418087522","3.1692892142331046","0.205","","9"
"number_walls","4","16","auto","","10","10","4.33082418087522","4.82082418087522","5.66082418087522","3.2742892142331046","0.383","","9"
"number_walls","4","17","auto","","10","10","4.61082418087522","4.82082418087522","4.82082418087522","3.2742892142331046","0.472","","9"
"number_walls","4","18","auto","","10","10","4.61082418087522","4.82082418087522","4.82082418087522","3.2742892142331046","0.868","","9"
"number_walls","4","19","auto","","10","10","4.33082418087522","4.61082418087522","4.82082418087522","3.1692892142331046","0.162","","9"
"number_walls","4","20","auto","","10","10","4.418347683372932","4.9083476833729325","4.9083476833729325","3.33436928825014","1.032","","10"
"number_walls","5","1","auto","","10","10","5.11","5.32","5.32","3.618666666666667","0.987","","7"
"number_walls","5","2","auto","","10","10","4.83","5.11","5.32","3.5136666666666665","0.14","","7"
"number_walls","5","3","auto","","10","10","4.83","5.11","5.32","3.5136666666666665","0.139","","7"
"number_walls","5","4","auto","","10","10","4.83","5.11","5.32","3.5136666666666665","0.118","","7"
"number_walls","5","5","auto","","10","10","4.43881207174588","4.71881207174588","4.92881207174588","3.2439173216449184","0.162","","8"
"number_walls","5","6","auto","","10","10","4.43881207174588","4.92881207174588","5.76881207174588","3.348917321644918","0.156","","8"
"number_walls","5","7","auto","","10","10","4.43881207174588","4.92881207174588","5.76881207174588","3.348917321644918","0.253","","8"
"number_walls","5","8","auto","","10","10","4.43881207174588","4.71881207174588","5.76881207174588","3.2439173216449184","0.361","","8"
"number_walls","5","9","auto","","10","10","4.24892196185577","4.528921961855771","4.7389219618557705","3.1131041348317314","0.3","","8"
"number_walls","5","10","auto","","10","10","4.61082418087522","4.82082418087522","4.82082418087522","3.2742892142331046","1.113","","9"
"number_walls","5","11","auto","","10","10","4.33082418087522","4.61082418087522","4.82082418087522","3.1692892142331046","0.21","","9"
"number_walls","5","12","auto","","10","10","4.33082418087522","4.61082418087522","4.82082418087522","3.1692892142331046","0.264","","9"
"number_walls","5","13","auto","","10","10","4.33082418087522","4.82082418087522","4.82082418087522","3.2742892142331046","0.382","","9"
"number_walls","5","14","auto","","10","10","4.33082418087522","4.82082418087522","4.82082418087522","3.2742892142331046","1.226","","9"
"number_walls","5","15","auto","","10","10","4.418347683372932","4.9083476833729325","5.748347683372934","3.33436928825014","0.728","","10"
"number_walls","5","16","auto","","10","10","4.418347683372932","4.698347683372933","4.9083476833729325","3.2293692882501404","0.242","","10"
"number_walls","5","17","auto","","10","10","4.418347683372932","4.9083476833729325","5.748347683372934","3.33436928825014","1.007","","10"
"number_walls","5","18","auto","","10","10","4.418347683372932","4.9083476833729325","4.978347683372933","3.33436928825014","0.501","","10"
"number_walls","5","19","auto","","10","10","4.698347683372933","4.9083476833729325","4.978347683372933","3.33436928825014","1.088","","10"
"number_walls","5","20","auto","","10","10","4.794691750158655","5.0046917501586545","5.074691750158654","3.4005443751081734","0.197","","11"
"number_walls","6","1","auto","","10","10","5.467383500317309","5.747383500317309","5.957383500317309","3.952488750216347","0.199","","8"
"number_walls","6","2","auto","","10","10","5.467383500317309","5.747383500317309","5.957383500317309","3.952488750216347","0.298","","8"
"number_walls","6","3","auto","","10","10","5.467383500317309","5.957383500317309","5.957383500317309","4.057488750216347","1.081","","8"
"number_walls","6","4","auto","","10","10","5.467383500317309","5.747383500317309","5.957383500317309","3.952488750216347","0.139","","8"
"number_walls","6","5","auto","","10","10","4.60082418087522","4.88082418087522","5.090824180875219","3.3552892142331046","0.28","","9"
"number_walls","6","6","auto","","10","10","4.60082418087522","4.88082418087522","5.93082418087522","3.3552892142331046","0.212","","9"
"number_walls","6","7","auto","","10","10","4.60082418087522","5.090824180875219","5.93082418087522","3.460289214233104","0.33","","9"
"number_walls","6","8","auto","","10","10","4.88082418087522","5.090824180875219","5.93082418087522","3.460289214233104","0.572","","9"
"number_walls","6","9","auto","","10","10","4.82082418087522","4.82082418087522","4.82082418087522","3.2742892142331046","1.752","","9"
"number_walls","6","10","auto","","10","10","4.418347683372932","4.9083476833729325","4.9083476833729325","3.33436928825014","0.496","","10"
"number_walls","6","11","auto","","10","10","4.418347683372932","4.9083476833729325","4.978347683372933","3.33436928825014","0.625","","10"
"number_walls","6","12","auto","","10","10","4.418347683372932","4.9083476833729325","4.9083476833729325","3.33436928825014","0.669","","10"
"number_walls","6","13","auto","","10","10","4.418347683372932","4.9083476833729325","4.978347683372933","3.33436928825014","0.309","","10"
"number_walls","6","14","auto","","10","10","4.698347683372933","4.978347683372933","4.978347683372933","3.36936928825014","0.34","","10"
"number_walls","6","15","auto","","10","10","4.514691750158654","5.0046917501586545","5.074691750158654","3.4005443751081734","0.465","","11"
"number_walls","6","16","auto","","10","10","4.514691750158654","5.0046917501586545","5.074691750158654","3.4005443751081734","0.179","","11"
"number_walls","6","17","auto","","10","10","4.514691750158654","5.0046917501586545","5.0046917501586545","3.4005443751081734","1.117","","11"
"number_walls","6","18","auto","","10","10","4.514691750158654","4.514691750158654","5.0046917501586545","3.1555443751081733","0.2","","11"
"number_walls","6","19","auto","","10","10","5.0046917501586545","5.074691750158654","5.074691750158654","3.4355443751081736","0.269","","11"
"number_walls","6","20","auto","","10","10","4.6240967379910405","5.11409673799104","5.184096737991039","3.47573262438783","0.213","","12"
"codebreaker","1","1","auto","","10","10","4.84","5.12","5.12","3.5749999999999997","0.421","",""
"codebreaker","1","2","auto","","10","10","5.12","5.12","5.12","3.5749999999999997","0.46","",""
"codebreaker","1","3","auto","","10","10","5.028691750158654","5.12","5.12","3.5749999999999997","0.276","",""
"codebreaker","1","4","auto","","10","10","5.12","5.12","5.12","3.5749999999999997","0.663","",""
"codebreaker","1","5","auto","","10","10","5.12","5.12","5.12","3.5749999999999997","0.497","",""
"codebreaker","1","6","auto","","10","10","5.12","5.12","5.12","3.5749999999999997","0.344","",""
"codebreaker","1","7","auto","","10","10","5.12","5.12","5.12","3.5749999999999997","0.477","",""
"codebreaker","1","8","auto","","10","10","5.12","5.12","5.12","3.5749999999999997","0.782","",""
"codebreaker","1","9","auto","","10","10","5.12","5.12","5.12","3.5749999999999997","0.384","",""
"codebreaker","1","10","auto","","10","10","5.12","5.12","5.12","3.5749999999999997","0.439","",""
"codebreaker","1","11","auto","","10","10","5.12","5.12","5.12","3.5749999999999997","0.408","",""
"codebreaker","1","12","auto","","10","10","5.12","5.12","5.12","3.5749999999999997","0.522","",""
"codebreaker","1","13","auto","","10","10","5.12","5.12","5.12","3.5749999999999997","0.448","",""
"codebreaker","1","14","auto","","10","10","5.12","5.12","5.12","3.5749999999999997","0.721","",""
"codebreaker","1","15","auto","","10","10","5.12","5.12","5.12","3.5749999999999997","0.754","",""
"codebreaker","1","16","auto","","10","10","5.12","5.12","5.12","3.5749999999999997","0.581","",""
"codebreaker","1","17","auto","","10","10","5.12","5.12","5.12","3.5749999999999997","0.73","",""
"codebreaker","1","18","auto","","10","10","5.12","5.12","5.12","3.5749999999999997","0.917","",""
"codebreaker","1","19","auto","","10","10","5.12","5.12","5.12","3.5749999999999997","0.58","",""
"codebreaker","1","20","auto","","10","10","5.12","5.12","5.12","3.5749999999999997","0.385","",""
"codebreaker","2","1","auto","","10","10","5.19082418087522","5.19082418087522","5.19082418087522","3.6232892142331043","0.725","",""
"codebreaker","2","2","auto","","10","10","5.12","5.19082418087522","5.19082418087522","3.6232892142331043","0.823","",""
"codebreaker","2","3","auto","","10","10","5.12","5.19082418087522","5.19082418087522","3.6232892142331043","0.912","",""
"codebreaker","2","4","auto","","10","10","5.19082418087522","5.19082418087522","5.19082418087522","3.6232892142331043","1.249","",""
"codebreaker","2","5","auto","","10","10","5.12","5.19082418087522","5.19082418087522","3.6232892142331043","0.505","",""
"codebreaker","2","6","auto","","10","10","5.12","5.19082418087522","5.19082418087522","3.6232892142331043","0.522","",""
"codebreaker","2","7","auto","","10","10","5.19082418087522","5.19082418087522","5.19082418087522","3.6232892142331043","0.85","",""
"codebreaker","2","8","auto","","10","10","5.19082418087522","5.19082418087522","5.19082418087522","3.6232892142331043","0.734","",""
"codebreaker","2","9","auto","","10","10","5.19082418087522","5.19082418087522","5.19082418087522","3.6232892142331043","0.844","",""
"codebreaker","2","10","auto","","10","10","5.19082418087522","5.19082418087522","5.19082418087522","3.6232892142331043","1.433","",""
"codebreaker","2","11","auto","","10","10","5.19082418087522","5.19082418087522","5.19082418087522","3.6232892142331043","0.458","",""
"codebreaker","2","12","auto","","10","10","5.19082418087522","5.19082418087522","5.19082418087522","3.6232892142331043","0.619","",""
"codebreaker","2","13","auto","","10","10","5.19082418087522","5.19082418087522","5.19082418087522","3.6232892142331043","1.657","",""
"codebreaker","2","14","auto","","10","10","5.19082418087522","5.19082418087522","5.19082418087522","3.6232892142331043","0.872","",""
"codebreaker","2","15","auto","","10","10","5.19082418087522","5.19082418087522","5.19082418087522","3.6232892142331043","0.711","",""
"codebreaker","2","16","auto","","10","10","5.19082418087522","5.19082418087522","5.19082418087522","3.6232892142331043","0.606","",""
"codebreaker","2","17","auto","","10","10","5.19082418087522","5.19082418087522","5.19082418087522","3.6232892142331043","0.793","",""
"codebreaker","2","18","auto","","10","10","5.19082418087522","5.19082418087522","5.19082418087522","3.6232892142331043","0.677","",""
"codebreaker","2","19","auto","","10","10","5.19082418087522","5.19082418087522","5.19082418087522","3.6232892142331043","1.02","",""
"codebreaker","2","20","auto","","10","10","5.19082418087522","5.19082418087522","5.19082418087522","3.6232892142331043","1.502","",""
"codebreaker","3","1","auto","","10","10","5.19082418087522","5.19082418087522","5.19082418087522","3.6232892142331043","0.739","",""
"codebreaker","3","2","auto","","10","10","5.19082418087522","5.19082418087522","5.19082418087522","3.6232892142331043","1.096","",""
"codebreaker","3","3","auto","","10","10","5.19082418087522","5.19082418087522","5.19082418087522","3.6232892142331043","0.844","",""
"codebreaker","3","4","auto","","10","10","5.19082418087522","5.19082418087522","5.19082418087522","3.6232892142331043","0.936","",""
"codebreaker","3","5","auto","","10","10","5.19082418087522","5.19082418087522","5.19082418087522","3.6232892142331043","0.918","",""
"codebreaker","3","6","auto","","10","10","5.19082418087522","5.19082418087522","5.19082418087522","3.6232892142331043","0.618","",""
"codebreaker","3","7","auto","","10","10","5.19082418087522","5.19082418087522","5.19082418087522","3.6232892142331043","0.759","",""
"codebreaker","3","8","auto","","10","10","5.19082418087522","5.19082418087522","5.19082418087522","3.6232892142331043","1.054","",""
"codebreaker","3","9","auto","","10","10","5.19082418087522","5.19082418087522","5.19082418087522","3.6232892142331043","1.324","",""
"codebreaker","3","10","auto","","10","10","5.19082418087522","5.19082418087522","5.19082418087522","3.6232892142331043","0.828","",""
"codebreaker","3","11","auto","","10","10","5.19082418087522","5.19082418087522","5.19082418087522","3.6232892142331043","1.215","",""
"codebreaker","3","12","auto","","10","10","5.19082418087522","5.19082418087522","5.19082418087522","3.6232892142331043","0.932","",""
"codebreaker","3","13","auto","","10","10","5.19082418087522","5.19082418087522","5.19082418087522","3.6232892142331043","0.724","",""
"codebreaker","3","14","auto","","10","10","5.19082418087522","5.19082418087522","5.19082418087522","3.6232892142331043","0.842","",""
"codebreaker","3","15","auto","","10","10","5.19082418087522","5.19082418087522","5.19082418087522","3.6232892142331043","0.874","",""
"codebreaker","3","16","auto","","10","10","5.19082418087522","5.19082418087522","5.19082418087522","3.6232892142331043","2.611","",""
"codebreaker","3","17","auto","","10","10","5.19082418087522","5.19082418087522","5.19082418087522","3.6232892142331043","1.316","",""
"codebreaker","3","18","auto","","10","10","5.19082418087522","5.19082418087522","5.19082418087522","3.6232892142331043","1.464","",""
"codebreaker","3","19","auto","","10","10","5.19082418087522","5.19082418087522","5.19082418087522","3.6232892142331043","1.655","",""
"codebreaker","3","20","auto","","10","10","5.19082418087522","5.19082418087522","5.19082418087522","3.6232892142331043","1.196","",""
"codebreaker","4","1","auto","","10","10","5.19082418087522","5.19082418087522","5.19082418087522","3.6232892142331043","1.038","",""
"codebreaker","4","2","auto","","10","10","5.19082418087522","5.19082418087522","5.19082418087522","3.6232892142331043","1.402","",""
"codebreaker","4","3","auto","","10","10","5.19082418087522","5.19082418087522","5.19082418087522","3.6232892142331043","1.689","",""
"codebreaker","4","4","auto","","10","10","5.19082418087522","5.19082418087522","5.19082418087522","3.6232892142331043","0.539","",""
"codebreaker","4","5","auto","","10","10","5.19082418087522","5.19082418087522","5.19082418087522","3.6232892142331043","1.088","",""
"codebreaker","4","6","auto","","10","10","5.19082418087522","5.19082418087522","5.19082418087522","3.6232892142331043","0.565","",""
"codebreaker","4","7","auto","","10","10","5.19082418087522","5.19082418087522","5.19082418087522","3.6232892142331043","0.618","",""
"codebreaker","4","8","auto","","10","10","5.19082418087522","5.19082418087522","5.19082418087522","3.6232892142331043","1.384","",""
"codebreaker","4","9","auto","","10","10","5.19082418087522","5.19082418087522","5.19082418087522","3.6232892142331043","0.725","",""
"codebreaker","4","10","auto","","10","10","5.19082418087522","5.19082418087522","5.470824180875219","3.6232892142331043","0.932","",""
"codebreaker","4","11","auto","","10","10","5.19082418087522","5.470824180875219","5.470824180875219","3.7632892142331045","0.65","",""
"codebreaker","4","12","auto","","10","10","5.19082418087522","5.19082418087522","5.470824180875219","3.6232892142331043","0.631","",""
"codebreaker","4","13","auto","","10","10","5.19082418087522","5.470824180875219","5.470824180875219","3.7632892142331045","0.51","",""
"codebreaker","4","14","auto","","10","10","5.19082418087522","5.19082418087522","5.470824180875219","3.6232892142331043","1.293","",""
"codebreaker","4","15","auto","","10","10","5.19082418087522","5.470824180875219","5.470824180875219","3.7632892142331045","0.692","",""
"codebreaker","4","16","auto","","10","10","5.19082418087522","5.470824180875219","5.470824180875219","3.7632892142331045","0.537","",""
"codebreaker","4","17","auto","","10","10","5.19082418087522","5.470824180875219","5.470824180875219","3.7632892142331045","0.673","",""
"codebreaker","4","18","auto","","10","10","5.19082418087522","5.470824180875219","5.470824180875219","3.7632892142331045","0.912","",""
"codebreaker","4","19","auto","","10","10","5.19082418087522","5.470824180875219","5.470824180875219","3.7632892142331045","1.312","",""
"codebreaker","4","20","auto","","10","10","5.470824180875219","5.470824180875219","5.470824180875219","3.7632892142331045","0.532","",""
"codebreaker","5","1","auto","","10","10","5.19082418087522","5.470824180875219","5.470824180875219","3.7632892142331045","1.221","",""
"codebreaker","5","2","auto","","10","10","5.19082418087522","5.470824180875219","5.470824180875219","3.7632892142331045","1.99","",""
"codebreaker","5","3","auto","","10","10","5.470824180875219","5.470824180875219","5.470824180875219","3.7632892142331045","0.597","",""
"codebreaker","5","4","auto","","10","10","5.19082418087522","5.470824180875219","5.470824180875219","3.7632892142331045","0.947","",""
"codebreaker","5","5","auto","","10","10","5.19082418087522","5.470824180875219","5.470824180875219","3.7632892142331045","1.015","",""
"codebreaker","5","6","auto","","10","10","5.19082418087522","5.470824180875219","5.470824180875219","3.7632892142331045","1.007","",""
"codebreaker","5","7","auto","","10","10","5.470824180875219","5.470824180875219","5.470824180875219","3.7632892142331045","0.614","",""
"codebreaker","5","8","auto","","10","10","5.19082418087522","5.470824180875219","5.470824180875219","3.7632892142331045","1.327","",""
"codebreaker","5","9","auto","","10","10","5.19082418087522","5.470824180875219","5.470824180875219","3.7632892142331045","1.234","",""
"codebreaker","5","10","auto","","10","10","5.470824180875219","5.470824180875219","5.470824180875219","3.7632892142331045","0.657","",""
"codebreaker","5","11","auto","","10","10","5.470824180875219","5.470824180875219","5.470824180875219","3.7632892142331045","0.737","",""
"codebreaker","5","12","auto","","10","10","5.19082418087522","5.470824180875219","5.470824180875219","3.7632892142331045","1.528","",""
"codebreaker","5","13","auto","","10","10","5.19082418087522","5.470824180875219","5.470824180875219","3.7632892142331045","1.32","",""
"codebreaker","5","14","auto","","10","10","5.470824180875219","5.470824180875219","5.470824180875219","3.7632892142331045","0.804","",""
"codebreaker","5","15","auto","","10","10","5.470824180875219","5.470824180875219","5.470824180875219","3.7632892142331045","0.804","",""
"codebreaker","5","16","auto","","10","10","5.19082418087522","5.470824180875219","5.470824180875219","3.7632892142331045","1.1","",""
"codebreaker","5","17","auto","","10","10","5.470824180875219","5.470824180875219","5.470824180875219","3.7632892142331045","0.783","",""
"codebreaker","5","18","auto","","10","10","5.470824180875219","5.470824180875219","5.470824180875219","3.7632892142331045","1.191","",""
"codebreaker","5","19","auto","","10","10","5.470824180875219","5.470824180875219","5.470824180875219","3.7632892142331045","0.44","",""
"codebreaker","5","20","auto","","10","10","5.470824180875219","5.470824180875219","5.470824180875219","3.7632892142331045","0.725","",""
"codebreaker","6","1","auto","","10","10","5.470824180875219","5.470824180875219","5.470824180875219","3.7632892142331045","1.253","",""
"codebreaker","6","2","auto","","10","10","5.470824180875219","5.470824180875219","5.470824180875219","3.7632892142331045","0.988","",""
"codebreaker","6","3","auto","","10","10","5.470824180875219","5.470824180875219","5.470824180875219","3.7632892142331045","0.603","",""
"codebreaker","6","4","auto","","10","10","5.470824180875219","5.470824180875219","5.470824180875219","3.7632892142331045","0.982","",""
"codebreaker","6","5","auto","","10","10","5.4","5.470824180875219","5.470824180875219","3.7632892142331045","0.655","",""
"codebreaker","6","6","auto","","10","10","5.470824180875219","5.470824180875219","5.470824180875219","3.7632892142331045","1.406","",""
"codebreaker","6","7","auto","","10","10","5.470824180875219","5.470824180875219","5.470824180875219","3.7632892142331045","1.191","",""
"codebreaker","6","8","auto","","10","10","5.470824180875219","5.470824180875219","5.470824180875219","3.7632892142331045","1.197","",""
"codebreaker","6","9","auto","","10","10","5.470824180875219","5.470824180875219","5.470824180875219","3.7632892142331045","0.577","",""
"codebreaker","6","10","auto","","10","10","5.470824180875219","5.470824180875219","5.470824180875219","3.7632892142331045","0.94","",""
"codebreaker","6","11","auto","","10","10","5.470824180875219","5.470824180875219","5.470824180875219","3.7632892142331045","0.742","",""
"codebreaker","6","12","auto","","10","10","5.470824180875219","5.470824180875219","5.470824180875219","3.7632892142331045","1.016","",""
"codebreaker","6","13","auto","","10","10","5.470824180875219","5.470824180875219","5.470824180875219","3.7632892142331045","0.842","",""
"codebreaker","6","14","auto","","10","10","5.470824180875219","5.470824180875219","5.470824180875219","3.7632892142331045","0.777","",""
"codebreaker","6","15","auto","","10","10","5.470824180875219","5.470824180875219","5.470824180875219","3.7632892142331045","0.712","",""
"codebreaker","6","16","auto","","10","10","5.470824180875219","5.470824180875219","5.470824180875219","3.7632892142331045","0.81","",""
"codebreaker","6","17","auto","","10","10","5.470824180875219","5.470824180875219","5.470824180875219","3.7632892142331045","0.929","",""
"codebreaker","6","18","auto","","10","10","5.470824180875219","5.470824180875219","5.470824180875219","3.7632892142331045","1.209","",""
"codebreaker","6","19","auto","","10","10","5.470824180875219","5.470824180875219","5.470824180875219","3.7632892142331045","0.692","",""
"codebreaker","6","20","auto","","10","10","5.470824180875219","5.470824180875219","5.470824180875219","3.7632892142331045","0.594","",""
"perspective_puzzle","1","1","auto","","10","10","3.68582418087522","3.68582418087522","3.68582418087522","2.9682892142331045","1.275","",""
"perspective_puzzle","1","2","auto","","10","10","3.68582418087522","3.68582418087522","3.68582418087522","2.9682892142331045","0.599","",""
"perspective_puzzle","1","3","auto","","10","10","3.68582418087522","3.68582418087522","3.68582418087522","2.9682892142331045","0.907","",""
"perspective_puzzle","1","4","auto","","10","10","3.68582418087522","3.68582418087522","3.68582418087522","2.9682892142331045","1.754","",""
"perspective_puzzle","1","5","auto","","10","10","3.68582418087522","3.68582418087522","3.68582418087522","2.9682892142331045","1.485","",""
"perspective_puzzle","1","6","auto","","10","10","3.68582418087522","3.68582418087522","3.68582418087522","2.9682892142331045","0.682","",""
"perspective_puzzle","1","7","auto","","10","10","3.68582418087522","3.68582418087522","3.68582418087522","2.9682892142331045","1.228","",""
"perspective_puzzle","1","8","auto","","10","10","3.68582418087522","3.68582418087522","3.68582418087522","2.9682892142331045","1.783","",""
"perspective_puzzle","1","9","auto","","10","10","3.68582418087522","3.68582418087522","3.68582418087522","2.9682892142331045","1.62","",""
"perspective_puzzle","1","10","auto","","10","10","3.68582418087522","3.68582418087522","3.68582418087522","2.9682892142331045","1.122","",""
"perspective_puzzle","1","11","auto","","10","10","3.68582418087522","3.68582418087522","3.68582418087522","2.9682892142331045","2.481","",""
"perspective_puzzle","1","12","auto","","10","10","3.68582418087522","3.68582418087522","3.68582418087522","2.9682892142331045","2.502","",""
"perspective_puzzle","1","13","auto","","10","10","3.68582418087522","3.68582418087522","3.68582418087522","2.9682892142331045","2.037","",""
"perspective_puzzle","1","14","auto","","10","10","3.68582418087522","3.68582418087522","3.68582418087522","2.9682892142331045","3.02","",""
"perspective_puzzle","1","15","auto","","10","10","3.68582418087522","3.68582418087522","3.68582418087522","2.9682892142331045","2.014","",""
"perspective_puzzle","1","16","auto","","10","10","3.68582418087522","3.68582418087522","3.68582418087522","2.9682892142331045","3.046","",""
"perspective_puzzle","1","17","auto","","10","10","3.68582418087522","3.68582418087522","3.68582418087522","2.9682892142331045","2.792","",""
"perspective_puzzle","1","18","auto","","10","10","3.68582418087522","3.68582418087522","3.68582418087522","2.9682892142331045","3.008","",""
"perspective_puzzle","1","19","auto","","10","10","3.68582418087522","3.68582418087522","3.68582418087522","2.9682892142331045","2.694","",""
"perspective_puzzle","1","20","auto","","10","10","3.68582418087522","3.68582418087522","3.68582418087522","2.9682892142331045","3.864","",""
"perspective_puzzle","2","1","auto","","10","10","3.68582418087522","3.68582418087522","3.68582418087522","2.9682892142331045","1.772","",""
"perspective_puzzle","2","2","auto","","10","10","3.68582418087522","3.68582418087522","3.68582418087522","2.9682892142331045","1.311","",""
"perspective_puzzle","2","3","auto","","10","10","3.68582418087522","3.68582418087522","3.68582418087522","2.9682892142331045","1.383","",""
"perspective_puzzle","2","4","auto","","10","10","3.68582418087522","3.68582418087522","3.68582418087522","2.9682892142331045","1.862","",""
"perspective_puzzle","2","5","auto","","10","10","3.68582418087522","3.68582418087522","3.68582418087522","2.9682892142331045","1.691","",""
"perspective_puzzle","2","6","auto","","10","10","3.68582418087522","3.68582418087522","3.68582418087522","2.9682892142331045","1.228","",""
"perspective_puzzle","2","7","auto","","10","10","3.68582418087522","3.68582418087522","3.68582418087522","2.9682892142331045","1.375","",""
"perspective_puzzle","2","8","auto","","10","10","3.68582418087522","3.68582418087522","3.68582418087522","2.9682892142331045","2.595","",""
"perspective_puzzle","2","9","auto","","10","10","3.68582418087522","3.68582418087522","3.68582418087522","2.9682892142331045","1.201","",""
"perspective_puzzle","2","10","auto","","10","10","3.68582418087522","3.68582418087522","3.68582418087522","2.9682892142331045","1.808","",""
"perspective_puzzle","2","11","auto","","10","10","3.68582418087522","3.68582418087522","3.68582418087522","2.9682892142331045","2.656","",""
"perspective_puzzle","2","12","auto","","10","10","3.68582418087522","3.68582418087522","3.68582418087522","2.9682892142331045","1.96","",""
"perspective_puzzle","2","13","auto","","10","10","3.68582418087522","3.68582418087522","3.68582418087522","2.9682892142331045","2.107","",""
"perspective_puzzle","2","14","auto","","10","10","3.68582418087522","3.68582418087522","3.68582418087522","2.9682892142331045","2.745","",""
"perspective_puzzle","2","15","auto","","10","10","3.68582418087522","3.68582418087522","3.68582418087522","2.9682892142331045","3.363","",""
"perspective_puzzle","2","16","auto","","10","10","3.68582418087522","3.68582418087522","3.68582418087522","2.9682892142331045","2.228","",""
"perspective_puzzle","2","17","auto","","10","10","3.68582418087522","3.68582418087522","3.68582418087522","2.9682892142331045","2.721","",""
"perspective_puzzle","2","18","auto","","10","10","3.68582418087522","3.68582418087522","3.68582418087522","2.9682892142331045","2.067","",""
"perspective_puzzle","2","19","auto","","10","10","3.68582418087522","3.68582418087522","3.68582418087522","2.9682892142331045","4.829","",""
"perspective_puzzle","2","20","auto","","10","10","3.68582418087522","3.68582418087522","3.68582418087522","2.9682892142331045","3.165","",""
"perspective_puzzle","3","1","auto","","10","10","3.68582418087522","3.68582418087522","3.68582418087522","2.9682892142331045","2.353","",""
"perspective_puzzle","3","2","auto","","10","10","3.68582418087522","3.68582418087522","3.68582418087522","2.9682892142331045","1.769","",""
"perspective_puzzle","3","3","auto","","10","10","3.68582418087522","3.68582418087522","3.68582418087522","2.9682892142331045","1.669","",""
"perspective_puzzle","3","4","auto","","10","10","3.68582418087522","3.68582418087522","3.68582418087522","2.9682892142331045","1.825","",""
"perspective_puzzle","3","5","auto","","10","10","3.68582418087522","3.68582418087522","3.68582418087522","2.9682892142331045","2.207","",""
"perspective_puzzle","3","6","auto","","10","10","3.68582418087522","3.68582418087522","3.68582418087522","2.9682892142331045","2.114","",""
"perspective_puzzle","3","7","auto","","10","10","3.68582418087522","3.68582418087522","3.68582418087522","2.9682892142331045","2.726","",""
"perspective_puzzle","3","8","auto","","10","10","3.68582418087522","3.68582418087522","3.68582418087522","2.9682892142331045","3.938","",""
"perspective_puzzle","3","9","auto","","10","10","3.68582418087522","3.68582418087522","3.68582418087522","2.9682892142331045","4.919","",""
"perspective_puzzle","3","10","auto","","10","10","3.68582418087522","3.68582418087522","3.68582418087522","2.9682892142331045","3.556","",""
"perspective_puzzle","3","11","auto","","10","10","3.68582418087522","3.68582418087522","3.68582418087522","2.9682892142331045","2.632","",""
"perspective_puzzle","3","12","auto","","10","10","3.68582418087522","3.68582418087522","3.68582418087522","2.9682892142331045","3.243","",""
"perspective_puzzle","3","13","auto","","10","10","3.68582418087522","3.68582418087522","3.68582418087522","2.9682892142331045","2.848","",""
"perspective_puzzle","3","14","auto","","10","10","3.68582418087522","3.68582418087522","3.68582418087522","2.9682892142331045","2.682","",""
"perspective_puzzle","3","15","auto","","10","10","3.68582418087522","3.68582418087522","3.68582418087522","2.9682892142331045","1.979","",""
"perspective_puzzle","3","16","auto","","10","10","3.68582418087522","3.68582418087522","3.68582418087522","2.9682892142331045","2.23","",""
"perspective_puzzle","3","17","auto","","10","10","3.68582418087522","3.68582418087522","3.68582418087522","2.9682892142331045","2.301","",""
"perspective_puzzle","3","18","auto","","10","10","3.68582418087522","3.68582418087522","3.68582418087522","2.9682892142331045","2.802","",""
"perspective_puzzle","3","19","auto","","10","10","3.68582418087522","3.68582418087522","3.68582418087522","2.9682892142331045","2.344","",""
"perspective_puzzle","3","20","auto","","10","10","3.68582418087522","3.68582418087522","3.68582418087522","2.9682892142331045","2.408","",""
"perspective_puzzle","4","1","auto","","10","10","3.68582418087522","3.68582418087522","3.68582418087522","2.9682892142331045","1.8","",""
"perspective_puzzle","4","2","auto","","10","10","3.68582418087522","3.68582418087522","3.68582418087522","2.9682892142331045","1.21","",""
"perspective_puzzle","4","3","auto","","10","10","3.68582418087522","3.68582418087522","3.68582418087522","2.9682892142331045","1.903","",""
"perspective_puzzle","4","4","auto","","10","10","3.68582418087522","3.68582418087522","3.68582418087522","2.9682892142331045","1.353","",""
"perspective_puzzle","4","5","auto","","10","10","3.68582418087522","3.68582418087522","3.68582418087522","2.9682892142331045","2.662","",""
"perspective_puzzle","4","6","auto","","10","10","3.68582418087522","3.68582418087522","3.68582418087522","2.9682892142331045","2.546","",""
"perspective_puzzle","4","7","auto","","10","10","3.68582418087522","3.68582418087522","3.68582418087522","2.9682892142331045","1.78","",""
"perspective_puzzle","4","8","auto","","10","10","3.68582418087522","3.68582418087522","3.68582418087522","2.9682892142331045","2.269","",""
"perspective_puzzle","4","9","auto","","10","10","3.68582418087522","3.68582418087522","3.68582418087522","2.9682892142331045","2.168","",""
"perspective_puzzle","4","10","auto","","10","10","3.68582418087522","3.68582418087522","3.68582418087522","2.9682892142331045","2.375","",""
"perspective_puzzle","4","11","auto","","10","10","3.68582418087522","3.68582418087522","3.68582418087522","2.9682892142331045","2.178","",""
"perspective_puzzle","4","12","auto","","10","10","3.68582418087522","3.68582418087522","3.68582418087522","2.9682892142331045","1.797","",""
"perspective_puzzle","4","13","auto","","10","10","3.68582418087522","3.68582418087522","3.68582418087522","2.9682892142331045","1.941","",""
"perspective_puzzle","4","14","auto","","10","10","3.68582418087522","3.68582418087522","3.68582418087522","2.9682892142331045","2.305","",""
"perspective_puzzle","4","15","auto","","10","10","3.68582418087522","3.68582418087522","3.68582418087522","2.9682892142331045","2.307","",""
"perspective_puzzle","4","16","auto","","10","10","3.68582418087522","3.68582418087522","3.68582418087522","2.9682892142331045","2.348","",""
"perspective_puzzle","4","17","auto","","10","10","3.68582418087522","3.68582418087522","3.68582418087522","2.9682892142331045","3.151","",""
"perspective_puzzle","4","18","auto","","10","10","3.68582418087522","3.68582418087522","3.68582418087522","2.9682892142331045","2.557","",""
"perspective_puzzle","4","19","auto","","10","10","3.68582418087522","3.68582418087522","3.68582418087522","2.9682892142331045","1.88","",""
"perspective_puzzle","4","20","auto","","10","10","3.68582418087522","3.68582418087522","3.68582418087522","2.9682892142331045","2.302","",""
"perspective_puzzle","5","1","auto","","10","10","3.68582418087522","3.68582418087522","3.68582418087522","2.9682892142331045","3.2","",""
"perspective_puzzle","5","2","auto","","10","10","3.68582418087522","3.68582418087522","3.68582418087522","2.9682892142331045","1.971","",""
"perspective_puzzle","5","3","auto","","10","10","3.68582418087522","3.68582418087522","3.68582418087522","2.9682892142331045","2.572","",""
"perspective_puzzle","5","4","auto","","10","10","3.68582418087522","3.68582418087522","3.68582418087522","2.9682892142331045","3.19","",""
"perspective_puzzle","5","5","auto","","10","10","3.68582418087522","3.68582418087522","3.68582418087522","2.9682892142331045","2.332","",""
"perspective_puzzle","5","6","auto","","10","10","3.68582418087522","3.68582418087522","3.68582418087522","2.9682892142331045","2.251","",""
"perspective_puzzle","5","7","auto","","10","10","3.68582418087522","3.68582418087522","3.68582418087522","2.9682892142331045","2.038","",""
"perspective_puzzle","5","8","auto","","10","10","3.68582418087522","3.68582418087522","3.68582418087522","2.9682892142331045","2.448","",""
"perspective_puzzle","5","9","auto","","10","10","3.68582418087522","3.68582418087522","3.68582418087522","2.9682892142331045","1.843","",""
"perspective_puzzle","5","10","auto","","10","10","3.68582418087522","3.68582418087522","3.68582418087522","2.9682892142331045","1.961","",""
"perspective_puzzle","5","11","auto","","10","10","3.68582418087522","3.68582418087522","3.68582418087522","2.9682892142331045","2.045","",""
"perspective_puzzle","5","12","auto","","10","10","3.68582418087522","3.68582418087522","3.68582418087522","2.9682892142331045","1.697","",""
"perspective_puzzle","5","13","auto","","10","10","3.68582418087522","3.68582418087522","3.68582418087522","2.9682892142331045","2.69","",""
"perspective_puzzle","5","14","auto","","10","10","3.68582418087522","3.68582418087522","3.68582418087522","2.9682892142331045","2.465","",""
"perspective_puzzle","5","15","auto","","10","10","3.68582418087522","3.68582418087522","3.68582418087522","2.9682892142331045","2.509","",""
"perspective_puzzle","5","16","auto","","10","10","3.68582418087522","3.68582418087522","3.68582418087522","2.9682892142331045","3.107","",""
"perspective_puzzle","5","17","auto","","10","10","3.68582418087522","3.68582418087522","3.68582418087522","2.9682892142331045","3.113","",""
"perspective_puzzle","5","18","auto","","10","10","3.68582418087522","3.68582418087522","3.68582418087522","2.9682892142331045","1.713","",""
"perspective_puzzle","5","19","auto","","10","10","3.68582418087522","3.68582418087522","3.68582418087522","2.9682892142331045","3.243","",""
"perspective_puzzle","5","20","auto","","10","10","3.68582418087522","3.68582418087522","3.68582418087522","2.9682892142331045","1.606","",""
"perspective_puzzle","6","1","auto","","10","10","3.68582418087522","3.68582418087522","3.68582418087522","2.9682892142331045","3.556","",""
"perspective_puzzle","6","2","auto","","10","10","3.68582418087522","3.68582418087522","3.68582418087522","2.9682892142331045","3.515","",""
"perspective_puzzle","6","3","auto","","10","10","3.68582418087522","3.68582418087522","3.68582418087522","2.9682892142331045","1.76","",""
"perspective_puzzle","6","4","auto","","10","10","3.68582418087522","3.68582418087522","3.68582418087522","2.9682892142331045","1.919","",""
"perspective_puzzle","6","5","auto","","10","10","3.68582418087522","3.68582418087522","3.68582418087522","2.9682892142331045","2.584","",""
"perspective_puzzle","6","6","auto","","10","10","3.68582418087522","3.68582418087522","3.68582418087522","2.9682892142331045","2.224","",""
"perspective_puzzle","6","7","auto","","10","10","3.68582418087522","3.68582418087522","3.68582418087522","2.9682892142331045","1.375","",""
"perspective_puzzle","6","8","auto","","10","10","3.68582418087522","3.68582418087522","3.68582418087522","2.9682892142331045","3.054","",""
"perspective_puzzle","6","9","auto","","10","10","3.68582418087522","3.68582418087522","3.68582418087522","2.9682892142331045","3.741","",""
"perspective_puzzle","6","10","auto","","10","10","3.68582418087522","3.68582418087522","3.68582418087522","2.9682892142331045","2.066","",""
"perspective_puzzle","6","11","auto","","10","10","3.68582418087522","3.68582418087522","3.68582418087522","2.9682892142331045","2.474","",""
"perspective_puzzle","6","12","auto","","10","10","3.68582418087522","3.68582418087522","3.68582418087522","2.9682892142331045","2.186","",""
"perspective_puzzle","6","13","auto","","10","10","3.68582418087522","3.68582418087522","3.68582418087522","2.9682892142331045","3.007","",""
"perspective_puzzle","6","14","auto","","10","10","3.68582418087522","3.68582418087522","3.68582418087522","2.9682892142331045","2.377","",""
"perspective_puzzle","6","15","auto","","10","10","3.68582418087522","3.68582418087522","3.68582418087522","2.9682892142331045","1.981","",""
"perspective_puzzle","6","16","auto","","10","10","3.68582418087522","3.68582418087522","3.68582418087522","2.9682892142331045","2.565","",""
"perspective_puzzle","6","17","auto","","10","10","3.68582418087522","3.68582418087522","3.68582418087522","2.9682892142331045","4.246","",""
"perspective_puzzle","6","18","auto","","10","10","3.68582418087522","3.68582418087522","3.68582418087522","2.9682892142331045","2.161","",""
"perspective_puzzle","6","19","auto","","10","10","3.68582418087522","3.68582418087522","3.68582418087522","2.9682892142331045","3.988","",""
"perspective_puzzle","6","20","auto","","10","10","3.68582418087522","3.68582418087522","3.68582418087522","2.9682892142331045","3.49","",""
"block_counter","1","1","auto","","10","10","2.937618082852673","2.959515931033874","2.959515931033874","2.396033589341278","0.222","",""
"block_counter","1","2","auto","","10","10","2.937618082852673","2.937618082852673","2.959515931033874","2.381103238308641","0.22","",""
"block_counter","1","3","auto","","10","10","2.937618082852673","2.959515931033874","2.959515931033874","2.396033589341278","0.152","",""
"block_counter","1","4","auto","","10","10","3.034544052957589","3.0810749561002053","3.0810749561002053","2.4789147427955944","0.222","",""
"block_counter","1","5","auto","","10","10","3.05082418087522","3.0810749561002053","3.2313098330113275","2.4789147427955944","0.269","",""
"block_counter","1","6","auto","","10","10","3.05082418087522","3.0810749561002053","3.2313098330113275","2.4789147427955944","0.214","",""
"block_counter","1","7","auto","","10","10","3.05082418087522","3.0810749561002053","3.2067662751798114","2.4789147427955944","0.232","",""
"block_counter","1","8","auto","","10","10","3.1460752504759633","3.2652134892890894","3.296075250475963","2.601222635977739","0.298","",""
"block_counter","1","9","auto","","10","10","3.1340967379910403","3.275815028417106","3.3900967379910405","2.608245095132875","0.325","",""
"block_counter","1","10","auto","","10","10","3.1216483617504394","3.1460752504759633","3.296075250475963","2.5232331253245204","0.331","",""
"block_counter","1","11","auto","","10","10","3.1086917501586546","3.2652134892890894","3.3460752504759634","2.601222635977739","0.286","",""
"block_counter","1","12","auto","","10","10","3.1899231882851127","3.3666775578455397","3.411669214603023","2.668804217247627","0.314","",""
"block_counter","1","13","auto","","10","10","3.2097667062588595","3.361612961785209","3.39101670625886","2.6701257206977074","0.39","",""
"block_counter","1","14","auto","","10","10","3.1899231882851127","3.315184390356637","3.4258064516129036","2.634411434983422","0.27","",""
"block_counter","1","15","auto","","10","10","3.219241825075075","3.361612961785209","3.411669214603023","2.6701257206977074","0.28","",""
"block_counter","1","16","auto","","10","10","3.293778246034462","3.404912851963187","3.4544130737717027","2.6982159819535094","0.388","",""
"block_counter","1","17","auto","","10","10","3.2284422637278927","3.4180171500844985","3.47082418087522","2.7032378573192535","0.293","",""
"block_counter","1","18","auto","","10","10","3.3745263574601663","3.4111614410159787","3.48143178423084","2.6986328006927125","0.544","",""
"block_counter","1","19","auto","","10","10","3.219241825075075","3.4247306269868423","3.486635388891605","2.7077492370148386","0.455","",""
"block_counter","1","20","auto","","10","10","3.262788488149695","3.404912851963187","3.495084593498129","2.6982159819535094","0.602","",""
"block_counter","2","1","auto","","10","10","3.034544052957589","3.0810749561002053","3.2313098330113275","2.4789147427955944","0.199","",""
"block_counter","2","2","auto","","10","10","3.05082418087522","3.0810749561002053","3.2313098330113275","2.4789147427955944","0.296","",""
"block_counter","2","3","auto","","10","10","3.034544052957589","3.2067662751798114","3.2429797180049675","2.5627446825720934","0.185","",""
"block_counter","2","4","auto","","10","10","3.1086917501586546","3.2860967379910404","3.315184390356637","2.615065957721164","0.229","",""
"block_counter","2","5","auto","","10","10","3.1216483617504394","3.168755818928066","3.3539143791489696","2.5386971492691357","0.457","",""
"block_counter","2","6","auto","","10","10","3.1340967379910403","3.2860967379910404","3.3057662310008213","2.615065957721164","0.424","",""
"block_counter","2","7","auto","","10","10","3.1216483617504394","3.157618082852673","3.3057662310008213","2.5311032383086407","0.401","",""
"block_counter","2","8","auto","","10","10","3.1899231882851127","3.3666775578455397","3.404912851963187","2.668804217247627","0.337","",""
"block_counter","2","9","auto","","10","10","3.219241825075075","3.3691711034476675","3.4544701046423514","2.6749991065826575","0.291","",""
"block_counter","2","10","auto","","10","10","3.219241825075075","3.361612961785209","3.4316417062588602","2.6701257206977074","0.532","",""
"block_counter","2","11","auto","","10","10","3.1795159310338743","3.341935483870968","3.411669214603023","2.652258064516129","0.496","",""
"block_counter","2","12","auto","","10","10","3.293778246034462","3.437490847541887","3.48143178423084","2.719571265515156","0.418","",""
"block_counter","2","13","auto","","10","10","3.2284422637278927","3.4111614410159787","3.4761614410159787","2.6986328006927125","0.406","",""
"block_counter","2","14","auto","","10","10","3.27082418087522","3.4247306269868423","3.486635388891605","2.7077492370148386","0.419","",""
"block_counter","2","15","auto","","10","10","3.237383500317309","3.449724467157669","3.5175877698439857","2.7276281012216925","0.385","",""
"block_counter","2","16","auto","","10","10","3.2786614410159785","3.4247306269868423","3.4544130737717027","2.7077492370148386","0.429","",""
"block_counter","2","17","auto","","10","10","3.358635764469015","3.431209540781274","3.4905241848828137","2.7154419117767055","0.42","",""
"block_counter","2","18","auto","","10","10","3.3821908515494803","3.431209540781274","3.5175877698439857","2.7154419117767055","0.569","",""
"block_counter","2","19","auto","","10","10","3.2786614410159785","3.4111614410159787","3.437490847541887","2.6986328006927125","0.442","",""
"block_counter","2","20","auto","","10","10","3.237383500317309","3.3821908515494803","3.4488120717458806","2.6791957826221204","0.728","",""
"block_counter","3","1","auto","","10","10","3.1086917501586546","3.296075250475963","3.315184390356637","2.6216946637860588","0.323","",""
"block_counter","3","2","auto","","10","10","3.157618082852673","3.2860967379910404","3.3539143791489696","2.615065957721164","0.212","",""
"block_counter","3","3","auto","","10","10","3.1340967379910403","3.157618082852673","3.321735228419524","2.5311032383086407","0.358","",""
"block_counter","3","4","auto","","10","10","3.341935483870968","3.3666775578455397","3.3745263574601663","2.668804217247627","0.629","",""
"block_counter","3","5","auto","","10","10","3.2097667062588595","3.3691711034476675","3.4488120717458806","2.6749991065826575","0.665","",""
"block_counter","3","6","auto","","10","10","3.1899231882851127","3.3503917062588595","3.3666775578455397","2.657909117903768","0.246","",""
"block_counter","3","7","auto","","10","10","3.315184390356637","3.3666775578455397","3.443148146080834","2.668804217247627","0.384","",""
"block_counter","3","8","auto","","10","10","3.246079740438369","3.443148146080834","3.486635388891605","2.727627746659392","0.289","",""
"block_counter","3","9","auto","","10","10","3.2284422637278927","3.437490847541887","3.486635388891605","2.719571265515156","0.471","",""
"block_counter","3","10","auto","","10","10","3.4111614410159787","3.4436614410159785","3.476817582650833","2.727627746659392","0.425","",""
"block_counter","3","11","auto","","10","10","3.2786614410159785","3.404912851963187","3.4183019626605917","2.6982159819535094","0.365","",""
"block_counter","3","12","auto","","10","10","3.2284422637278927","3.3666775578455397","3.424814323227859","2.668804217247627","0.416","",""
"block_counter","3","13","auto","","10","10","3.2863098330113276","3.431209540781274","3.443148146080834","2.7154419117767055","0.387","",""
"block_counter","3","14","auto","","10","10","3.3745263574601663","3.424814323227859","3.48143178423084","2.711243181070592","0.485","",""
"block_counter","3","15","auto","","10","10","3.219241825075075","3.398029703862954","3.4761614410159787","2.693725486793612","0.335","",""
"block_counter","3","16","auto","","10","10","3.293778246034462","3.437423643256893","3.4544130737717027","2.719571265515156","0.529","",""
"block_counter","3","17","auto","","10","10","3.246079740438369","3.3969990144654845","3.4180171500844985","2.6891261223030214","0.404","",""
"block_counter","3","18","auto","","10","10","3.219241825075075","3.404157514208553","3.449724467157669","2.6939302398741303","0.447","",""
"block_counter","3","19","auto","","10","10","3.27082418087522","3.411669214603023","3.476817582650833","2.702631607359204","0.438","",""
"block_counter","3","20","auto","","10","10","3.262788488149695","3.3896791880927237","3.499630593412853","2.6842161540435647","0.28","",""
"block_counter","4","1","auto","","10","10","3.2","3.333256521618446","3.39101670625886","2.6464627798913645","0.306","",""
"block_counter","4","2","auto","","10","10","3.2097667062588595","3.341935483870968","3.4316417062588602","2.652258064516129","0.5","",""
"block_counter","4","3","auto","","10","10","3.341935483870968","3.443148146080834","3.4677419354838714","2.727627746659392","0.281","",""
"block_counter","4","4","auto","","10","10","3.237383500317309","3.3821908515494803","3.486635388891605","2.6791957826221204","0.343","",""
"block_counter","4","5","auto","","10","10","3.246079740438369","3.4111614410159787","3.437490847541887","2.6986328006927125","0.434","",""
"block_counter","4","6","auto","","10","10","3.237383500317309","3.4544130737717027","3.557854028433775","2.7347513381776762","0.558","",""
"block_counter","4","7","auto","","10","10","3.404157514208553","3.455683007939224","3.486635388891605","2.7315587608243623","0.509","",""
"block_counter","4","8","auto","","10","10","3.293778246034462","3.449724467157669","3.486635388891605","2.7276281012216925","0.4","",""
"block_counter","4","9","auto","","10","10","3.246079740438369","3.4111614410159787","3.48143178423084","2.6986328006927125","0.344","",""
"block_counter","4","10","auto","","10","10","3.237383500317309","3.3969990144654845","3.5086614410159784","2.6891261223030214","0.301","",""
"block_counter","4","11","auto","","10","10","3.237383500317309","3.3896791880927237","3.4436614410159785","2.6842161540435647","0.455","",""
"block_counter","4","12","auto","","10","10","3.262788488149695","3.437490847541887","3.499630593412853","2.719571265515156","0.397","",""
"block_counter","4","13","auto","","10","10","3.246079740438369","3.398029703862954","3.5485401507963665","2.693725486793612","0.387","",""
"block_counter","4","14","auto","","10","10","3.293778246034462","3.4180171500844985","3.4761614410159787","2.7032378573192535","0.405","",""
"block_counter","4","15","auto","","10","10","3.3745263574601663","3.404157514208553","3.4488120717458806","2.6939302398741303","0.424","",""
"block_counter","4","16","auto","","10","10","3.27082418087522","3.437490847541887","3.455683007939224","2.719571265515156","0.328","",""
"block_counter","4","17","auto","","10","10","3.2863098330113276","3.404912851963187","3.4654200670970634","2.6982159819535094","0.374","",""
"block_counter","4","18","auto","","10","10","3.27082418087522","3.358635764469015","3.455683007939224","2.6634224564905815","0.389","",""
"block_counter","4","19","auto","","10","10","3.246079740438369","3.404157514208553","3.481383440198481","2.6939302398741303","0.645","",""
"block_counter","4","20","auto","","10","10","3.3666775578455397","3.404157514208553","3.4544130737717027","2.6939302398741303","0.37","",""
"block_counter","5","1","auto","","10","10","3.3745263574601663","3.4599494583629946","3.499630593412853","2.738270208097619","0.402","",""
"block_counter","5","2","auto","","10","10","3.246079740438369","3.4111614410159787","3.431209540781274","2.6986328006927125","0.368","",""
"block_counter","5","3","auto","","10","10","3.2863098330113276","3.4436614410159785","3.486635388891605","2.7236328006927124","0.413","",""
"block_counter","5","4","auto","","10","10","3.293778246034462","3.4488120717458806","3.48143178423084","2.7276281012216925","0.554","",""
"block_counter","5","5","auto","","10","10","3.2284422637278927","3.3666775578455397","3.437490847541887","2.668804217247627","0.368","",""
"block_counter","5","6","auto","","10","10","3.262788488149695","3.411669214603023","3.47082418087522","2.702631607359204","0.468","",""
"block_counter","5","7","auto","","10","10","3.237383500317309","3.3666775578455397","3.486635388891605","2.668804217247627","0.513","",""
"block_counter","5","8","auto","","10","10","3.246079740438369","3.4111614410159787","3.4761614410159787","2.6986328006927125","0.589","",""
"block_counter","5","9","auto","","10","10","3.27082418087522","3.437423643256893","3.449724467157669","2.719571265515156","0.728","",""
"block_counter","5","10","auto","","10","10","3.246079740438369","3.431209540781274","3.5302197286332646","2.7154419117767055","0.717","",""
"block_counter","5","11","auto","","10","10","3.3821908515494803","3.431209540781274","3.5131391013040103","2.7154419117767055","0.466","",""
"block_counter","5","12","auto","","10","10","3.3745263574601663","3.486635388891605","3.5086614410159784","2.755368284633886","0.382","",""
"block_counter","5","13","auto","","10","10","3.293778246034462","3.4111614410159787","3.5131391013040103","2.6986328006927125","0.379","",""
"block_counter","5","14","auto","","10","10","3.2284422637278927","3.411669214603023","3.449724467157669","2.702631607359204","0.637","",""
"block_counter","5","15","auto","","10","10","3.262788488149695","3.455683007939224","3.5086614410159784","2.7315587608243623","0.439","",""
"block_counter","5","16","auto","","10","10","3.2545440529575886","3.3821908515494803","3.4654200670970634","2.6791957826221204","0.407","",""
"block_counter","5","17","auto","","10","10","3.237383500317309","3.404912851963187","3.455683007939224","2.6982159819535094","0.574","",""
"block_counter","5","18","auto","","10","10","3.2786614410159785","3.437490847541887","3.5041575142085533","2.719571265515156","0.534","",""
"block_counter","5","19","auto","","10","10","3.2545440529575886","3.4436614410159785","3.4859549288887375","2.7236328006927124","0.416","",""
"block_counter","5","20","auto","","10","10","3.237383500317309","3.4111614410159787","3.5041575142085533","2.6986328006927125","0.495","",""
"block_counter","6","1","auto","","10","10","3.2545440529575886","3.411669214603023","3.5086614410159784","2.702631607359204","0.651","",""
"block_counter","6","2","auto","","10","10","3.237383500317309","3.3896791880927237","3.437490847541887","2.6842161540435647","0.672","",""
"block_counter","6","3","auto","","10","10","3.2284422637278927","3.431209540781274","3.48143178423084","2.7154419117767055","0.446","",""
"block_counter","6","4","auto","","10","10","3.2863098330113276","3.3821908515494803","3.4247306269868423","2.6791957826221204","0.627","",""
"block_counter","6","5","auto","","10","10","3.2863098330113276","3.4183019626605917","3.48143178423084","2.706973560399898","0.357","",""
"block_counter","6","6","auto","","10","10","3.246079740438369","3.4183019626605917","3.4599494583629946","2.706973560399898","0.359","",""
"block_counter","6","7","auto","","10","10","3.262788488149695","3.455683007939224","3.499630593412853","2.7315587608243623","0.558","",""
"block_counter","6","8","auto","","10","10","3.2863098330113276","3.398029703862954","3.449724467157669","2.693725486793612","0.605","",""
"block_counter","6","9","auto","","10","10","3.262788488149695","3.404912851963187","3.4544130737717027","2.6982159819535094","0.387","",""
"block_counter","6","10","auto","","10","10","3.246079740438369","3.404912851963187","3.4654200670970634","2.6982159819535094","0.299","",""
"block_counter","6","11","auto","","10","10","3.237383500317309","3.3745263574601663","3.424814323227859","2.6740601787877756","0.599","",""
"block_counter","6","12","auto","","10","10","3.27082418087522","3.3896791880927237","3.437490847541887","2.6842161540435647","0.41","",""
"block_counter","6","13","auto","","10","10","3.219241825075075","3.4180171500844985","3.455683007939224","2.7032378573192535","0.347","",""
"block_counter","6","14","auto","","10","10","3.2284422637278927","3.4111614410159787","3.443148146080834","2.6986328006927125","0.366","",""
"block_counter","6","15","auto","","10","10","3.2545440529575886","3.4599494583629946","3.486635388891605","2.738270208097619","0.353","",""
"block_counter","6","16","auto","","10","10","3.27082418087522","3.4180171500844985","3.4761614410159787","2.7032378573192535","0.257","",""
"block_counter","6","17","auto","","10","10","3.2284422637278927","3.3745263574601663","3.4111614410159787","2.6740601787877756","0.23","",""
"block_counter","6","18","auto","","10","10","3.27082418087522","3.398029703862954","3.4247306269868423","2.693725486793612","0.319","",""
"block_counter","6","19","auto","","10","10","3.2284422637278927","3.3896791880927237","3.443148146080834","2.6842161540435647","0.432","",""
"block_counter","6","20","auto","","10","10","3.219241825075075","3.2786614410159785","3.431209540781274","2.6136328006927125","0.267","",""
"signal_triangulation","1","1","auto","","10","10","3.153981037807637","3.153981037807637","3.153981037807637","2.433019493453214","0.062","",""
"signal_triangulation","1","2","auto","","10","10","3.153981037807637","3.153981037807637","3.153981037807637","2.433019493453214","0.072","",""
"signal_triangulation","1","3","auto","","10","10","3.153981037807637","3.153981037807637","3.153981037807637","2.433019493453214","0.058","",""
"signal_triangulation","1","4","auto","","10","10","3.153981037807637","3.153981037807637","3.153981037807637","2.433019493453214","0.119","",""
"signal_triangulation","1","5","auto","","10","10","3.153981037807637","3.153981037807637","3.153981037807637","2.433019493453214","0.079","",""
"signal_triangulation","1","6","auto","","10","10","3.311801681307913","3.311801681307913","3.311801681307913","2.5417403811978487","0.067","",""
"signal_triangulation","1","7","auto","","10","10","3.311801681307913","3.311801681307913","3.311801681307913","2.5417403811978487","0.094","",""
"signal_triangulation","1","8","auto","","10","10","3.311801681307913","3.311801681307913","3.311801681307913","2.5417403811978487","0.058","",""
"signal_triangulation","1","9","auto","","10","10","3.311801681307913","3.311801681307913","3.311801681307913","2.5417403811978487","0.086","",""
"signal_triangulation","1","10","auto","","10","10","3.311801681307913","3.311801681307913","3.311801681307913","2.5417403811978487","0.071","",""
"signal_triangulation","1","11","auto","","10","10","3.311801681307913","3.311801681307913","3.311801681307913","2.5417403811978487","0.102","",""
"signal_triangulation","1","12","auto","","10","10","3.311801681307913","3.311801681307913","3.311801681307913","2.5417403811978487","0.065","",""
"signal_triangulation","1","13","auto","","10","10","3.924207941701858","3.924207941701858","3.924207941701858","2.963211084837936","0.076","",""
"signal_triangulation","1","14","auto","","10","10","3.924207941701858","3.924207941701858","3.924207941701858","2.963211084837936","0.078","",""
"signal_triangulation","1","15","auto","","10","10","3.924207941701858","3.924207941701858","3.924207941701858","2.963211084837936","0.061","",""
"signal_triangulation","1","16","auto","","10","10","3.924207941701858","3.924207941701858","3.924207941701858","2.963211084837936","0.054","",""
"signal_triangulation","1","17","auto","","10","10","3.924207941701858","3.924207941701858","3.924207941701858","2.963211084837936","0.066","",""
"signal_triangulation","1","18","auto","","10","10","3.924207941701858","3.924207941701858","3.924207941701858","2.963211084837936","0.104","",""
"signal_triangulation","1","19","auto","","10","10","3.924207941701858","3.924207941701858","3.924207941701858","2.963211084837936","0.076","",""
"signal_triangulation","1","20","auto","","10","10","3.924207941701858","3.924207941701858","3.924207941701858","2.963211084837936","0.068","",""
"signal_triangulation","2","1","auto","","10","10","3.311801681307913","3.311801681307913","3.311801681307913","2.5417403811978487","0.068","",""
"signal_triangulation","2","2","auto","","10","10","3.311801681307913","3.311801681307913","3.311801681307913","2.5417403811978487","0.1","",""
"signal_triangulation","2","3","auto","","10","10","3.311801681307913","3.311801681307913","3.311801681307913","2.5417403811978487","0.064","",""
"signal_triangulation","2","4","auto","","10","10","3.311801681307913","3.311801681307913","3.311801681307913","2.5417403811978487","0.083","",""
"signal_triangulation","2","5","auto","","10","10","3.311801681307913","3.311801681307913","3.311801681307913","2.5417403811978487","0.064","",""
"signal_triangulation","2","6","auto","","10","10","3.311801681307913","3.311801681307913","3.311801681307913","2.5417403811978487","0.063","",""
"signal_triangulation","2","7","auto","","10","10","3.311801681307913","3.311801681307913","3.311801681307913","2.5417403811978487","0.069","",""
"signal_triangulation","2","8","auto","","10","10","3.924207941701858","3.924207941701858","3.924207941701858","2.963211084837936","0.069","",""
"signal_triangulation","2","9","auto","","10","10","3.924207941701858","3.924207941701858","3.924207941701858","2.963211084837936","0.057","",""
"signal_triangulation","2","10","auto","","10","10","3.924207941701858","3.924207941701858","3.924207941701858","2.963211084837936","0.066","",""
"signal_triangulation","2","11","auto","","10","10","3.924207941701858","3.924207941701858","3.924207941701858","2.963211084837936","0.077","",""
"signal_triangulation","2","12","auto","","10","10","3.924207941701858","3.924207941701858","3.924207941701858","2.963211084837936","0.1","",""
"signal_triangulation","2","13","auto","","10","10","3.924207941701858","3.924207941701858","3.924207941701858","2.963211084837936","0.081","",""
"signal_triangulation","2","14","auto","","10","10","3.924207941701858","3.924207941701858","3.924207941701858","2.963211084837936","0.07","",""
"signal_triangulation","2","15","auto","","10","10","3.924207941701858","3.924207941701858","3.924207941701858","2.963211084837936","0.068","",""
"signal_triangulation","2","16","auto","","10","10","4.567618082852673","4.567618082852673","4.567618082852673","3.4061032383086403","0.106","",""
"signal_triangulation","2","17","auto","","10","10","4.567618082852673","4.567618082852673","4.567618082852673","3.4061032383086403","0.063","",""
"signal_triangulation","2","18","auto","","10","10","4.567618082852673","4.567618082852673","4.567618082852673","3.4061032383086403","0.065","",""
"signal_triangulation","2","19","auto","","10","10","4.567618082852673","4.567618082852673","4.567618082852673","3.4061032383086403","0.074","",""
"signal_triangulation","2","20","auto","","10","10","4.567618082852673","4.567618082852673","4.567618082852673","3.4061032383086403","0.092","",""
"signal_triangulation","3","1","auto","","10","10","3.311801681307913","3.311801681307913","3.311801681307913","2.5417403811978487","0.102","",""
"signal_triangulation","3","2","auto","","10","10","3.311801681307913","3.311801681307913","3.311801681307913","2.5417403811978487","0.098","",""
"signal_triangulation","3","3","auto","","10","10","3.924207941701858","3.924207941701858","3.924207941701858","2.963211084837936","0.091","",""
"signal_triangulation","3","4","auto","","10","10","3.924207941701858","3.924207941701858","3.924207941701858","2.963211084837936","0.105","",""
"signal_triangulation","3","5","auto","","10","10","3.924207941701858","3.924207941701858","3.924207941701858","2.963211084837936","0.083","",""
"signal_triangulation","3","6","auto","","10","10","3.924207941701858","3.924207941701858","3.924207941701858","2.963211084837936","0.088","",""
"signal_triangulation","3","7","auto","","10","10","3.924207941701858","3.924207941701858","3.924207941701858","2.963211084837936","0.078","",""
"signal_triangulation","3","8","auto","","10","10","3.924207941701858","3.924207941701858","3.924207941701858","2.963211084837936","0.11","",""
"signal_triangulation","3","9","auto","","10","10","3.924207941701858","3.924207941701858","3.924207941701858","2.963211084837936","0.114","",""
"signal_triangulation","3","10","auto","","10","10","3.924207941701858","3.924207941701858","3.924207941701858","2.963211084837936","0.077","",""
"signal_triangulation","3","11","auto","","10","10","4.567618082852673","4.567618082852673","4.567618082852673","3.4061032383086403","0.08","",""
"signal_triangulation","3","12","auto","","10","10","4.567618082852673","4.567618082852673","4.567618082852673","3.4061032383086403","0.076","",""
"signal_triangulation","3","13","auto","","10","10","4.567618082852673","4.567618082852673","4.567618082852673","3.4061032383086403","0.094","",""
"signal_triangulation","3","14","auto","","10","10","4.567618082852673","4.567618082852673","4.567618082852673","3.4061032383086403","0.119","",""
"signal_triangulation","3","15","auto","","10","10","4.567618082852673","4.567618082852673","4.567618082852673","3.4061032383086403","0.097","",""
"signal_triangulation","3","16","auto","","10","10","4.567618082852673","4.567618082852673","4.567618082852673","3.4061032383086403","0.071","",""
"signal_triangulation","3","17","auto","","10","10","4.567618082852673","4.567618082852673","4.567618082852673","3.4061032383086403","0.077","",""
"signal_triangulation","3","18","auto","","10","10","4.567618082852673","4.567618082852673","4.567618082852673","3.4061032383086403","0.072","",""
"signal_triangulation","3","19","auto","","10","10","4.567618082852673","4.567618082852673","4.567618082852673","3.4061032383086403","0.123","",""
"signal_triangulation","3","20","auto","","10","10","4.567618082852673","4.567618082852673","4.567618082852673","3.4061032383086403","0.086","",""
"signal_triangulation","4","1","auto","","10","10","3.924207941701858","3.924207941701858","3.924207941701858","2.963211084837936","0.074","",""
"signal_triangulation","4","2","auto","","10","10","3.924207941701858","3.924207941701858","3.924207941701858","2.963211084837936","0.063","",""
"signal_triangulation","4","3","auto","","10","10","3.924207941701858","3.924207941701858","3.924207941701858","2.963211084837936","0.078","",""
"signal_triangulation","4","4","auto","","10","10","3.924207941701858","3.924207941701858","3.924207941701858","2.963211084837936","0.064","",""
"signal_triangulation","4","5","auto","","10","10","3.924207941701858","3.924207941701858","3.924207941701858","2.963211084837936","0.092","",""
"signal_triangulation","4","6","auto","","10","10","4.567618082852673","4.567618082852673","4.567618082852673","3.4061032383086403","0.089","",""
"signal_triangulation","4","7","auto","","10","10","4.567618082852673","4.567618082852673","4.567618082852673","3.4061032383086403","0.096","",""
"signal_triangulation","4","8","auto","","10","10","4.567618082852673","4.567618082852673","4.567618082852673","3.4061032383086403","0.06","",""
"signal_triangulation","4","9","auto","","10","10","4.567618082852673","4.567618082852673","4.567618082852673","3.4061032383086403","0.085","",""
"signal_triangulation","4","10","auto","","10","10","4.567618082852673","4.567618082852673","4.567618082852673","3.4061032383086403","0.072","",""
"signal_triangulation","4","11","auto","","10","10","4.567618082852673","4.567618082852673","4.567618082852673","3.4061032383086403","0.071","",""
"signal_triangulation","4","12","auto","","10","10","4.567618082852673","4.567618082852673","4.567618082852673","3.4061032383086403","0.101","",""
"signal_triangulation","4","13","auto","","10","10","4.567618082852673","4.567618082852673","4.567618082852673","3.4061032383086403","0.069","",""
"signal_triangulation","4","14","auto","","10","10","4.567618082852673","4.567618082852673","4.567618082852673","3.4061032383086403","0.07","",""
"signal_triangulation","4","15","auto","","10","10","4.567618082852673","4.567618082852673","4.567618082852673","3.4061032383086403","0.073","",""
"signal_triangulation","4","16","auto","","10","10","4.567618082852673","4.567618082852673","4.567618082852673","3.4061032383086403","0.113","",""
"signal_triangulation","4","17","auto","","10","10","4.567618082852673","4.567618082852673","4.567618082852673","3.4061032383086403","0.109","",""
"signal_triangulation","4","18","auto","","10","10","4.567618082852673","4.567618082852673","4.567618082852673","3.4061032383086403","0.08","",""
"signal_triangulation","4","19","auto","","10","10","4.567618082852673","4.567618082852673","4.567618082852673","3.4061032383086403","0.077","",""
"signal_triangulation","4","20","auto","","10","10","4.567618082852673","4.567618082852673","4.567618082852673","3.4061032383086403","0.079","",""
"signal_triangulation","5","1","auto","","10","10","4.567618082852673","4.567618082852673","4.567618082852673","3.4061032383086403","0.062","",""
"signal_triangulation","5","2","auto","","10","10","4.567618082852673","4.567618082852673","4.567618082852673","3.4061032383086403","0.072","",""
"signal_triangulation","5","3","auto","","10","10","4.567618082852673","4.567618082852673","4.567618082852673","3.4061032383086403","0.082","",""
"signal_triangulation","5","4","auto","","10","10","4.567618082852673","4.567618082852673","4.567618082852673","3.4061032383086403","0.067","",""
"signal_triangulation","5","5","auto","","10","10","4.567618082852673","4.567618082852673","4.567618082852673","3.4061032383086403","0.128","",""
"signal_triangulation","5","6","auto","","10","10","4.567618082852673","4.567618082852673","4.567618082852673","3.4061032383086403","0.071","",""
"signal_triangulation","5","7","auto","","10","10","4.567618082852673","4.567618082852673","4.567618082852673","3.4061032383086403","0.073","",""
"signal_triangulation","5","8","auto","","10","10","4.567618082852673","4.567618082852673","4.567618082852673","3.4061032383086403","0.088","",""
"signal_triangulation","5","9","auto","","10","10","4.567618082852673","4.567618082852673","4.567618082852673","3.4061032383086403","0.079","",""
"signal_triangulation","5","10","auto","","10","10","4.567618082852673","4.567618082852673","4.567618082852673","3.4061032383086403","0.096","",""
"signal_triangulation","5","11","auto","","10","10","4.567618082852673","4.567618082852673","4.567618082852673","3.4061032383086403","0.077","",""
"signal_triangulation","5","12","auto","","10","10","4.567618082852673","4.567618082852673","4.567618082852673","3.4061032383086403","0.091","",""
"signal_triangulation","5","13","auto","","10","10","4.567618082852673","4.567618082852673","4.567618082852673","3.4061032383086403","0.118","",""
"signal_triangulation","5","14","auto","","10","10","4.567618082852673","4.567618082852673","4.567618082852673","3.4061032383086403","0.068","",""
"signal_triangulation","5","15","auto","","10","10","4.567618082852673","4.567618082852673","4.567618082852673","3.4061032383086403","0.086","",""
"signal_triangulation","5","16","auto","","10","10","4.567618082852673","4.567618082852673","4.567618082852673","3.4061032383086403","0.108","",""
"signal_triangulation","5","17","auto","","10","10","4.567618082852673","4.567618082852673","4.567618082852673","3.4061032383086403","0.112","",""
"signal_triangulation","5","18","auto","","10","10","4.567618082852673","4.567618082852673","4.567618082852673","3.4061032383086403","0.067","",""
"signal_triangulation","5","19","auto","","10","10","4.567618082852673","4.567618082852673","4.567618082852673","3.4061032383086403","0.079","",""
"signal_triangulation","5","20","auto","","10","10","4.567618082852673","4.567618082852673","4.567618082852673","3.4061032383086403","0.065","",""
"signal_triangulation","6","1","auto","","10","10","4.567618082852673","4.567618082852673","4.567618082852673","3.4061032383086403","0.076","",""
"signal_triangulation","6","2","auto","","10","10","4.567618082852673","4.567618082852673","4.567618082852673","3.4061032383086403","0.076","",""
"signal_triangulation","6","3","auto","","10","10","4.567618082852673","4.567618082852673","4.567618082852673","3.4061032383086403","0.083","",""
"signal_triangulation","6","4","auto","","10","10","4.567618082852673","4.567618082852673","4.567618082852673","3.4061032383086403","0.089","",""
"signal_triangulation","6","5","auto","","10","10","4.567618082852673","4.567618082852673","4.567618082852673","3.4061032383086403","0.066","",""
"signal_triangulation","6","6","auto","","10","10","4.567618082852673","4.567618082852673","4.567618082852673","3.4061032383086403","0.094","",""
"signal_triangulation","6","7","auto","","10","10","4.567618082852673","4.567618082852673","4.567618082852673","3.4061032383086403","0.101","",""
"signal_triangulation","6","8","auto","","10","10","4.567618082852673","4.567618082852673","4.567618082852673","3.4061032383086403","0.071","",""
"signal_triangulation","6","9","auto","","10","10","4.567618082852673","4.567618082852673","4.567618082852673","3.4061032383086403","0.075","",""
"signal_triangulation","6","10","auto","","10","10","4.567618082852673","4.567618082852673","4.567618082852673","3.4061032383086403","0.087","",""
"signal_triangulation","6","11","auto","","10","10","4.567618082852673","4.567618082852673","4.567618082852673","3.4061032383086403","0.071","",""
"signal_triangulation","6","12","auto","","10","10","4.567618082852673","4.567618082852673","4.567618082852673","3.4061032383086403","0.096","",""
"signal_triangulation","6","13","auto","","10","10","4.567618082852673","4.567618082852673","4.567618082852673","3.4061032383086403","0.124","",""
"signal_triangulation","6","14","auto","","10","10","4.567618082852673","4.567618082852673","4.567618082852673","3.4061032383086403","0.098","",""
"signal_triangulation","6","15","auto","","10","10","4.567618082852673","4.567618082852673","4.567618082852673","3.4061032383086403","0.111","",""
"signal_triangulation","6","16","auto","","10","10","4.567618082852673","4.567618082852673","4.567618082852673","3.4061032383086403","0.066","",""
"signal_triangulation","6","17","auto","","10","10","4.567618082852673","4.567618082852673","4.567618082852673","3.4061032383086403","0.078","",""
"signal_triangulation","6","18","auto","","10","10","4.567618082852673","4.567618082852673","4.567618082852673","3.4061032383086403","0.102","",""
"signal_triangulation","6","19","auto","","10","10","4.567618082852673","4.567618082852673","4.567618082852673","3.4061032383086403","0.105","",""
"signal_triangulation","6","20","auto","","10","10","4.567618082852673","4.567618082852673","4.567618082852673","3.4061032383086403","0.089","",""
"cryptex_lock_breaker","1","1","auto","","10","10","4.8999999999999995","4.8999999999999995","4.8999999999999995","3.4479999999999995","0.134","",""
"cryptex_lock_breaker","1","2","auto","","10","10","4.8999999999999995","4.8999999999999995","4.8999999999999995","3.4479999999999995","0.13","",""
"cryptex_lock_breaker","1","3","auto","","10","10","4.8999999999999995","4.8999999999999995","4.8999999999999995","3.4479999999999995","0.087","",""
"cryptex_lock_breaker","1","4","auto","","10","10","4.8999999999999995","4.8999999999999995","4.8999999999999995","3.4479999999999995","0.126","",""
"cryptex_lock_breaker","1","5","auto","","10","10","4.8999999999999995","4.8999999999999995","4.8999999999999995","3.4479999999999995","0.074","",""
"cryptex_lock_breaker","1","6","auto","","10","10","4.8999999999999995","5.150824180875219","5.150824180875219","3.6202892142331047","0.114","",""
"cryptex_lock_breaker","1","7","auto","","10","10","4.8999999999999995","5.150824180875219","5.150824180875219","3.6202892142331047","0.144","",""
"cryptex_lock_breaker","1","8","auto","","10","10","4.8999999999999995","5.150824180875219","5.150824180875219","3.6202892142331047","0.105","",""
"cryptex_lock_breaker","1","9","auto","","10","10","4.8999999999999995","5.150824180875219","5.150824180875219","3.6202892142331047","0.144","",""
"cryptex_lock_breaker","1","10","auto","","10","10","4.8999999999999995","4.8999999999999995","5.150824180875219","3.4479999999999995","0.267","",""
"cryptex_lock_breaker","1","11","auto","","10","10","5.150824180875219","5.150824180875219","5.150824180875219","3.6202892142331047","0.11","",""
"cryptex_lock_breaker","1","12","auto","","10","10","4.8999999999999995","5.150824180875219","5.150824180875219","3.6202892142331047","0.085","",""
"cryptex_lock_breaker","1","13","auto","","10","10","5.150824180875219","5.150824180875219","5.150824180875219","3.6202892142331047","0.082","",""
"cryptex_lock_breaker","1","14","auto","","10","10","5.150824180875219","5.150824180875219","5.150824180875219","3.6202892142331047","0.167","",""
"cryptex_lock_breaker","1","15","auto","","10","10","5.150824180875219","5.150824180875219","5.150824180875219","3.6202892142331047","0.139","",""
"cryptex_lock_breaker","1","16","auto","","10","10","5.150824180875219","5.150824180875219","5.150824180875219","3.6202892142331047","0.135","",""
"cryptex_lock_breaker","1","17","auto","","10","10","5.150824180875219","5.150824180875219","5.150824180875219","3.6202892142331047","0.158","",""
"cryptex_lock_breaker","1","18","auto","","10","10","5.150824180875219","5.150824180875219","5.150824180875219","3.6202892142331047","0.108","",""
"cryptex_lock_breaker","1","19","auto","","10","10","5.150824180875219","5.150824180875219","5.150824180875219","3.6202892142331047","0.139","",""
"cryptex_lock_breaker","1","20","auto","","10","10","5.150824180875219","5.150824180875219","5.150824180875219","3.6202892142331047","0.154","",""
"cryptex_lock_breaker","2","1","auto","","10","10","5.150824180875219","5.150824180875219","5.150824180875219","3.6202892142331047","0.14","",""
"cryptex_lock_breaker","2","2","auto","","10","10","4.8999999999999995","4.8999999999999995","5.150824180875219","3.4479999999999995","0.073","",""
"cryptex_lock_breaker","2","3","auto","","10","10","4.8999999999999995","5.150824180875219","5.150824180875219","3.6202892142331047","0.107","",""
"cryptex_lock_breaker","2","4","auto","","10","10","4.8999999999999995","5.150824180875219","5.150824180875219","3.6202892142331047","0.129","",""
"cryptex_lock_breaker","2","5","auto","","10","10","4.8999999999999995","4.8999999999999995","5.150824180875219","3.4479999999999995","0.084","",""
"cryptex_lock_breaker","2","6","auto","","10","10","4.8999999999999995","5.150824180875219","5.150824180875219","3.6202892142331047","0.14","",""
"cryptex_lock_breaker","2","7","auto","","10","10","4.8999999999999995","5.150824180875219","5.150824180875219","3.6202892142331047","0.092","",""
"cryptex_lock_breaker","2","8","auto","","10","10","5.150824180875219","5.150824180875219","5.150824180875219","3.6202892142331047","0.148","",""
"cryptex_lock_breaker","2","9","auto","","10","10","5.150824180875219","5.150824180875219","5.150824180875219","3.6202892142331047","0.119","",""
"cryptex_lock_breaker","2","10","auto","","10","10","5.150824180875219","5.150824180875219","5.150824180875219","3.6202892142331047","0.167","",""
"cryptex_lock_breaker","2","11","auto","","10","10","5.150824180875219","5.150824180875219","5.150824180875219","3.6202892142331047","0.16","",""
"cryptex_lock_breaker","2","12","auto","","10","10","5.150824180875219","5.150824180875219","5.150824180875219","3.6202892142331047","0.132","",""
"cryptex_lock_breaker","2","13","auto","","10","10","5.150824180875219","5.150824180875219","5.150824180875219","3.6202892142331047","0.131","",""
"cryptex_lock_breaker","2","14","auto","","10","10","5.150824180875219","5.150824180875219","5.150824180875219","3.6202892142331047","0.105","",""
"cryptex_lock_breaker","2","15","auto","","10","10","5.150824180875219","5.150824180875219","5.150824180875219","3.6202892142331047","0.097","",""
"cryptex_lock_breaker","2","16","auto","","10","10","5.150824180875219","5.388691750158655","5.388691750158655","3.7837443751081734","0.106","",""
"cryptex_lock_breaker","2","17","auto","","10","10","5.150824180875219","5.150824180875219","5.388691750158655","3.6202892142331047","0.18","",""
"cryptex_lock_breaker","2","18","auto","","10","10","5.150824180875219","5.388691750158655","5.388691750158655","3.7837443751081734","0.178","",""
"cryptex_lock_breaker","2","19","auto","","10","10","5.150824180875219","5.150824180875219","5.388691750158655","3.6202892142331047","0.119","",""
"cryptex_lock_breaker","2","20","auto","","10","10","5.150824180875219","5.150824180875219","5.388691750158655","3.6202892142331047","0.122","",""
"cryptex_lock_breaker","3","1","auto","","10","10","4.8999999999999995","4.8999999999999995","5.150824180875219","3.4479999999999995","0.108","",""
"cryptex_lock_breaker","3","2","auto","","10","10","4.8999999999999995","5.150824180875219","5.150824180875219","3.6202892142331047","0.155","",""
"cryptex_lock_breaker","3","3","auto","","10","10","5.150824180875219","5.150824180875219","5.150824180875219","3.6202892142331047","0.111","",""
"cryptex_lock_breaker","3","4","auto","","10","10","5.150824180875219","5.150824180875219","5.150824180875219","3.6202892142331047","0.135","",""
"cryptex_lock_breaker","3","5","auto","","10","10","5.150824180875219","5.150824180875219","5.150824180875219","3.6202892142331047","0.158","",""
"cryptex_lock_breaker","3","6","auto","","10","10","5.150824180875219","5.150824180875219","5.150824180875219","3.6202892142331047","0.205","",""
"cryptex_lock_breaker","3","7","auto","","10","10","5.150824180875219","5.150824180875219","5.150824180875219","3.6202892142331047","0.154","",""
"cryptex_lock_breaker","3","8","auto","","10","10","5.150824180875219","5.150824180875219","5.150824180875219","3.6202892142331047","0.117","",""
"cryptex_lock_breaker","3","9","auto","","10","10","5.150824180875219","5.150824180875219","5.150824180875219","3.6202892142331047","0.217","",""
"cryptex_lock_breaker","3","10","auto","","10","10","5.150824180875219","5.150824180875219","5.150824180875219","3.6202892142331047","0.209","",""
"cryptex_lock_breaker","3","11","auto","","10","10","5.150824180875219","5.150824180875219","5.388691750158655","3.6202892142331047","0.273","",""
"cryptex_lock_breaker","3","12","auto","","10","10","5.150824180875219","5.388691750158655","5.388691750158655","3.7837443751081734","0.154","",""
"cryptex_lock_breaker","3","13","auto","","10","10","5.150824180875219","5.388691750158655","5.388691750158655","3.7837443751081734","0.162","",""
"cryptex_lock_breaker","3","14","auto","","10","10","5.150824180875219","5.388691750158655","5.388691750158655","3.7837443751081734","0.136","",""
"cryptex_lock_breaker","3","15","auto","","10","10","5.150824180875219","5.388691750158655","5.388691750158655","3.7837443751081734","0.147","",""
"cryptex_lock_breaker","3","16","auto","","10","10","5.150824180875219","5.388691750158655","5.388691750158655","3.7837443751081734","0.147","",""
"cryptex_lock_breaker","3","17","auto","","10","10","5.150824180875219","5.388691750158655","5.388691750158655","3.7837443751081734","0.175","",""
"cryptex_lock_breaker","3","18","auto","","10","10","5.150824180875219","5.388691750158655","5.388691750158655","3.7837443751081734","0.224","",""
"cryptex_lock_breaker","3","19","auto","","10","10","5.150824180875219","5.388691750158655","5.388691750158655","3.7837443751081734","0.173","",""
"cryptex_lock_breaker","3","20","auto","","10","10","5.150824180875219","5.388691750158655","5.388691750158655","3.7837443751081734","0.144","",""
"cryptex_lock_breaker","4","1","auto","","10","10","5.150824180875219","5.150824180875219","5.150824180875219","3.6202892142331047","0.135","",""
"cryptex_lock_breaker","4","2","auto","","10","10","5.150824180875219","5.150824180875219","5.150824180875219","3.6202892142331047","0.096","",""
"cryptex_lock_breaker","4","3","auto","","10","10","5.150824180875219","5.150824180875219","5.150824180875219","3.6202892142331047","0.144","",""
"cryptex_lock_breaker","4","4","auto","","10","10","5.150824180875219","5.150824180875219","5.150824180875219","3.6202892142331047","0.186","",""
"cryptex_lock_breaker","4","5","auto","","10","10","5.150824180875219","5.150824180875219","5.150824180875219","3.6202892142331047","0.137","",""
"cryptex_lock_breaker","4","6","auto","","10","10","5.150824180875219","5.388691750158655","5.388691750158655","3.7837443751081734","0.104","",""
"cryptex_lock_breaker","4","7","auto","","10","10","5.150824180875219","5.388691750158655","5.388691750158655","3.7837443751081734","0.186","",""
"cryptex_lock_breaker","4","8","auto","","10","10","5.150824180875219","5.388691750158655","5.388691750158655","3.7837443751081734","0.1","",""
"cryptex_lock_breaker","4","9","auto","","10","10","5.150824180875219","5.150824180875219","5.388691750158655","3.6202892142331047","0.107","",""
"cryptex_lock_breaker","4","10","auto","","10","10","5.150824180875219","5.388691750158655","5.388691750158655","3.7837443751081734","0.146","",""
"cryptex_lock_breaker","4","11","auto","","10","10","5.150824180875219","5.388691750158655","5.388691750158655","3.7837443751081734","0.134","",""
"cryptex_lock_breaker","4","12","auto","","10","10","5.150824180875219","5.150824180875219","5.388691750158655","3.6202892142331047","0.156","",""
"cryptex_lock_breaker","4","13","auto","","10","10","5.150824180875219","5.388691750158655","5.388691750158655","3.7837443751081734","0.136","",""
"cryptex_lock_breaker","4","14","auto","","10","10","5.150824180875219","5.388691750158655","5.388691750158655","3.7837443751081734","0.104","",""
"cryptex_lock_breaker","4","15","auto","","10","10","5.150824180875219","5.150824180875219","5.388691750158655","3.6202892142331047","0.124","",""
"cryptex_lock_breaker","4","16","auto","","10","10","5.150824180875219","5.388691750158655","5.388691750158655","3.7837443751081734","0.099","",""
"cryptex_lock_breaker","4","17","auto","","10","10","5.150824180875219","5.150824180875219","5.388691750158655","3.6202892142331047","0.097","",""
"cryptex_lock_breaker","4","18","auto","","10","10","5.150824180875219","5.388691750158655","5.388691750158655","3.7837443751081734","0.128","",""
"cryptex_lock_breaker","4","19","auto","","10","10","5.150824180875219","5.388691750158655","5.388691750158655","3.7837443751081734","0.141","",""
"cryptex_lock_breaker","4","20","auto","","10","10","5.150824180875219","5.388691750158655","5.388691750158655","3.7837443751081734","0.122","",""
"cryptex_lock_breaker","5","1","auto","","10","10","5.150824180875219","5.388691750158655","5.388691750158655","3.7837443751081734","0.107","",""
"cryptex_lock_breaker","5","2","auto","","10","10","5.150824180875219","5.150824180875219","5.388691750158655","3.6202892142331047","0.178","",""
"cryptex_lock_breaker","5","3","auto","","10","10","5.150824180875219","5.150824180875219","5.388691750158655","3.6202892142331047","0.149","",""
"cryptex_lock_breaker","5","4","auto","","10","10","5.150824180875219","5.388691750158655","5.388691750158655","3.7837443751081734","0.115","",""
"cryptex_lock_breaker","5","5","auto","","10","10","5.150824180875219","5.388691750158655","5.388691750158655","3.7837443751081734","0.121","",""
"cryptex_lock_breaker","5","6","auto","","10","10","5.150824180875219","5.388691750158655","5.388691750158655","3.7837443751081734","0.258","",""
"cryptex_lock_breaker","5","7","auto","","10","10","5.150824180875219","5.388691750158655","5.388691750158655","3.7837443751081734","0.142","",""
"cryptex_lock_breaker","5","8","auto","","10","10","5.150824180875219","5.388691750158655","5.388691750158655","3.7837443751081734","0.168","",""
"cryptex_lock_breaker","5","9","auto","","10","10","5.150824180875219","5.388691750158655","5.388691750158655","3.7837443751081734","0.132","",""
"cryptex_lock_breaker","5","10","auto","","10","10","5.150824180875219","5.150824180875219","5.388691750158655","3.6202892142331047","0.185","",""
"cryptex_lock_breaker","5","11","auto","","10","10","5.150824180875219","5.388691750158655","5.388691750158655","3.7837443751081734","0.11","",""
"cryptex_lock_breaker","5","12","auto","","10","10","5.150824180875219","5.388691750158655","5.388691750158655","3.7837443751081734","0.12","",""
"cryptex_lock_breaker","5","13","auto","","10","10","5.150824180875219","5.150824180875219","5.388691750158655","3.6202892142331047","0.091","",""
"cryptex_lock_breaker","5","14","auto","","10","10","5.150824180875219","5.388691750158655","5.388691750158655","3.7837443751081734","0.188","",""
"cryptex_lock_breaker","5","15","auto","","10","10","5.150824180875219","5.388691750158655","5.388691750158655","3.7837443751081734","0.106","",""
"cryptex_lock_breaker","5","16","auto","","10","10","5.150824180875219","5.388691750158655","5.388691750158655","3.7837443751081734","0.103","",""
"cryptex_lock_breaker","5","17","auto","","10","10","5.150824180875219","5.388691750158655","5.388691750158655","3.7837443751081734","0.104","",""
"cryptex_lock_breaker","5","18","auto","","10","10","5.150824180875219","5.388691750158655","5.388691750158655","3.7837443751081734","0.157","",""
"cryptex_lock_breaker","5","19","auto","","10","10","5.150824180875219","5.388691750158655","5.388691750158655","3.7837443751081734","0.209","",""
"cryptex_lock_breaker","5","20","auto","","10","10","5.150824180875219","5.388691750158655","5.388691750158655","3.7837443751081734","0.122","",""
"cryptex_lock_breaker","6","1","auto","","10","10","5.150824180875219","5.388691750158655","5.388691750158655","3.7837443751081734","0.092","",""
"cryptex_lock_breaker","6","2","auto","","10","10","5.150824180875219","5.388691750158655","5.388691750158655","3.7837443751081734","0.129","",""
"cryptex_lock_breaker","6","3","auto","","10","10","5.150824180875219","5.388691750158655","5.388691750158655","3.7837443751081734","0.091","",""
"cryptex_lock_breaker","6","4","auto","","10","10","5.150824180875219","5.150824180875219","5.388691750158655","3.6202892142331047","0.111","",""
"cryptex_lock_breaker","6","5","auto","","10","10","5.150824180875219","5.150824180875219","5.388691750158655","3.6202892142331047","0.094","",""
"cryptex_lock_breaker","6","6","auto","","10","10","5.150824180875219","5.388691750158655","5.388691750158655","3.7837443751081734","0.09","",""
"cryptex_lock_breaker","6","7","auto","","10","10","5.150824180875219","5.388691750158655","5.388691750158655","3.7837443751081734","0.093","",""
"cryptex_lock_breaker","6","8","auto","","10","10","5.150824180875219","5.388691750158655","5.388691750158655","3.7837443751081734","0.113","",""
"cryptex_lock_breaker","6","9","auto","","10","10","5.150824180875219","5.388691750158655","5.388691750158655","3.7837443751081734","0.108","",""
"cryptex_lock_breaker","6","10","auto","","10","10","5.150824180875219","5.388691750158655","5.388691750158655","3.7837443751081734","0.125","",""
"cryptex_lock_breaker","6","11","auto","","10","10","5.150824180875219","5.150824180875219","5.388691750158655","3.6202892142331047","0.153","",""
"cryptex_lock_breaker","6","12","auto","","10","10","5.150824180875219","5.388691750158655","5.388691750158655","3.7837443751081734","0.151","",""
"cryptex_lock_breaker","6","13","auto","","10","10","5.150824180875219","5.388691750158655","5.388691750158655","3.7837443751081734","0.079","",""
"cryptex_lock_breaker","6","14","auto","","10","10","5.150824180875219","5.150824180875219","5.388691750158655","3.6202892142331047","0.114","",""
"cryptex_lock_breaker","6","15","auto","","10","10","5.150824180875219","5.150824180875219","5.388691750158655","3.6202892142331047","0.098","",""
"cryptex_lock_breaker","6","16","auto","","10","10","5.150824180875219","5.150824180875219","5.150824180875219","3.6202892142331047","0.092","",""
"cryptex_lock_breaker","6","17","auto","","10","10","5.150824180875219","5.150824180875219","5.388691750158655","3.6202892142331047","0.169","",""
"cryptex_lock_breaker","6","18","auto","","10","10","5.150824180875219","5.388691750158655","5.388691750158655","3.7837443751081734","0.148","",""
"cryptex_lock_breaker","6","19","auto","","10","10","5.150824180875219","5.388691750158655","5.388691750158655","3.7837443751081734","0.152","",""
"cryptex_lock_breaker","6","20","auto","","10","10","5.150824180875219","5.150824180875219","5.388691750158655","3.6202892142331047","0.188","",""
"arithmancer_duel","1","1","auto","","10","10","5.36","5.36","5.36","3.6500000000000004","1.267","",""
"arithmancer_duel","1","2","auto","","10","10","5.36","5.36","5.36","3.6500000000000004","1.19","",""
"arithmancer_duel","1","3","auto","","10","10","5.36","5.36","5.36","3.6500000000000004","1.201","",""
"arithmancer_duel","1","4","auto","","10","10","5.36","5.36","5.36","3.6500000000000004","1.053","",""
"arithmancer_duel","1","5","auto","","10","10","5.36","5.36","5.36","3.6500000000000004","0.668","",""
"arithmancer_duel","1","6","auto","","10","10","5.36","5.36","5.397383500317309","3.6500000000000004","1.281","",""
"arithmancer_duel","1","7","auto","","10","10","5.36","5.36","5.397383500317309","3.6500000000000004","1.475","",""
"arithmancer_duel","1","8","auto","","10","10","5.36","5.36","5.36","3.6500000000000004","1.276","",""
"arithmancer_duel","1","9","auto","","10","10","5.36","5.36","5.397383500317309","3.6500000000000004","1.794","",""
"arithmancer_duel","1","10","auto","","10","10","5.36","5.36","5.36","3.6500000000000004","1.656","",""
"arithmancer_duel","1","11","auto","","10","10","5.36","5.36","5.397383500317309","3.6500000000000004","1.399","",""
"arithmancer_duel","1","12","auto","","10","10","5.36","5.36","5.36","3.6500000000000004","0.929","",""
"arithmancer_duel","1","13","auto","","10","10","5.36","5.36","5.36","3.6500000000000004","1.103","",""
"arithmancer_duel","1","14","auto","","10","10","5.36","5.36","5.36","3.6500000000000004","1.551","",""
"arithmancer_duel","1","15","auto","","10","10","5.36","5.36","5.397383500317309","3.6500000000000004","1.052","",""
"arithmancer_duel","1","16","auto","","10","10","5.36","5.36","5.397383500317309","3.6500000000000004","1.067","",""
"arithmancer_duel","1","17","auto","","10","10","5.36","5.36","5.36","3.6500000000000004","1.543","",""
"arithmancer_duel","1","18","auto","","10","10","5.36","5.36","5.36","3.6500000000000004","1.166","",""
"arithmancer_duel","1","19","auto","","10","10","5.36","5.36","5.397383500317309","3.6500000000000004","0.941","",""
"arithmancer_duel","1","20","auto","","10","10","5.36","5.36","5.36","3.6500000000000004","0.713","",""
"arithmancer_duel","2","1","auto","","10","10","5.36","5.36","5.36","3.6500000000000004","1.198","",""
"arithmancer_duel","2","2","auto","","10","10","5.36","5.36","5.397383500317309","3.6500000000000004","1.276","",""
"arithmancer_duel","2","3","auto","","10","10","5.36","5.36","5.36","3.6500000000000004","2.411","",""
"arithmancer_duel","2","4","auto","","10","10","5.36","5.36","5.36","3.6500000000000004","0.815","",""
"arithmancer_duel","2","5","auto","","10","10","5.36","5.36","5.397383500317309","3.6500000000000004","1.543","",""
"arithmancer_duel","2","6","auto","","10","10","5.36","5.36","5.397383500317309","3.6500000000000004","1.549","",""
"arithmancer_duel","2","7","auto","","10","10","5.36","5.36","5.36","3.6500000000000004","0.692","",""
"arithmancer_duel","2","8","auto","","10","10","5.36","5.36","5.36","3.6500000000000004","0.619","",""
"arithmancer_duel","2","9","auto","","10","10","5.36","5.36","5.397383500317309","3.6500000000000004","0.665","",""
"arithmancer_duel","2","10","auto","","10","10","5.36","5.36","5.36","3.6500000000000004","0.745","",""
"arithmancer_duel","2","11","auto","","10","10","5.36","5.36","5.36","3.6500000000000004","1.078","",""
"arithmancer_duel","2","12","auto","","10","10","5.36","5.36","5.36","3.6500000000000004","1.507","",""
"arithmancer_duel","2","13","auto","","10","10","5.36","5.36","5.36","3.6500000000000004","0.783","",""
"arithmancer_duel","2","14","auto","","10","10","5.36","5.36","5.397383500317309","3.6500000000000004","1.011","",""
"arithmancer_duel","2","15","auto","","10","10","5.36","5.36","5.397383500317309","3.6500000000000004","1.046","",""
"arithmancer_duel","2","16","auto","","10","10","5.36","5.36","5.36","3.6500000000000004","0.965","",""
"arithmancer_duel","2","17","auto","","10","10","5.36","5.36","5.36","3.6500000000000004","1.282","",""
"arithmancer_duel","2","18","auto","","10","10","5.36","5.36","5.36","3.6500000000000004","1.671","",""
"arithmancer_duel","2","19","auto","","10","10","5.36","5.36","5.397383500317309","3.6500000000000004","1.199","",""
"arithmancer_duel","2","20","auto","","10","10","5.36","5.36","5.397383500317309","3.6500000000000004","0.867","",""
"arithmancer_duel","3","1","auto","","10","10","5.36","5.36","5.36","3.6500000000000004","0.983","",""
"arithmancer_duel","3","2","auto","","10","10","5.36","5.36","5.36","3.6500000000000004","0.761","",""
"arithmancer_duel","3","3","auto","","10","10","5.36","5.36","5.397383500317309","3.6500000000000004","1.561","",""
"arithmancer_duel","3","4","auto","","10","10","5.36","5.36","5.36","3.6500000000000004","1.682","",""
"arithmancer_duel","3","5","auto","","10","10","5.36","5.36","5.36","3.6500000000000004","1.843","",""
"arithmancer_duel","3","6","auto","","10","10","5.36","5.36","5.397383500317309","3.6500000000000004","0.938","",""
"arithmancer_duel","3","7","auto","","10","10","5.36","5.36","5.36","3.6500000000000004","0.85","",""
"arithmancer_duel","3","8","auto","","10","10","5.36","5.36","5.397383500317309","3.6500000000000004","0.755","",""
"arithmancer_duel","3","9","auto","","10","10","5.36","5.36","5.36","3.6500000000000004","0.796","",""
"arithmancer_duel","3","10","auto","","10","10","5.36","5.36","5.36","3.6500000000000004","0.711","",""
"arithmancer_duel","3","11","auto","","10","10","5.36","5.36","5.36","3.6500000000000004","0.93","",""
"arithmancer_duel","3","12","auto","","10","10","5.36","5.36","5.36","3.6500000000000004","0.978","",""
"arithmancer_duel","3","13","auto","","10","10","5.36","5.36","5.397383500317309","3.6500000000000004","1.472","",""
"arithmancer_duel","3","14","auto","","10","10","5.36","5.36","5.36","3.6500000000000004","1.382","",""
"arithmancer_duel","3","15","auto","","10","10","5.36","5.36","5.36","3.6500000000000004","0.582","",""
"arithmancer_duel","3","16","auto","","10","10","5.36","5.36","5.36","3.6500000000000004","2.084","",""
"arithmancer_duel","3","17","auto","","10","10","5.36","5.36","5.36","3.6500000000000004","0.99","",""
"arithmancer_duel","3","18","auto","","10","10","5.36","5.36","5.36","3.6500000000000004","0.938","",""
"arithmancer_duel","3","19","auto","","10","10","5.36","5.36","5.36","3.6500000000000004","0.937","",""
"arithmancer_duel","3","20","auto","","10","10","5.36","5.36","5.397383500317309","3.6500000000000004","0.794","",""
"arithmancer_duel","4","1","auto","","10","10","5.36","5.36","5.397383500317309","3.6500000000000004","1.139","",""
"arithmancer_duel","4","2","auto","","10","10","5.36","5.36","5.36","3.6500000000000004","1.266","",""
"arithmancer_duel","4","3","auto","","10","10","5.36","5.36","5.36","3.6500000000000004","1.343","",""
"arithmancer_duel","4","4","auto","","10","10","5.36","5.36","5.397383500317309","3.6500000000000004","0.726","",""
"arithmancer_duel","4","5","auto","","10","10","5.36","5.36","5.36","3.6500000000000004","0.848","",""
"arithmancer_duel","4","6","auto","","10","10","5.36","5.36","5.36","3.6500000000000004","0.832","",""
"arithmancer_duel","4","7","auto","","10","10","5.36","5.36","5.397383500317309","3.6500000000000004","0.748","",""
"arithmancer_duel","4","8","auto","","10","10","5.36","5.36","5.36","3.6500000000000004","1.85","",""
"arithmancer_duel","4","9","auto","","10","10","5.36","5.36","5.36","3.6500000000000004","0.708","",""
"arithmancer_duel","4","10","auto","","10","10","5.36","5.36","5.397383500317309","3.6500000000000004","1.161","",""
"arithmancer_duel","4","11","auto","","10","10","5.36","5.36","5.36","3.6500000000000004","1.664","",""
"arithmancer_duel","4","12","auto","","10","10","5.36","5.36","5.36","3.6500000000000004","0.789","",""
"arithmancer_duel","4","13","auto","","10","10","5.36","5.36","5.397383500317309","3.6500000000000004","1.014","",""
"arithmancer_duel","4","14","auto","","10","10","5.36","5.36","5.36","3.6500000000000004","1.511","",""
"arithmancer_duel","4","15","auto","","10","10","5.36","5.36","5.36","3.6500000000000004","0.791","",""
"arithmancer_duel","4","16","auto","","10","10","5.36","5.36","5.36","3.6500000000000004","0.981","",""
"arithmancer_duel","4","17","auto","","10","10","5.36","5.36","5.36","3.6500000000000004","2.043","",""
"arithmancer_duel","4","18","auto","","10","10","5.36","5.36","5.36","3.6500000000000004","1.039","",""
"arithmancer_duel","4","19","auto","","10","10","5.36","5.36","5.397383500317309","3.6500000000000004","1.467","",""
"arithmancer_duel","4","20","auto","","10","10","5.36","5.36","5.36","3.6500000000000004","0.839","",""
"arithmancer_duel","5","1","auto","","10","10","5.36","5.36","5.397383500317309","3.6500000000000004","2.037","",""
"arithmancer_duel","5","2","auto","","10","10","5.36","5.36","5.397383500317309","3.6500000000000004","1.42","",""
"arithmancer_duel","5","3","auto","","10","10","5.36","5.36","5.36","3.6500000000000004","0.667","",""
"arithmancer_duel","5","4","auto","","10","10","5.36","5.36","5.36","3.6500000000000004","0.647","",""
"arithmancer_duel","5","5","auto","","10","10","5.36","5.36","5.397383500317309","3.6500000000000004","0.77","",""
"arithmancer_duel","5","6","auto","","10","10","5.36","5.36","5.36","3.6500000000000004","1.483","",""
"arithmancer_duel","5","7","auto","","10","10","5.36","5.36","5.36","3.6500000000000004","0.843","",""
"arithmancer_duel","5","8","auto","","10","10","5.36","5.36","5.397383500317309","3.6500000000000004","1.24","",""
"arithmancer_duel","5","9","auto","","10","10","5.36","5.36","5.36","3.6500000000000004","1.577","",""
"arithmancer_duel","5","10","auto","","10","10","5.36","5.36","5.36","3.6500000000000004","0.833","",""
"arithmancer_duel","5","11","auto","","10","10","5.36","5.36","5.36","3.6500000000000004","0.73","",""
"arithmancer_duel","5","12","auto","","10","10","5.36","5.36","5.36","3.6500000000000004","0.687","",""
"arithmancer_duel","5","13","auto","","10","10","5.36","5.36","5.36","3.6500000000000004","0.9","",""
"arithmancer_duel","5","14","auto","","10","10","5.36","5.36","5.36","3.6500000000000004","0.777","",""
"arithmancer_duel","5","15","auto","","10","10","5.36","5.36","5.36","3.6500000000000004","0.729","",""
"arithmancer_duel","5","16","auto","","10","10","5.36","5.36","5.36","3.6500000000000004","0.756","",""
"arithmancer_duel","5","17","auto","","10","10","5.36","5.36","5.397383500317309","3.6500000000000004","0.759","",""
"arithmancer_duel","5","18","auto","","10","10","5.36","5.36","5.36","3.6500000000000004","0.965","",""
"arithmancer_duel","5","19","auto","","10","10","5.36","5.36","5.397383500317309","3.6500000000000004","0.885","",""
"arithmancer_duel","5","20","auto","","10","10","5.36","5.36","5.397383500317309","3.6500000000000004","1.085","",""
"arithmancer_duel","6","1","auto","","10","10","5.36","5.36","5.36","3.6500000000000004","1.433","",""
"arithmancer_duel","6","2","auto","","10","10","5.36","5.36","5.36","3.6500000000000004","1.124","",""
"arithmancer_duel","6","3","auto","","10","10","5.36","5.36","5.36","3.6500000000000004","0.748","",""
"arithmancer_duel","6","4","auto","","10","10","5.36","5.36","5.36","3.6500000000000004","2.492","",""
"arithmancer_duel","6","5","auto","","10","10","5.36","5.36","5.36","3.6500000000000004","0.782","",""
"arithmancer_duel","6","6","auto","","10","10","5.36","5.36","5.397383500317309","3.6500000000000004","0.928","",""
"arithmancer_duel","6","7","auto","","10","10","5.36","5.36","5.36","3.6500000000000004","0.99","",""
"arithmancer_duel","6","8","auto","","10","10","5.36","5.36","5.36","3.6500000000000004","3.373","",""
"arithmancer_duel","6","9","auto","","10","10","5.36","5.36","5.36","3.6500000000000004","1.2","",""
"arithmancer_duel","6","10","auto","","10","10","5.36","5.36","5.397383500317309","3.6500000000000004","1.179","",""
"arithmancer_duel","6","11","auto","","10","10","5.36","5.36","5.36","3.6500000000000004","1.967","",""
"arithmancer_duel","6","12","auto","","10","10","5.36","5.36","5.36","3.6500000000000004","1.352","",""
"arithmancer_duel","6","13","auto","","10","10","5.36","5.36","5.36","3.6500000000000004","0.943","",""
"arithmancer_duel","6","14","auto","","10","10","5.36","5.36","5.36","3.6500000000000004","0.999","",""
"arithmancer_duel","6","15","auto","","10","10","5.36","5.36","5.36","3.6500000000000004","0.933","",""
"arithmancer_duel","6","16","auto","","10","10","5.36","5.36","5.397383500317309","3.6500000000000004","0.999","",""
"arithmancer_duel","6","17","auto","","10","10","5.36","5.36","5.36","3.6500000000000004","1.099","",""
"arithmancer_duel","6","18","auto","","10","10","5.36","5.36","5.397383500317309","3.6500000000000004","0.873","",""
"arithmancer_duel","6","19","auto","","10","10","5.36","5.36","5.36","3.6500000000000004","1.044","",""
"arithmancer_duel","6","20","auto","","10","10","5.36","5.36","5.36","3.6500000000000004","1.245","",""
"arithmatic_square","1","1","candidate","constructive","10","10","5.96","5.96","5.96","4.205","4.283","","7"
"arithmatic_square","1","2","candidate","constructive","10","10","5.96","5.96","6.239999999999999","4.205","3.204","","7"
"arithmatic_square","1","3","candidate","constructive","10","10","5.96","6.239999999999999","6.239999999999999","4.345","2.396","","7"
"arithmatic_square","1","4","candidate","constructive","10","10","6.239999999999999","6.239999999999999","6.239999999999999","4.345","1.973","","7"
"arithmatic_square","1","5","candidate","constructive","10","10","6.239999999999999","6.239999999999999","6.239999999999999","4.345","7.069","","7"
"arithmatic_square","1","6","candidate","constructive","10","10","6.239999999999999","6.239999999999999","6.239999999999999","4.345","6.371","","7"
"arithmatic_square","1","7","candidate","constructive","10","10","6.239999999999999","6.239999999999999","6.239999999999999","4.345","5.562","","7"
"arithmatic_square","1","8","candidate","constructive","10","10","6.239999999999999","6.239999999999999","6.239999999999999","4.345","8.133","","7"
"arithmatic_square","1","9","candidate","constructive","10","10","6.239999999999999","6.239999999999999","6.239999999999999","4.345","13.014","","7"
"arithmatic_square","1","10","candidate","constructive","10","10","6.239999999999999","6.239999999999999","6.239999999999999","4.345","8.282","","7"
"arithmatic_square","1","11","candidate","constructive","10","10","6.239999999999999","6.239999999999999","6.239999999999999","4.345","14.618","","7"
"arithmatic_square","1","12","candidate","constructive","10","10","6.239999999999999","6.239999999999999","6.239999999999999","4.345","26.271","","7"
"arithmatic_square","1","13","candidate","constructive","10","10","6.239999999999999","6.239999999999999","6.239999999999999","4.345","12.562","","7"
"arithmatic_square","1","14","candidate","constructive","10","10","6.239999999999999","6.239999999999999","6.239999999999999","4.345","13.357","","7"
"arithmatic_square","1","15","candidate","constructive","10","10","6.239999999999999","6.239999999999999","6.239999999999999","4.345","8.876","","7"
"arithmatic_square","1","16","candidate","constructive","10","10","6.239999999999999","6.239999999999999","6.239999999999999","4.345","10.055","","7"
"arithmatic_square","1","17","candidate","constructive","10","10","6.239999999999999","6.239999999999999","6.239999999999999","4.345","14.034","","7"
"arithmatic_square","1","18","candidate","constructive","10","10","6.239999999999999","6.239999999999999","6.239999999999999","4.345","10.265","","7"
"arithmatic_square","1","19","candidate","constructive","10","10","6.239999999999999","6.239999999999999","6.239999999999999","4.345","10.771","","7"
"arithmatic_square","1","20","candidate","constructive","10","10","6.239999999999999","6.239999999999999","6.239999999999999","4.345","9.833","","7"
"arithmatic_square","2","1","candidate","constructive","10","10","6.239999999999999","6.239999999999999","6.239999999999999","4.345","1.852","","7"
"arithmatic_square","2","2","candidate","constructive","10","10","6.239999999999999","6.239999999999999","6.239999999999999","4.345","7.254","","7"
"arithmatic_square","2","3","candidate","constructive","10","10","6.239999999999999","6.239999999999999","6.239999999999999","4.345","2.821","","7"
"arithmatic_square","2","4","candidate","constructive","10","10","6.239999999999999","6.239999999999999","6.239999999999999","4.345","3.955","","7"
"arithmatic_square","2","5","candidate","constructive","10","10","6.239999999999999","6.239999999999999","6.239999999999999","4.345","5.026","","7"
"arithmatic_square","2","6","candidate","constructive","10","10","6.239999999999999","6.239999999999999","6.239999999999999","4.345","4.616","","7"
"arithmatic_square","2","7","candidate","constructive","10","10","6.239999999999999","6.239999999999999","6.239999999999999","4.345","5.792","","7"
"arithmatic_square","2","8","candidate","constructive","10","10","6.239999999999999","6.239999999999999","6.239999999999999","4.345","6.947","","7"
"arithmatic_square","2","9","candidate","constructive","10","10","6.239999999999999","6.239999999999999","6.239999999999999","4.345","6.849","","7"
"arithmatic_square","2","10","candidate","constructive","10","10","6.239999999999999","6.239999999999999","6.239999999999999","4.345","7.269","","7"
"arithmatic_square","2","11","candidate","constructive","10","10","6.239999999999999","6.239999999999999","6.239999999999999","4.345","13.292","","7"
"arithmatic_square","2","12","candidate","constructive","10","10","6.239999999999999","6.239999999999999","6.239999999999999","4.345","6.224","","7"
"arithmatic_square","2","13","candidate","constructive","10","10","6.239999999999999","6.239999999999999","6.239999999999999","4.345","8.616","","7"
"arithmatic_square","2","14","candidate","constructive","10","10","6.239999999999999","6.239999999999999","6.239999999999999","4.345","8.492","","7"
"arithmatic_square","2","15","candidate","constructive","10","10","6.239999999999999","6.239999999999999","6.239999999999999","4.345","8.888","","7"
"arithmatic_square","2","16","candidate","constructive","10","10","6.239999999999999","6.239999999999999","6.239999999999999","4.345","4.888","","7"
"arithmatic_square","2","17","candidate","constructive","10","10","6.239999999999999","6.239999999999999","6.239999999999999","4.345","6.936","","7"
"arithmatic_square","2","18","candidate","constructive","10","10","6.239999999999999","6.239999999999999","6.239999999999999","4.345","6.868","","7"
"arithmatic_square","2","19","candidate","constructive","10","10","6.239999999999999","6.239999999999999","6.239999999999999","4.345","9.67","","7"
"arithmatic_square","2","20","candidate","constructive","10","10","6.239999999999999","6.239999999999999","6.239999999999999","4.345","5.154","","7"
"arithmatic_square","3","1","candidate","constructive","10","10","6.239999999999999","6.239999999999999","6.239999999999999","4.345","5.652","","7"
"arithmatic_square","3","2","candidate","constructive","10","10","6.239999999999999","6.239999999999999","6.239999999999999","4.345","6.982","","7"
"arithmatic_square","3","3","candidate","constructive","10","10","6.239999999999999","6.239999999999999","6.239999999999999","4.345","11.16","","7"
"arithmatic_square","3","4","candidate","constructive","10","10","6.239999999999999","6.239999999999999","6.239999999999999","4.345","12.293","","7"
"arithmatic_square","3","5","candidate","constructive","10","10","6.239999999999999","6.239999999999999","6.239999999999999","4.345","11.901","","7"
"arithmatic_square","3","6","candidate","constructive","10","10","6.239999999999999","6.239999999999999","6.239999999999999","4.345","17.691","","7"
"arithmatic_square","3","7","candidate","constructive","10","10","6.239999999999999","6.239999999999999","6.239999999999999","4.345","11.152","","7"
"arithmatic_square","3","8","candidate","constructive","10","10","6.239999999999999","6.239999999999999","6.239999999999999","4.345","14.203","","7"
"arithmatic_square","3","9","candidate","constructive","10","10","6.239999999999999","6.239999999999999","6.239999999999999","4.345","12.403","","7"
"arithmatic_square","3","10","candidate","constructive","10","10","6.239999999999999","6.239999999999999","6.239999999999999","4.345","11.236","","7"
"arithmatic_square","3","11","candidate","constructive","10","10","6.239999999999999","6.239999999999999","6.239999999999999","4.345","8.002","","7"
"arithmatic_square","3","12","candidate","constructive","10","10","6.239999999999999","6.239999999999999","6.239999999999999","4.345","8.356","","7"
"arithmatic_square","3","13","candidate","constructive","10","10","6.239999999999999","6.239999999999999","6.239999999999999","4.345","13.52","","7"
"arithmatic_square","3","14","candidate","constructive","10","10","6.239999999999999","6.239999999999999","6.239999999999999","4.345","9.897","","7"
"arithmatic_square","3","15","candidate","constructive","10","10","6.239999999999999","6.239999999999999","6.239999999999999","4.345","10.947","","7"
"arithmatic_square","3","16","candidate","constructive","10","10","6.239999999999999","6.239999999999999","6.239999999999999","4.345","13.317","","7"
"arithmatic_square","3","17","candidate","constructive","10","10","6.239999999999999","6.239999999999999","6.239999999999999","4.345","9.107","","7"
"arithmatic_square","3","18","candidate","constructive","10","10","6.239999999999999","6.239999999999999","6.239999999999999","4.345","14.494","","7"
"arithmatic_square","3","19","candidate","constructive","10","10","6.239999999999999","6.239999999999999","6.239999999999999","4.345","22.825","","7"
"arithmatic_square","3","20","candidate","constructive","10","10","6.239999999999999","6.239999999999999","6.239999999999999","4.345","29.454","","7"
"arithmatic_square","4","1","candidate","constructive","10","10","6.239999999999999","6.239999999999999","6.239999999999999","4.345","7.698","","7"
"arithmatic_square","4","2","candidate","constructive","10","10","6.239999999999999","6.239999999999999","6.239999999999999","4.345","9.236","","7"
"arithmatic_square","4","3","candidate","constructive","10","10","6.239999999999999","6.239999999999999","6.239999999999999","4.345","10.735","","7"
"arithmatic_square","4","4","candidate","constructive","10","10","6.239999999999999","6.239999999999999","6.239999999999999","4.345","11.741","","7"
"arithmatic_square","4","5","candidate","constructive","10","10","6.239999999999999","6.239999999999999","6.239999999999999","4.345","6.55","","7"
"arithmatic_square","4","6","candidate","constructive","10","10","6.239999999999999","6.239999999999999","6.239999999999999","4.345","15.335","","7"
"arithmatic_square","4","7","candidate","constructive","10","10","6.239999999999999","6.239999999999999","6.239999999999999","4.345","7.569","","7"
"arithmatic_square","4","8","candidate","constructive","10","10","6.239999999999999","6.239999999999999","6.239999999999999","4.345","12.04","","7"
"arithmatic_square","4","9","candidate","constructive","10","10","6.239999999999999","6.239999999999999","6.239999999999999","4.345","11.296","","7"
"arithmatic_square","4","10","candidate","constructive","10","10","6.239999999999999","6.239999999999999","6.239999999999999","4.345","8.693","","7"
"arithmatic_square","4","11","candidate","constructive","10","10","6.239999999999999","6.239999999999999","6.239999999999999","4.345","12.908","","7"
"arithmatic_square","4","12","candidate","constructive","10","10","6.239999999999999","6.239999999999999","6.239999999999999","4.345","9.732","","7"
"arithmatic_square","4","13","candidate","constructive","10","10","6.239999999999999","6.239999999999999","6.239999999999999","4.345","8.735","","7"
"arithmatic_square","4","14","candidate","constructive","10","10","6.239999999999999","6.239999999999999","6.239999999999999","4.345","8.382","","7"
"arithmatic_square","4","15","candidate","constructive","10","10","6.239999999999999","6.239999999999999","6.239999999999999","4.345","13.402","","7"
"arithmatic_square","4","16","candidate","constructive","10","10","6.239999999999999","6.239999999999999","6.239999999999999","4.345","9.692","","7"
"arithmatic_square","4","17","candidate","constructive","10","10","6.239999999999999","6.239999999999999","6.239999999999999","4.345","13.342","","7"
"arithmatic_square","4","18","candidate","constructive","10","10","6.239999999999999","6.239999999999999","6.239999999999999","4.345","11.792","","7"
"arithmatic_square","4","19","candidate","constructive","10","10","6.239999999999999","6.239999999999999","6.239999999999999","4.345","17.933","","7"
"arithmatic_square","4","20","candidate","constructive","10","10","6.239999999999999","6.239999999999999","6.239999999999999","4.345","11.129","","7"
"arithmatic_square","5","1","candidate","constructive","10","10","6.239999999999999","6.239999999999999","6.239999999999999","4.345","14.736","","7"
"arithmatic_square","5","2","candidate","constructive","10","10","6.239999999999999","6.239999999999999","6.239999999999999","4.345","15.985","","7"
"arithmatic_square","5","3","candidate","constructive","10","10","6.239999999999999","6.239999999999999","6.239999999999999","4.345","24.097","","7"
"arithmatic_square","5","4","candidate","constructive","10","10","6.239999999999999","6.239999999999999","6.239999999999999","4.345","9.756","","7"
"arithmatic_square","5","5","candidate","constructive","10","10","6.239999999999999","6.239999999999999","6.239999999999999","4.345","24.422","","7"
"arithmatic_square","5","6","candidate","constructive","10","10","6.239999999999999","6.239999999999999","6.239999999999999","4.345","30.702","","7"
"arithmatic_square","5","7","candidate","constructive","10","10","6.239999999999999","6.239999999999999","6.239999999999999","4.345","61.152","","7"
"arithmatic_square","5","8","candidate","constructive","10","10","6.239999999999999","6.239999999999999","6.239999999999999","4.345","26.591","","7"
"arithmatic_square","5","9","candidate","constructive","10","10","6.239999999999999","6.239999999999999","6.239999999999999","4.345","60.216","","7"
"arithmatic_square","5","10","candidate","constructive","10","10","6.239999999999999","6.239999999999999","6.239999999999999","4.345","36.707","","7"
"arithmatic_square","5","11","candidate","constructive","10","10","6.239999999999999","6.239999999999999","6.239999999999999","4.345","35.303","","7"
"arithmatic_square","5","12","candidate","constructive","10","10","6.239999999999999","6.239999999999999","6.239999999999999","4.345","41.409","","7"
"arithmatic_square","5","13","candidate","constructive","10","10","6.239999999999999","6.239999999999999","6.239999999999999","4.345","39.735","","7"
"arithmatic_square","5","14","candidate","constructive","10","10","6.239999999999999","6.239999999999999","6.239999999999999","4.345","32.87","","7"
"arithmatic_square","5","15","candidate","constructive","10","10","6.239999999999999","6.239999999999999","6.239999999999999","4.345","33.803","","7"
"arithmatic_square","5","16","candidate","constructive","10","10","6.239999999999999","6.239999999999999","6.239999999999999","4.345","38.675","","7"
"arithmatic_square","5","17","candidate","constructive","10","10","6.239999999999999","6.239999999999999","6.239999999999999","4.345","38.175","","7"
"arithmatic_square","5","18","candidate","constructive","10","10","6.239999999999999","6.239999999999999","6.239999999999999","4.345","30.274","","7"
"arithmatic_square","5","19","candidate","constructive","10","10","6.239999999999999","6.239999999999999","6.239999999999999","4.345","40.767","","7"
"arithmatic_square","5","20","candidate","constructive","10","10","6.239999999999999","6.239999999999999","6.239999999999999","4.345","19.368","","7"
"arithmatic_square","6","1","candidate","constructive","10","10","6.239999999999999","6.239999999999999","6.239999999999999","4.345","15.265","","7"
"arithmatic_square","6","2","candidate","constructive","10","10","6.239999999999999","6.239999999999999","6.239999999999999","4.345","27.15","","7"
"arithmatic_square","6","3","candidate","constructive","10","10","6.239999999999999","6.239999999999999","6.239999999999999","4.345","11.756","","7"
"arithmatic_square","6","4","candidate","constructive","10","10","6.239999999999999","6.239999999999999","6.239999999999999","4.345","27.297","","7"
"arithmatic_square","6","5","candidate","constructive","10","10","6.239999999999999","6.239999999999999","6.239999999999999","4.345","26.436","","7"
"arithmatic_square","6","6","candidate","constructive","10","10","6.239999999999999","6.239999999999999","6.239999999999999","4.345","26.062","","7"
"arithmatic_square","6","7","candidate","constructive","10","10","6.239999999999999","6.239999999999999","6.239999999999999","4.345","21.791","","7"
"arithmatic_square","6","8","candidate","constructive","10","10","6.239999999999999","6.239999999999999","6.239999999999999","4.345","17.327","","7"
"arithmatic_square","6","9","candidate","constructive","10","10","6.239999999999999","6.239999999999999","6.239999999999999","4.345","22.24","","7"
"arithmatic_square","6","10","candidate","constructive","10","10","6.239999999999999","6.239999999999999","6.239999999999999","4.345","38.175","","7"
"arithmatic_square","6","11","candidate","constructive","10","10","6.239999999999999","6.239999999999999","6.239999999999999","4.345","30.697","","7"
"arithmatic_square","6","12","candidate","constructive","10","10","6.239999999999999","6.239999999999999","6.239999999999999","4.345","39.653","","7"
"arithmatic_square","6","13","candidate","constructive","10","10","6.239999999999999","6.239999999999999","6.239999999999999","4.345","55.779","","7"
"arithmatic_square","6","14","candidate","constructive","10","10","6.239999999999999","6.239999999999999","6.239999999999999","4.345","55.895","","7"
"arithmatic_square","6","15","candidate","constructive","10","10","6.239999999999999","6.239999999999999","6.239999999999999","4.345","107.783","","7"
"arithmatic_square","6","16","candidate","constructive","10","10","6.239999999999999","6.239999999999999","6.239999999999999","4.345","104.847","","7"
"arithmatic_square","6","17","candidate","constructive","10","10","6.239999999999999","6.239999999999999","6.239999999999999","4.345","150.043","","7"
"arithmatic_square","6","18","candidate","constructive","10","10","6.239999999999999","6.239999999999999","6.239999999999999","4.345","175.636","","7"
"arithmatic_square","6","19","candidate","constructive","10","10","6.239999999999999","6.239999999999999","6.239999999999999","4.345","81.26","","7"
"arithmatic_square","6","20","candidate","constructive","10","10","6.239999999999999","6.239999999999999","6.239999999999999","4.345","205.421","","7"
"arithmancer_crosswords","1","1","auto","","10","10","5.977618082852673","6.119515931033875","6.119515931033875","4.213366922674611","7.276","","14"
"arithmancer_crosswords","1","2","auto","","10","10","4.917618082852673","6.399241825075075","6.780824180875219","4.405786092854218","4.999","","16"
"arithmancer_crosswords","1","3","auto","","10","10","6.119515931033875","6.399241825075075","6.780824180875219","4.405786092854218","5.87","","16"
"arithmancer_crosswords","1","4","auto","","10","10","5.277618082852673","6.6745440529575895","6.811074956100205","4.595189127016538","3.952","","18"
"arithmancer_crosswords","1","5","auto","","10","10","4.748691750158655","6.5373835003173095","6.811074956100205","4.50082208354968","2.894","","17"
"arithmancer_crosswords","1","6","auto","","10","10","6.5373835003173095","6.7963098330113265","6.838691750158654","4.6788476134168135","3.694","","20"
"arithmancer_crosswords","1","7","auto","","10","10","6.6745440529575895","6.7963098330113265","6.825183630332542","4.6788476134168135","6.189","","20"
"arithmancer_crosswords","1","8","auto","","10","10","6.7963098330113265","6.811074956100205","6.8516483617504385","4.688914742795594","6.415","","21"
"arithmancer_crosswords","1","9","auto","","10","10","6.811074956100205","6.825183630332542","6.86409673799104","4.698534293408551","4.356","","22"
"arithmancer_crosswords","1","10","auto","","10","10","6.027383500317308","6.555183630332543","6.658691750158654","4.512534293408552","6.456","","22"
"arithmancer_crosswords","1","11","auto","","10","10","6.555183630332543","6.658691750158654","6.876075250475962","4.583744375108174","5.267","","23"
"arithmancer_crosswords","1","12","auto","","10","10","6.658691750158654","6.86409673799104","6.898755818928065","4.725065957721164","7.397","","25"
"arithmancer_crosswords","1","13","auto","","10","10","6.1345440529575885","6.7616483617504395","6.86409673799104","4.654578428466209","6.762","","24"
"arithmancer_crosswords","1","14","auto","","10","10","4.748691750158655","6.887618082852672","6.887618082852672","4.74110323830864","4.815","","27"
"arithmancer_crosswords","1","15","auto","","10","10","6.86409673799104","6.898755818928065","6.919923188285112","4.748697149269136","6.145","","28"
"arithmancer_crosswords","1","16","auto","","10","10","6.027383500317308","6.909515931033873","6.958442263727892","4.7560335893412775","6.304","","29"
"arithmancer_crosswords","1","17","auto","","10","10","6.658691750158654","6.909515931033873","6.93","4.7560335893412775","7.992","","29"
"arithmancer_crosswords","1","18","auto","","10","10","6.027383500317308","6.658691750158654","6.919923188285112","4.583744375108174","7.846","","23"
"arithmancer_crosswords","1","19","auto","","10","10","6.7616483617504395","6.93","6.949241825075074","4.77","6.198","","31"
"arithmancer_crosswords","1","20","auto","","10","10","5.810544052957589","6.747515931033874","6.949241825075074","4.644433589341278","12.564","","29"
"arithmancer_crosswords","2","1","auto","","10","10","5.277618082852673","6.346309833011327","6.451074956100205","4.368847613416814","4.992","","20"
"arithmancer_crosswords","2","2","auto","","10","10","5.919241825075075","6.555183630332543","6.7616483617504395","4.512534293408552","9.994","","22"
"arithmancer_crosswords","2","3","auto","","10","10","6.24082418087522","6.658691750158654","6.658691750158654","4.583744375108174","5.283","","23"
"arithmancer_crosswords","2","4","auto","","10","10","6.027383500317308","6.7616483617504395","6.876075250475962","4.654578428466209","15.059","","24"
"arithmancer_crosswords","2","5","auto","","10","10","6.555183630332543","6.7616483617504395","6.86409673799104","4.654578428466209","7.443","","24"
"arithmancer_crosswords","2","6","auto","","10","10","4.748691750158655","6.658691750158654","6.887618082852672","4.583744375108174","9.113","","23"
"arithmancer_crosswords","2","7","auto","","10","10","6.451074956100205","6.876075250475962","6.876075250475962","4.73323312532452","8.407","","26"
"arithmancer_crosswords","2","8","auto","","10","10","5.587618082852672","6.876075250475962","6.909515931033873","4.73323312532452","9.027","","26"
"arithmancer_crosswords","2","9","auto","","10","10","6.24082418087522","6.898755818928065","6.909515931033873","4.748697149269136","12.494","","28"
"arithmancer_crosswords","2","10","auto","","10","10","5.810544052957589","6.829923188285113","6.949241825075074","4.701129446558031","17.049","","30"
"arithmancer_crosswords","2","11","auto","","10","10","4.748691750158655","6.4140967379910405","6.976079740438369","4.415065957721164","14.182","","25"
"arithmancer_crosswords","2","12","auto","","10","10","6.159183630332543","6.4140967379910405","6.939766706258859","4.415065957721164","8.425","","25"
"arithmancer_crosswords","2","13","auto","","10","10","5.0786917501586535","6.498075250475964","6.912000000000001","4.47283312532452","13.719","","26"
"arithmancer_crosswords","2","14","auto","","10","10","6.4140967379910405","6.949241825075074","6.958442263727892","4.78311942618755","19.023","","33"
"arithmancer_crosswords","2","15","auto","","10","10","5.447515931033874","6.829923188285113","6.958442263727892","4.701129446558031","7.804","","30"
"arithmancer_crosswords","2","16","auto","","10","10","5.061074956100205","6.912000000000001","6.992788488149694","4.7576","13.539","","31"
"arithmancer_crosswords","2","17","auto","","10","10","5.25809673799104","6.747515931033874","6.976079740438369","4.644433589341278","20.083","","29"
"arithmancer_crosswords","2","18","auto","","10","10","5.986309833011328","6.747515931033874","7.0008241808752185","4.644433589341278","13.348","","29"
"arithmancer_crosswords","2","19","auto","","10","10","4.917618082852673","6.073074956100205","6.976079740438369","4.180514742795594","10.56","","21"
"arithmancer_crosswords","2","20","auto","","10","10","4.748691750158655","6.257618082852673","6.748442263727894","4.30710323830864","10.66","","27"
"arithmancer_crosswords","3","1","auto","","10","10","5.898824180875219","6.498075250475964","6.829923188285113","4.47283312532452","26.888","","26"
"arithmancer_crosswords","3","2","auto","","10","10","4.917618082852673","6.498075250475964","6.747515931033874","4.47283312532452","23.289","","26"
"arithmancer_crosswords","3","3","auto","","10","10","5.898824180875219","6.664755818928066","6.747515931033874","4.587497149269136","17.793","","28"
"arithmancer_crosswords","3","4","auto","","10","10","5.631241825075075","6.32964836175044","6.912000000000001","4.356978428466209","15.601","","24"
"arithmancer_crosswords","3","5","auto","","10","10","5.721383500317309","6.829923188285113","6.912000000000001","4.701129446558031","37.787","","30"
"arithmancer_crosswords","3","6","auto","","10","10","5.810544052957589","6.958442263727892","6.958442263727892","4.789392452541745","27.092","","34"
"arithmancer_crosswords","3","7","auto","","10","10","4.917618082852673","6.664755818928066","6.992788488149694","4.587497149269136","18.658","","28"
"arithmancer_crosswords","3","8","auto","","10","10","5.277618082852673","6.747515931033874","6.9673835003173075","4.644433589341278","14.379","","29"
"arithmancer_crosswords","3","9","auto","","10","10","5.986309833011328","6.939766706258859","6.9673835003173075","4.776659117903767","30.27","","32"
"arithmancer_crosswords","3","10","auto","","10","10","5.277618082852673","6.679241825075075","6.886079740438369","4.597119426187551","21.951","","33"
"arithmancer_crosswords","3","11","auto","","10","10","5.594544052957589","6.257618082852673","6.679241825075075","4.30710323830864","20.236","","27"
"arithmancer_crosswords","3","12","auto","","10","10","5.36","6.114096737991042","6.679241825075075","4.208399291054497","24.716","","25"
"arithmancer_crosswords","3","13","auto","","10","10","4.748691750158655","6.539999999999999","6.679241825075075","4.501333333333333","26.174","","31"
"arithmancer_crosswords","3","14","auto","","10","10","5.25809673799104","6.399515931033873","6.954544052957589","4.404700256007945","23.115","","29"
"arithmancer_crosswords","3","15","auto","","10","10","5.11409673799104","5.8210749561002055","6.748442263727894","4.006914742795595","13.385","","21"
"arithmancer_crosswords","3","16","auto","","10","10","5.11409673799104","6.04164836175044","6.679241825075075","4.158578428466209","27.081","","24"
"arithmancer_crosswords","3","17","auto","","10","10","5.517383500317309","6.04164836175044","6.399515931033873","4.158578428466209","20.206","","24"
"arithmancer_crosswords","3","18","auto","","10","10","4.748691750158655","6.257618082852673","6.679241825075075","4.30710323830864","25.863","","27"
"arithmancer_crosswords","3","19","auto","","10","10","5.968691750158655","6.186075250475962","6.748442263727894","4.257899791991187","25.694","","26"
"arithmancer_crosswords","3","20","auto","","10","10","5.1976180828526735","5.670824180875219","6.748442263727894","3.9036225475664375","31.419","","19"
"arithmancer_crosswords","4","1","auto","","10","10","4.748691750158655","6.328755818928067","6.4699231882851125","4.35603048260247","73.457","","28"
"arithmancer_crosswords","4","2","auto","","10","10","4.598691750158655","6.186075250475962","6.679241825075075","4.257899791991187","47.161","","26"
"arithmancer_crosswords","4","3","auto","","10","10","5.8210749561002055","6.4699231882851125","6.954544052957589","4.453129446558031","46.798","","30"
"arithmancer_crosswords","4","4","auto","","10","10","4.917618082852673","5.670824180875219","6.748442263727894","3.9036225475664375","55.415","","19"
"arithmancer_crosswords","4","5","auto","","10","10","5.8210749561002055","6.186075250475962","6.399515931033873","4.257899791991187","30.41","","25"
"arithmancer_crosswords","4","6","auto","","10","10","4.941074956100206","6.748442263727894","6.829923188285113","4.644725785875079","39.863","","30"
"arithmancer_crosswords","4","7","auto","","10","10","5.277618082852673","5.968691750158655","6.60976670625886","4.10841104177484","51.853","","23"
"arithmancer_crosswords","4","8","auto","","10","10","5.1976180828526735","5.968691750158655","6.748442263727894","4.10841104177484","50.401","","23"
"arithmancer_crosswords","4","9","auto","","10","10","5.47409673799104","5.968691750158655","6.539999999999999","4.10841104177484","40.085","","23"
"arithmancer_crosswords","4","10","auto","","10","10","4.748691750158655","6.328755818928067","6.748442263727894","4.35603048260247","69.464","","28"
"arithmancer_crosswords","4","11","auto","","10","10","4.748691750158655","6.186075250475962","6.60976670625886","4.257899791991187","73.646","","26"
"arithmancer_crosswords","4","12","auto","","10","10","5.279515931033874","6.4699231882851125","6.992788488149694","4.453129446558031","57.424","","30"
"arithmancer_crosswords","4","13","auto","","10","10","5.895183630332543","6.679241825075075","6.748442263727894","4.597119426187551","76.467","","33"
"arithmancer_crosswords","4","14","auto","","10","10","5.439241825075075","6.328755818928067","6.748442263727894","4.35603048260247","58.588","","28"
"arithmancer_crosswords","4","15","auto","","10","10","4.941074956100206","6.04164836175044","6.748442263727894","4.158578428466209","52.417","","24"
"arithmancer_crosswords","4","16","auto","","10","10","5.986309833011328","6.257618082852673","6.679241825075075","4.30710323830864","49.88","","27"
"arithmancer_crosswords","4","17","auto","","10","10","5.8210749561002055","6.4699231882851125","6.817383500317309","4.453129446558031","55.055","","30"
"arithmancer_crosswords","4","18","auto","","10","10","5.968691750158655","6.399515931033873","6.60976670625886","4.404700256007945","115.796","","29"
"arithmancer_crosswords","4","19","auto","","10","10","5.8210749561002055","6.60976670625886","6.954544052957589","4.549325784570434","96.819","","32"
"arithmancer_crosswords","4","20","auto","","10","10","6.04164836175044","6.399515931033873","6.817383500317309","4.404700256007945","116.18","","29"
"arithmancer_crosswords","5","1","auto","","10","10","4.917618082852673","6.539999999999999","6.817383500317309","4.501333333333333","59.481","","31"
"arithmancer_crosswords","5","2","auto","","10","10","6.114096737991042","6.817383500317309","6.817383500317309","4.692155416883014","137.169","","35"
"arithmancer_crosswords","5","3","auto","","10","10","5.279515931033874","5.895183630332543","6.748442263727894","4.057867626741885","86.934","","22"
"arithmancer_crosswords","5","4","auto","","10","10","4.748691750158655","6.186075250475962","6.748442263727894","4.257899791991187","110.37","","26"
"arithmancer_crosswords","5","5","auto","","10","10","5.36","6.399515931033873","6.539999999999999","4.404700256007945","115.449","","29"
"arithmancer_crosswords","5","6","auto","","10","10","5.11409673799104","5.895183630332543","6.817383500317309","4.057867626741885","115.826","","22"
"arithmancer_crosswords","5","7","auto","","10","10","5.8210749561002055","6.186075250475962","6.679241825075075","4.257899791991187","217.559","","26"
"arithmancer_crosswords","5","8","auto","","10","10","4.748691750158655","6.04164836175044","6.748442263727894","4.158578428466209","71.736","","24"
"arithmancer_crosswords","5","9","auto","","10","10","5.8210749561002055","6.186075250475962","6.748442263727894","4.257899791991187","112.068","","26"
"arithmancer_crosswords","5","10","auto","","10","10","5.36","5.968691750158655","6.679241825075075","4.10841104177484","76.393","","23"
"arithmancer_crosswords","5","11","auto","","10","10","5.670824180875219","6.114096737991042","6.399515931033873","4.208399291054497","78.568","","25"
"arithmancer_crosswords","5","12","auto","","10","10","5.061074956100205","6.399515931033873","6.748442263727894","4.404700256007945","113.076","","29"
"arithmancer_crosswords","5","13","auto","","10","10","4.748691750158655","5.746309833011327","6.748442263727894","3.955514280083481","56.562","","20"
"arithmancer_crosswords","5","14","auto","","10","10","5.277618082852673","5.968691750158655","6.748442263727894","4.10841104177484","67.157","","23"
"arithmancer_crosswords","5","15","auto","","10","10","5.968691750158655","6.60976670625886","6.748442263727894","4.549325784570434","92.401","","32"
"arithmancer_crosswords","5","16","auto","","10","10","5.517383500317309","6.399515931033873","6.817383500317309","4.404700256007945","78.01","","29"
"arithmancer_crosswords","5","17","auto","","10","10","5.594544052957589","6.539999999999999","6.817383500317309","4.501333333333333","110.621","","31"
"arithmancer_crosswords","5","18","auto","","10","10","5.0286917501586545","6.04164836175044","6.748442263727894","4.158578428466209","101.691","","24"
"arithmancer_crosswords","5","19","auto","","10","10","5.670824180875219","6.399515931033873","6.679241825075075","4.404700256007945","126.433","","29"
"arithmancer_crosswords","5","20","auto","","10","10","6.04164836175044","6.679241825075075","6.817383500317309","4.597119426187551","153.185","","33"
"arithmancer_crosswords","6","1","auto","","10","10","4.748691750158655","6.114096737991042","6.748442263727894","4.208399291054497","224.407","","25"
"arithmancer_crosswords","6","2","auto","","10","10","5.670824180875219","6.539999999999999","6.748442263727894","4.501333333333333","219.472","","31"
"arithmancer_crosswords","6","3","auto","","10","10","5.517383500317309","6.539999999999999","6.748442263727894","4.501333333333333","294.013","","31"
"arithmancer_crosswords","6","4","auto","","10","10","5.8210749561002055","6.114096737991042","6.817383500317309","4.208399291054497","287.546","","25"
"arithmancer_crosswords","6","5","auto","","10","10","5.353618082852673","5.968691750158655","6.4699231882851125","4.10841104177484","255.617","","23"
"arithmancer_crosswords","6","6","auto","","10","10","4.917618082852673","6.04164836175044","6.399515931033873","4.158578428466209","276.397","","24"
"arithmancer_crosswords","6","7","auto","","10","10","5.1976180828526735","5.8210749561002055","6.186075250475962","4.006914742795595","244.038","","21"
"arithmancer_crosswords","6","8","auto","","10","10","4.748691750158655","5.517383500317309","6.679241825075075","3.7981554168830134","367.919","","17"
"arithmancer_crosswords","6","9","auto","","10","10","5.279515931033874","6.04164836175044","6.954544052957589","4.158578428466209","738.627","","24"
"arithmancer_crosswords","6","10","auto","","10","10","5.11409673799104","5.8210749561002055","6.679241825075075","4.006914742795595","537.705","","21"
"arithmancer_crosswords","6","11","auto","","10","10","5.670824180875219","6.114096737991042","6.679241825075075","4.208399291054497","152.864","","25"
"arithmancer_crosswords","6","12","auto","","10","10","5.895183630332543","6.60976670625886","6.817383500317309","4.549325784570434","125.692","","32"
"arithmancer_crosswords","6","13","auto","","10","10","5.439241825075075","6.399515931033873","6.817383500317309","4.404700256007945","169.545","","29"
"arithmancer_crosswords","6","14","auto","","10","10","5.353618082852673","6.399515931033873","6.679241825075075","4.404700256007945","123.865","","29"
"arithmancer_crosswords","6","15","auto","","10","10","5.54","6.257618082852673","6.60976670625886","4.30710323830864","116.587","","27"
"arithmancer_crosswords","6","16","auto","","10","10","5.8210749561002055","6.539999999999999","6.829923188285113","4.501333333333333","200.244","","30"
"arithmancer_crosswords","6","17","auto","","10","10","5.353618082852673","6.186075250475962","6.679241825075075","4.257899791991187","182.87","","26"
"arithmancer_crosswords","6","18","auto","","10","10","5.8210749561002055","6.679241825075075","6.817383500317309","4.597119426187551","170.02","","33"
"arithmancer_crosswords","6","19","auto","","10","10","5.517383500317309","6.399515931033873","6.748442263727894","4.404700256007945","231.382","","29"
"arithmancer_crosswords","6","20","auto","","10","10","5.25809673799104","6.186075250475962","6.4699231882851125","4.257899791991187","139.336","","26"
"kenken","1","1","auto","","10","10","6.03082418087522","6.03082418087522","6.03082418087522","4.253289214233105","0.201","","9"
"kenken","1","2","auto","","10","10","6.03082418087522","6.03082418087522","6.03082418087522","4.253289214233105","0.188","","9"
"kenken","1","3","auto","","10","10","6.03082418087522","6.03082418087522","6.03082418087522","4.253289214233105","0.242","","9"
"kenken","1","4","auto","","10","10","6.03082418087522","6.03082418087522","6.03082418087522","4.253289214233105","0.174","","9"
"kenken","1","5","auto","","10","10","6.03082418087522","6.03082418087522","6.03082418087522","4.253289214233105","0.219","","9"
"kenken","1","6","auto","","10","10","6.03082418087522","6.03082418087522","6.03082418087522","4.253289214233105","0.199","","9"
"kenken","1","7","auto","","10","10","6.03082418087522","6.03082418087522","6.03082418087522","4.253289214233105","0.209","","9"
"kenken","1","8","auto","","10","10","6.03082418087522","6.03082418087522","6.03082418087522","4.253289214233105","0.338","","9"
"kenken","1","9","auto","","10","10","6.03082418087522","6.03082418087522","6.03082418087522","4.253289214233105","0.193","","9"
"kenken","1","10","auto","","10","10","6.03082418087522","6.03082418087522","6.03082418087522","4.253289214233105","0.418","","9"
"kenken","1","11","auto","","10","10","6.03082418087522","6.03082418087522","6.03082418087522","4.253289214233105","0.27","","9"
"kenken","1","12","auto","","10","10","6.03082418087522","6.03082418087522","6.03082418087522","4.253289214233105","0.248","","9"
"kenken","1","13","auto","","10","10","6.03082418087522","6.03082418087522","6.03082418087522","4.253289214233105","0.376","","9"
"kenken","1","14","auto","","10","10","6.03082418087522","6.03082418087522","6.03082418087522","4.253289214233105","0.178","","9"
"kenken","1","15","auto","","10","10","6.03082418087522","6.03082418087522","6.03082418087522","4.253289214233105","0.223","","9"
"kenken","1","16","auto","","10","10","6.03082418087522","6.03082418087522","6.03082418087522","4.253289214233105","0.165","","9"
"kenken","1","17","auto","","10","10","6.03082418087522","6.03082418087522","6.03082418087522","4.253289214233105","0.206","","9"
"kenken","1","18","auto","","10","10","6.03082418087522","6.03082418087522","6.03082418087522","4.253289214233105","0.191","","9"
"kenken","1","19","auto","","10","10","6.03082418087522","6.03082418087522","6.03082418087522","4.253289214233105","0.221","","9"
"kenken","1","20","auto","","10","10","6.03082418087522","6.03082418087522","6.03082418087522","4.253289214233105","0.235","","9"
"kenken","2","1","auto","","10","10","6.03082418087522","6.03082418087522","6.03082418087522","4.253289214233105","0.217","","9"
"kenken","2","2","auto","","10","10","6.03082418087522","6.03082418087522","6.03082418087522","4.253289214233105","0.333","","9"
"kenken","2","3","auto","","10","10","6.03082418087522","6.03082418087522","6.03082418087522","4.253289214233105","0.239","","9"
"kenken","2","4","auto","","10","10","6.03082418087522","6.03082418087522","6.03082418087522","4.253289214233105","0.274","","9"
"kenken","2","5","auto","","10","10","6.03082418087522","6.03082418087522","6.03082418087522","4.253289214233105","0.221","","9"
"kenken","2","6","auto","","10","10","6.199241825075075","6.199241825075075","6.199241825075075","4.368119426187551","0.29","","16"
"kenken","2","7","auto","","10","10","6.199241825075075","6.199241825075075","6.199241825075075","4.368119426187551","0.384","","16"
"kenken","2","8","auto","","10","10","6.199241825075075","6.199241825075075","6.199241825075075","4.368119426187551","0.347","","16"
"kenken","2","9","auto","","10","10","6.199241825075075","6.199241825075075","6.199241825075075","4.368119426187551","0.358","","16"
"kenken","2","10","auto","","10","10","6.199241825075075","6.199241825075075","6.199241825075075","4.368119426187551","0.444","","16"
"kenken","2","11","auto","","10","10","6.199241825075075","6.199241825075075","6.199241825075075","4.368119426187551","0.347","","16"
"kenken","2","12","auto","","10","10","6.199241825075075","6.199241825075075","6.199241825075075","4.368119426187551","0.251","","16"
"kenken","2","13","auto","","10","10","6.199241825075075","6.199241825075075","6.199241825075075","4.368119426187551","0.252","","16"
"kenken","2","14","auto","","10","10","6.199241825075075","6.199241825075075","6.199241825075075","4.368119426187551","0.306","","16"
"kenken","2","15","auto","","10","10","6.199241825075075","6.199241825075075","6.199241825075075","4.368119426187551","0.332","","16"
"kenken","2","16","auto","","10","10","6.199241825075075","6.199241825075075","6.199241825075075","4.368119426187551","0.342","","16"
"kenken","2","17","auto","","10","10","6.199241825075075","6.199241825075075","6.199241825075075","4.368119426187551","0.287","","16"
"kenken","2","18","auto","","10","10","6.199241825075075","6.199241825075075","6.199241825075075","4.368119426187551","0.269","","16"
"kenken","2","19","auto","","10","10","6.199241825075075","6.199241825075075","6.199241825075075","4.368119426187551","0.28","","16"
"kenken","2","20","auto","","10","10","6.199241825075075","6.199241825075075","6.199241825075075","4.368119426187551","0.289","","16"
"kenken","3","1","auto","","10","10","6.199241825075075","6.199241825075075","6.199241825075075","4.368119426187551","0.286","","16"
"kenken","3","2","auto","","10","10","6.199241825075075","6.199241825075075","6.199241825075075","4.368119426187551","0.228","","16"
"kenken","3","3","auto","","10","10","6.199241825075075","6.199241825075075","6.199241825075075","4.368119426187551","0.311","","16"
"kenken","3","4","auto","","10","10","6.321648361750439","6.321648361750439","6.321648361750439","4.451578428466209","0.419","","24"
"kenken","3","5","auto","","10","10","6.321648361750439","6.321648361750439","6.321648361750439","4.451578428466209","0.31","","24"
"kenken","3","6","auto","","10","10","6.321648361750439","6.321648361750439","6.321648361750439","4.451578428466209","0.297","","24"
"kenken","3","7","auto","","10","10","6.321648361750439","6.321648361750439","6.321648361750439","4.451578428466209","0.762","","24"
"kenken","3","8","auto","","10","10","6.321648361750439","6.321648361750439","6.321648361750439","4.451578428466209","0.4","","24"
"kenken","3","9","auto","","10","10","6.428442263727892","6.428442263727892","6.428442263727892","4.524392452541745","0.443","","34"
"kenken","3","10","auto","","10","10","6.428442263727892","6.428442263727892","6.428442263727892","4.524392452541745","0.628","","34"
"kenken","3","11","auto","","10","10","6.428442263727892","6.428442263727892","6.428442263727892","4.524392452541745","0.51","","34"
"kenken","3","12","auto","","10","10","6.428442263727892","6.428442263727892","6.428442263727892","4.524392452541745","0.683","","34"
"kenken","3","13","auto","","10","10","6.428442263727892","6.428442263727892","6.428442263727892","4.524392452541745","0.491","","34"
"kenken","3","14","auto","","10","10","6.428442263727892","6.428442263727892","6.428442263727892","4.524392452541745","1.014","","34"
"kenken","3","15","auto","","10","10","6.428442263727892","6.428442263727892","6.428442263727892","4.524392452541745","0.589","","34"
"kenken","3","16","auto","","10","10","6.428442263727892","6.428442263727892","6.428442263727892","4.524392452541745","0.599","","34"
"kenken","3","17","auto","","10","10","6.428442263727892","6.428442263727892","6.428442263727892","4.524392452541745","0.601","","34"
"kenken","3","18","auto","","10","10","6.428442263727892","6.428442263727892","6.428442263727892","4.524392452541745","0.591","","34"
"kenken","3","19","auto","","10","10","6.428442263727892","6.428442263727892","6.428442263727892","4.524392452541745","0.535","","34"
"kenken","3","20","auto","","10","10","6.428442263727892","6.428442263727892","6.428442263727892","4.524392452541745","0.406","","34"
"kenken","4","1","auto","","10","10","6.321648361750439","6.321648361750439","6.321648361750439","4.451578428466209","0.345","","24"
"kenken","4","2","auto","","10","10","6.321648361750439","6.321648361750439","6.321648361750439","4.451578428466209","0.314","","24"
"kenken","4","3","auto","","10","10","6.321648361750439","6.321648361750439","6.321648361750439","4.451578428466209","0.309","","24"
"kenken","4","4","auto","","10","10","6.321648361750439","6.321648361750439","6.321648361750439","4.451578428466209","0.321","","24"
"kenken","4","5","auto","","10","10","6.321648361750439","6.321648361750439","6.321648361750439","4.451578428466209","0.303","","24"
"kenken","4","6","auto","","10","10","6.428442263727892","6.428442263727892","6.428442263727892","4.524392452541745","0.426","","34"
"kenken","4","7","auto","","10","10","6.428442263727892","6.428442263727892","6.428442263727892","4.524392452541745","0.534","","34"
"kenken","4","8","auto","","10","10","6.428442263727892","6.428442263727892","6.428442263727892","4.524392452541745","0.559","","34"
"kenken","4","9","auto","","10","10","6.428442263727892","6.428442263727892","6.428442263727892","4.524392452541745","0.577","","34"
"kenken","4","10","auto","","10","10","6.428442263727892","6.428442263727892","6.428442263727892","4.524392452541745","0.509","","34"
"kenken","4","11","auto","","10","10","6.5286917501586545","6.5286917501586545","6.5286917501586545","4.592744375108174","0.655","","47"
"kenken","4","12","auto","","10","10","6.5286917501586545","6.5286917501586545","6.5286917501586545","4.592744375108174","0.575","","47"
"kenken","4","13","auto","","10","10","6.5286917501586545","6.5286917501586545","6.5286917501586545","4.592744375108174","0.953","","47"
"kenken","4","14","auto","","10","10","6.5286917501586545","6.5286917501586545","6.5286917501586545","4.592744375108174","0.71","","47"
"kenken","4","15","auto","","10","10","6.5286917501586545","6.5286917501586545","6.5286917501586545","4.592744375108174","0.807","","47"
"kenken","4","16","auto","","10","10","6.615001583169981","6.615001583169981","6.615001583169981","4.651591988524987","2.24","","62"
"kenken","4","17","auto","","10","10","6.615001583169981","6.615001583169981","6.615001583169981","4.651591988524987","0.922","","62"
"kenken","4","18","auto","","10","10","6.615001583169981","6.615001583169981","6.615001583169981","4.651591988524987","0.791","","62"
"kenken","4","19","auto","","10","10","6.615001583169981","6.615001583169981","6.615001583169981","4.651591988524987","0.947","","62"
"kenken","4","20","auto","","10","10","6.615001583169981","6.615001583169981","6.615001583169981","4.651591988524987","0.938","","62"
"kenken","5","1","auto","","10","10","6.321648361750439","6.321648361750439","6.321648361750439","4.451578428466209","0.516","","24"
"kenken","5","2","auto","","10","10","6.321648361750439","6.321648361750439","6.321648361750439","4.451578428466209","0.491","","24"
"kenken","5","3","auto","","10","10","6.321648361750439","6.321648361750439","6.321648361750439","4.451578428466209","0.471","","24"
"kenken","5","4","auto","","10","10","6.321648361750439","6.321648361750439","6.321648361750439","4.451578428466209","0.422","","24"
"kenken","5","5","auto","","10","10","6.321648361750439","6.321648361750439","6.321648361750439","4.451578428466209","0.39","","24"
"kenken","5","6","auto","","10","10","6.428442263727892","6.428442263727892","6.428442263727892","4.524392452541745","0.503","","34"
"kenken","5","7","auto","","10","10","6.428442263727892","6.428442263727892","6.428442263727892","4.524392452541745","0.601","","34"
"kenken","5","8","auto","","10","10","6.428442263727892","6.428442263727892","6.428442263727892","4.524392452541745","0.532","","34"
"kenken","5","9","auto","","10","10","6.428442263727892","6.428442263727892","6.428442263727892","4.524392452541745","0.575","","34"
"kenken","5","10","auto","","10","10","6.428442263727892","6.428442263727892","6.428442263727892","4.524392452541745","0.602","","34"
"kenken","5","11","auto","","10","10","6.5286917501586545","6.5286917501586545","6.5286917501586545","4.592744375108174","0.774","","47"
"kenken","5","12","auto","","10","10","6.5286917501586545","6.5286917501586545","6.5286917501586545","4.592744375108174","0.699","","47"
"kenken","5","13","auto","","10","10","6.5286917501586545","6.5286917501586545","6.5286917501586545","4.592744375108174","1.458","","47"
"kenken","5","14","auto","","10","10","6.5286917501586545","6.5286917501586545","6.5286917501586545","4.592744375108174","1.104","","47"
"kenken","5","15","auto","","10","10","6.5286917501586545","6.5286917501586545","6.5286917501586545","4.592744375108174","0.579","","47"
"kenken","5","16","auto","","10","10","6.615001583169981","6.615001583169981","6.615001583169981","4.651591988524987","0.914","","62"
"kenken","5","17","auto","","10","10","6.615001583169981","6.615001583169981","6.615001583169981","4.651591988524987","1.002","","62"
"kenken","5","18","auto","","10","10","6.615001583169981","6.615001583169981","6.615001583169981","4.651591988524987","1.09","","62"
"kenken","5","19","auto","","10","10","6.615001583169981","6.615001583169981","6.615001583169981","4.651591988524987","0.862","","62"
"kenken","5","20","auto","","10","10","6.615001583169981","6.615001583169981","6.615001583169981","4.651591988524987","1.386","","62"
"kenken","6","1","auto","","10","10","6.321648361750439","6.321648361750439","6.321648361750439","4.451578428466209","0.526","","24"
"kenken","6","2","auto","","10","10","6.321648361750439","6.321648361750439","6.321648361750439","4.451578428466209","0.414","","24"
"kenken","6","3","auto","","10","10","6.321648361750439","6.321648361750439","6.321648361750439","4.451578428466209","0.391","","24"
"kenken","6","4","auto","","10","10","6.321648361750439","6.321648361750439","6.321648361750439","4.451578428466209","0.431","","24"
"kenken","6","5","auto","","10","10","6.321648361750439","6.321648361750439","6.321648361750439","4.451578428466209","0.338","","24"
"kenken","6","6","auto","","10","10","6.428442263727892","6.428442263727892","6.428442263727892","4.524392452541745","0.42","","34"
"kenken","6","7","auto","","10","10","6.428442263727892","6.428442263727892","6.428442263727892","4.524392452541745","0.598","","34"
"kenken","6","8","auto","","10","10","6.428442263727892","6.428442263727892","6.428442263727892","4.524392452541745","0.518","","34"
"kenken","6","9","auto","","10","10","6.428442263727892","6.428442263727892","6.428442263727892","4.524392452541745","0.819","","34"
"kenken","6","10","auto","","10","10","6.428442263727892","6.428442263727892","6.428442263727892","4.524392452541745","1.202","","34"
"kenken","6","11","auto","","10","10","6.5286917501586545","6.5286917501586545","6.5286917501586545","4.592744375108174","0.948","","47"
"kenken","6","12","auto","","10","10","6.5286917501586545","6.5286917501586545","6.5286917501586545","4.592744375108174","0.614","","47"
"kenken","6","13","auto","","10","10","6.5286917501586545","6.5286917501586545","6.5286917501586545","4.592744375108174","2.03","","47"
"kenken","6","14","auto","","10","10","6.5286917501586545","6.5286917501586545","6.5286917501586545","4.592744375108174","0.743","","47"
"kenken","6","15","auto","","10","10","6.5286917501586545","6.5286917501586545","6.5286917501586545","4.592744375108174","0.722","","47"
"kenken","6","16","auto","","10","10","6.615001583169981","6.615001583169981","6.615001583169981","4.651591988524987","1.73","","62"
"kenken","6","17","auto","","10","10","6.615001583169981","6.615001583169981","6.615001583169981","4.651591988524987","1.514","","62"
"kenken","6","18","auto","","10","10","6.615001583169981","6.615001583169981","6.615001583169981","4.651591988524987","1.134","","62"
"kenken","6","19","auto","","10","10","6.615001583169981","6.615001583169981","6.615001583169981","4.651591988524987","0.951","","62"
"kenken","6","20","auto","","10","10","6.615001583169981","6.615001583169981","6.615001583169981","4.651591988524987","0.928","","62"
"asteroid_field_navigator","1","1","auto","","10","10","4.916079740438369","4.916079740438369","4.916079740438369","3.7314180048443424","0.396","",""
"asteroid_field_navigator","1","2","auto","","10","10","4.916079740438369","4.916079740438369","4.916079740438369","3.7314180048443424","0.595","",""
"asteroid_field_navigator","1","3","auto","","10","10","4.916079740438369","4.916079740438369","4.916079740438369","3.7314180048443424","0.533","",""
"asteroid_field_navigator","1","4","auto","","10","10","4.916079740438369","4.916079740438369","4.916079740438369","3.7314180048443424","0.692","",""
"asteroid_field_navigator","1","5","auto","","10","10","4.916079740438369","4.916079740438369","4.916079740438369","3.7314180048443424","0.454","",""
"asteroid_field_navigator","1","6","auto","","10","10","4.916079740438369","4.916079740438369","4.916079740438369","3.7314180048443424","0.57","",""
"asteroid_field_navigator","1","7","auto","","10","10","4.916079740438369","4.916079740438369","4.916079740438369","3.7314180048443424","0.39","",""
"asteroid_field_navigator","1","8","auto","","10","10","5.09492091886626","5.09492091886626","5.09492091886626","3.853355171954268","0.823","",""
"asteroid_field_navigator","1","9","auto","","10","10","5.09492091886626","5.09492091886626","5.09492091886626","3.853355171954268","1.038","",""
"asteroid_field_navigator","1","10","auto","","10","10","5.09492091886626","5.09492091886626","5.09492091886626","3.853355171954268","1.674","",""
"asteroid_field_navigator","1","11","auto","","10","10","5.09492091886626","5.09492091886626","5.09492091886626","3.853355171954268","1.068","",""
"asteroid_field_navigator","1","12","auto","","10","10","5.09492091886626","5.09492091886626","5.09492091886626","3.853355171954268","1.598","",""
"asteroid_field_navigator","1","13","auto","","10","10","5.234806526205395","5.234806526205395","5.234806526205395","3.948731722412769","1.209","",""
"asteroid_field_navigator","1","14","auto","","10","10","5.234806526205395","5.234806526205395","5.234806526205395","3.948731722412769","1.494","",""
"asteroid_field_navigator","1","15","auto","","10","10","5.234806526205395","5.234806526205395","5.234806526205395","3.948731722412769","1.957","",""
"asteroid_field_navigator","1","16","auto","","10","10","5.234806526205395","5.234806526205395","5.234806526205395","3.948731722412769","2.732","",""
"asteroid_field_navigator","1","17","auto","","10","10","5.234806526205395","5.234806526205395","5.234806526205395","3.948731722412769","1.742","",""
"asteroid_field_navigator","1","18","auto","","10","10","5.349579999803286","5.349579999803286","5.349579999803286","4.02698636350224","4.042","",""
"asteroid_field_navigator","1","19","auto","","10","10","5.349579999803286","5.349579999803286","5.349579999803286","4.02698636350224","4.313","",""
"asteroid_field_navigator","1","20","auto","","10","10","5.349579999803286","5.349579999803286","5.349579999803286","4.02698636350224","3.935","",""
"asteroid_field_navigator","2","1","auto","","10","10","4.916079740438369","4.916079740438369","4.916079740438369","3.7314180048443424","0.754","",""
"asteroid_field_navigator","2","2","auto","","10","10","4.916079740438369","4.916079740438369","4.916079740438369","3.7314180048443424","0.789","",""
"asteroid_field_navigator","2","3","auto","","10","10","5.09492091886626","5.09492091886626","5.09492091886626","3.853355171954268","0.749","",""
"asteroid_field_navigator","2","4","auto","","10","10","5.09492091886626","5.09492091886626","5.09492091886626","3.853355171954268","1.024","",""
"asteroid_field_navigator","2","5","auto","","10","10","5.09492091886626","5.09492091886626","5.09492091886626","3.853355171954268","1.359","",""
"asteroid_field_navigator","2","6","auto","","10","10","5.09492091886626","5.09492091886626","5.09492091886626","3.853355171954268","1.31","",""
"asteroid_field_navigator","2","7","auto","","10","10","5.09492091886626","5.09492091886626","5.09492091886626","3.853355171954268","1.341","",""
"asteroid_field_navigator","2","8","auto","","10","10","5.234806526205395","5.234806526205395","5.234806526205395","3.948731722412769","1.941","",""
"asteroid_field_navigator","2","9","auto","","10","10","5.234806526205395","5.234806526205395","5.234806526205395","3.948731722412769","1.732","",""
"asteroid_field_navigator","2","10","auto","","10","10","5.234806526205395","5.234806526205395","5.234806526205395","3.948731722412769","2.395","",""
"asteroid_field_navigator","2","11","auto","","10","10","5.234806526205395","5.234806526205395","5.234806526205395","3.948731722412769","2.436","",""
"asteroid_field_navigator","2","12","auto","","10","10","5.234806526205395","5.234806526205395","5.234806526205395","3.948731722412769","0.957","",""
"asteroid_field_navigator","2","13","auto","","10","10","5.349579999803286","5.349579999803286","5.349579999803286","4.02698636350224","1.256","",""
"asteroid_field_navigator","2","14","auto","","10","10","5.349579999803286","5.349579999803286","5.349579999803286","4.02698636350224","2.539","",""
"asteroid_field_navigator","2","15","auto","","10","10","5.349579999803286","5.349579999803286","5.349579999803286","4.02698636350224","1.941","",""
"asteroid_field_navigator","2","16","auto","","10","10","5.349579999803286","5.349579999803286","5.349579999803286","4.02698636350224","1.939","",""
"asteroid_field_navigator","2","17","auto","","10","10","5.349579999803286","5.349579999803286","5.349579999803286","4.02698636350224","3.715","",""
"asteroid_field_navigator","2","18","auto","","10","10","5.490439371731341","5.490439371731341","5.490439371731341","4.123026844362278","4.56","",""
"asteroid_field_navigator","2","19","auto","","10","10","5.490439371731341","5.490439371731341","5.490439371731341","4.123026844362278","3.607","",""
"asteroid_field_navigator","2","20","auto","","10","10","5.490439371731341","5.490439371731341","5.490439371731341","4.123026844362278","4.645","",""
"asteroid_field_navigator","3","1","auto","","10","10","5.09492091886626","5.09492091886626","5.09492091886626","3.853355171954268","1.803","",""
"asteroid_field_navigator","3","2","auto","","10","10","5.09492091886626","5.09492091886626","5.09492091886626","3.853355171954268","0.583","",""
"asteroid_field_navigator","3","3","auto","","10","10","5.234806526205395","5.234806526205395","5.234806526205395","3.948731722412769","1.526","",""
"asteroid_field_navigator","3","4","auto","","10","10","5.234806526205395","5.234806526205395","5.234806526205395","3.948731722412769","1.393","",""
"asteroid_field_navigator","3","5","auto","","10","10","5.234806526205395","5.234806526205395","5.234806526205395","3.948731722412769","1.719","",""
"asteroid_field_navigator","3","6","auto","","10","10","5.234806526205395","5.234806526205395","5.234806526205395","3.948731722412769","1.366","",""
"asteroid_field_navigator","3","7","auto","","10","10","5.234806526205395","5.234806526205395","5.234806526205395","3.948731722412769","2.287","",""
"asteroid_field_navigator","3","8","auto","","10","10","5.349579999803286","5.349579999803286","5.349579999803286","4.02698636350224","3.875","",""
"asteroid_field_navigator","3","9","auto","","10","10","5.349579999803286","5.349579999803286","5.349579999803286","4.02698636350224","3.116","",""
"asteroid_field_navigator","3","10","auto","","10","10","5.349579999803286","5.349579999803286","5.349579999803286","4.02698636350224","2.323","",""
"asteroid_field_navigator","3","11","auto","","10","10","5.349579999803286","5.349579999803286","5.349579999803286","4.02698636350224","1.721","",""
"asteroid_field_navigator","3","12","auto","","10","10","5.349579999803286","5.349579999803286","5.349579999803286","4.02698636350224","2.459","",""
"asteroid_field_navigator","3","13","auto","","10","10","5.490439371731341","5.490439371731341","5.490439371731341","4.123026844362278","3.1","",""
"asteroid_field_navigator","3","14","auto","","10","10","5.490439371731341","5.490439371731341","5.490439371731341","4.123026844362278","2.431","",""
"asteroid_field_navigator","3","15","auto","","10","10","5.490439371731341","5.490439371731341","5.490439371731341","4.123026844362278","2.966","",""
"asteroid_field_navigator","3","16","auto","","10","10","5.490439371731341","5.490439371731341","5.490439371731341","4.123026844362278","2.724","",""
"asteroid_field_navigator","3","17","auto","","10","10","5.490439371731341","5.490439371731341","5.490439371731341","4.123026844362278","6.094","",""
"asteroid_field_navigator","3","18","auto","","10","10","5.672440853820083","5.672440853820083","5.672440853820083","4.247118763968238","10.653","",""
"asteroid_field_navigator","3","19","auto","","10","10","5.672440853820083","5.672440853820083","5.672440853820083","4.247118763968238","9.366","",""
"asteroid_field_navigator","3","20","auto","","10","10","5.672440853820083","5.672440853820083","5.672440853820083","4.247118763968238","9.295","",""
"asteroid_field_navigator","4","1","auto","","10","10","5.234806526205395","5.234806526205395","5.234806526205395","3.948731722412769","0.887","",""
"asteroid_field_navigator","4","2","auto","","10","10","5.234806526205395","5.234806526205395","5.234806526205395","3.948731722412769","1.232","",""
"asteroid_field_navigator","4","3","auto","","10","10","5.349579999803286","5.349579999803286","5.349579999803286","4.02698636350224","4.017","",""
"asteroid_field_navigator","4","4","auto","","10","10","5.349579999803286","5.349579999803286","5.349579999803286","4.02698636350224","2.239","",""
"asteroid_field_navigator","4","5","auto","","10","10","5.349579999803286","5.349579999803286","5.349579999803286","4.02698636350224","2.873","",""
"asteroid_field_navigator","4","6","auto","","10","10","5.349579999803286","5.349579999803286","5.349579999803286","4.02698636350224","3.225","",""
"asteroid_field_navigator","4","7","auto","","10","10","5.349579999803286","5.349579999803286","5.349579999803286","4.02698636350224","4.048","",""
"asteroid_field_navigator","4","8","auto","","10","10","5.490439371731341","5.490439371731341","5.490439371731341","4.123026844362278","6.811","",""
"asteroid_field_navigator","4","9","auto","","10","10","5.490439371731341","5.490439371731341","5.490439371731341","4.123026844362278","4.509","",""
"asteroid_field_navigator","4","10","auto","","10","10","5.490439371731341","5.490439371731341","5.490439371731341","4.123026844362278","5.665","",""
"asteroid_field_navigator","4","11","auto","","10","10","5.490439371731341","5.490439371731341","5.490439371731341","4.123026844362278","5.107","",""
"asteroid_field_navigator","4","12","auto","","10","10","5.490439371731341","5.490439371731341","5.490439371731341","4.123026844362278","8.643","",""
"asteroid_field_navigator","4","13","auto","","10","10","5.672440853820083","5.672440853820083","5.672440853820083","4.247118763968238","12.333","",""
"asteroid_field_navigator","4","14","auto","","10","10","5.672440853820083","5.672440853820083","5.672440853820083","4.247118763968238","11.826","",""
"asteroid_field_navigator","4","15","auto","","10","10","5.672440853820083","5.672440853820083","5.672440853820083","4.247118763968238","7.604","",""
"asteroid_field_navigator","4","16","auto","","10","10","5.672440853820083","5.672440853820083","5.672440853820083","4.247118763968238","14.471","",""
"asteroid_field_navigator","4","17","auto","","10","10","5.672440853820083","5.672440853820083","5.672440853820083","4.247118763968238","12.682","",""
"asteroid_field_navigator","4","18","auto","","10","10","5.672440853820083","5.672440853820083","5.672440853820083","4.247118763968238","14.989","",""
"asteroid_field_navigator","4","19","auto","","10","10","5.672440853820083","5.672440853820083","5.672440853820083","4.247118763968238","16.817","",""
"asteroid_field_navigator","4","20","auto","","10","10","5.672440853820083","5.672440853820083","5.672440853820083","4.247118763968238","9.881","",""
"asteroid_field_navigator","5","1","auto","","10","10","5.349579999803286","5.349579999803286","5.349579999803286","4.02698636350224","1.342","",""
"asteroid_field_navigator","5","2","auto","","10","10","5.349579999803286","5.349579999803286","5.349579999803286","4.02698636350224","1.302","",""
"asteroid_field_navigator","5","3","auto","","10","10","5.490439371731341","5.490439371731341","5.490439371731341","4.123026844362278","2.829","",""
"asteroid_field_navigator","5","4","auto","","10","10","5.490439371731341","5.490439371731341","5.490439371731341","4.123026844362278","4.251","",""
"asteroid_field_navigator","5","5","auto","","10","10","5.490439371731341","5.490439371731341","5.490439371731341","4.123026844362278","4.831","",""
"asteroid_field_navigator","5","6","auto","","10","10","5.490439371731341","5.490439371731341","5.490439371731341","4.123026844362278","4.616","",""
"asteroid_field_navigator","5","7","auto","","10","10","5.490439371731341","5.490439371731341","5.490439371731341","4.123026844362278","4.589","",""
"asteroid_field_navigator","5","8","auto","","10","10","5.672440853820083","5.672440853820083","5.672440853820083","4.247118763968238","7.011","",""
"asteroid_field_navigator","5","9","auto","","10","10","5.672440853820083","5.672440853820083","5.672440853820083","4.247118763968238","9.006","",""
"asteroid_field_navigator","5","10","auto","","10","10","5.672440853820083","5.672440853820083","5.672440853820083","4.247118763968238","8.379","",""
"asteroid_field_navigator","5","11","auto","","10","10","5.672440853820083","5.672440853820083","5.672440853820083","4.247118763968238","9.495","",""
"asteroid_field_navigator","5","12","auto","","10","10","5.672440853820083","5.672440853820083","5.672440853820083","4.247118763968238","6.988","",""
"asteroid_field_navigator","5","13","auto","","10","10","5.672440853820083","5.672440853820083","5.672440853820083","4.247118763968238","9.096","",""
"asteroid_field_navigator","5","14","auto","","10","10","5.672440853820083","5.672440853820083","5.672440853820083","4.247118763968238","8.261","",""
"asteroid_field_navigator","5","15","auto","","10","10","5.672440853820083","5.672440853820083","5.672440853820083","4.247118763968238","14.238","",""
"asteroid_field_navigator","5","16","auto","","10","10","5.672440853820083","5.672440853820083","5.672440853820083","4.247118763968238","13.517","",""
"asteroid_field_navigator","5","17","auto","","10","10","5.672440853820083","5.672440853820083","5.672440853820083","4.247118763968238","10.052","",""
"asteroid_field_navigator","5","18","auto","","10","10","5.672440853820083","5.672440853820083","5.672440853820083","4.247118763968238","6.302","",""
"asteroid_field_navigator","5","19","auto","","10","10","5.672440853820083","5.672440853820083","5.672440853820083","4.247118763968238","7.182","",""
"asteroid_field_navigator","5","20","auto","","10","10","5.672440853820083","5.672440853820083","5.672440853820083","4.247118763968238","11.167","",""
"asteroid_field_navigator","6","1","auto","","10","10","5.490439371731341","5.490439371731341","5.490439371731341","4.123026844362278","5.081","",""
"asteroid_field_navigator","6","2","auto","","10","10","5.490439371731341","5.490439371731341","5.490439371731341","4.123026844362278","2.711","",""
"asteroid_field_navigator","6","3","auto","","10","10","5.672440853820083","5.672440853820083","5.672440853820083","4.247118763968238","10.734","",""
"asteroid_field_navigator","6","4","auto","","10","10","5.672440853820083","5.672440853820083","5.672440853820083","4.247118763968238","6.46","",""
"asteroid_field_navigator","6","5","auto","","10","10","5.672440853820083","5.672440853820083","5.672440853820083","4.247118763968238","8.364","",""
"asteroid_field_navigator","6","6","auto","","10","10","5.672440853820083","5.672440853820083","5.672440853820083","4.247118763968238","6.107","",""
"asteroid_field_navigator","6","7","auto","","10","10","5.672440853820083","5.672440853820083","5.672440853820083","4.247118763968238","5.889","",""
"asteroid_field_navigator","6","8","auto","","10","10","5.672440853820083","5.672440853820083","5.672440853820083","4.247118763968238","7.951","",""
"asteroid_field_navigator","6","9","auto","","10","10","5.672440853820083","5.672440853820083","5.672440853820083","4.247118763968238","10.896","",""
"asteroid_field_navigator","6","10","auto","","10","10","5.672440853820083","5.672440853820083","5.672440853820083","4.247118763968238","10.851","",""
"asteroid_field_navigator","6","11","auto","","10","10","5.672440853820083","5.672440853820083","5.672440853820083","4.247118763968238","12.912","",""
"asteroid_field_navigator","6","12","auto","","10","10","5.672440853820083","5.672440853820083","5.672440853820083","4.247118763968238","15.634","",""
"asteroid_field_navigator","6","13","auto","","10","10","5.672440853820083","5.672440853820083","5.672440853820083","4.247118763968238","11.979","",""
"asteroid_field_navigator","6","14","auto","","10","10","5.672440853820083","5.672440853820083","5.672440853820083","4.247118763968238","13.987","",""
"asteroid_field_navigator","6","15","auto","","10","10","5.672440853820083","5.672440853820083","5.672440853820083","4.247118763968238","16.675","",""
"asteroid_field_navigator","6","16","auto","","10","10","5.672440853820083","5.672440853820083","5.672440853820083","4.247118763968238","13.074","",""
"asteroid_field_navigator","6","17","auto","","10","10","5.672440853820083","5.672440853820083","5.672440853820083","4.247118763968238","18.377","",""
"asteroid_field_navigator","6","18","auto","","10","10","5.672440853820083","5.672440853820083","5.672440853820083","4.247118763968238","16.501","",""
"asteroid_field_navigator","6","19","auto","","10","10","5.672440853820083","5.672440853820083","5.672440853820083","4.247118763968238","13.062","",""
"asteroid_field_navigator","6","20","auto","","10","10","5.672440853820083","5.672440853820083","5.672440853820083","4.247118763968238","8.636","",""
"cargo_bay_arranger","1","1","auto","","10","10","5.7923835003173085","5.7923835003173085","5.7923835003173085","4.1304887502163465","0.133","",""
"cargo_bay_arranger","1","2","auto","","10","10","5.7923835003173085","5.7923835003173085","5.7923835003173085","4.1304887502163465","0.186","",""
"cargo_bay_arranger","1","3","auto","","10","10","5.7923835003173085","5.7923835003173085","5.7923835003173085","4.1304887502163465","0.203","",""
"cargo_bay_arranger","1","4","auto","","10","10","5.7923835003173085","5.7923835003173085","5.7923835003173085","4.1304887502163465","0.185","",""
"cargo_bay_arranger","1","5","auto","","10","10","5.7923835003173085","5.7923835003173085","5.7923835003173085","4.1304887502163465","0.244","",""
"cargo_bay_arranger","1","6","auto","","10","10","5.856074956100205","5.856074956100205","5.856074956100205","4.173914742795595","0.185","",""
"cargo_bay_arranger","1","7","auto","","10","10","5.856074956100205","5.856074956100205","5.856074956100205","4.173914742795595","0.188","",""
"cargo_bay_arranger","1","8","auto","","10","10","5.856074956100205","5.856074956100205","5.856074956100205","4.173914742795595","0.185","",""
"cargo_bay_arranger","1","9","auto","","10","10","5.856074956100205","5.856074956100205","5.856074956100205","4.173914742795595","0.194","",""
"cargo_bay_arranger","1","10","auto","","10","10","5.856074956100205","5.856074956100205","5.856074956100205","4.173914742795595","0.186","",""
"cargo_bay_arranger","1","11","auto","","10","10","5.90909673799104","5.90909673799104","5.90909673799104","4.210065957721164","0.183","",""
"cargo_bay_arranger","1","12","auto","","10","10","5.90909673799104","5.90909673799104","5.90909673799104","4.210065957721164","0.193","",""
"cargo_bay_arranger","1","13","auto","","10","10","5.90909673799104","5.90909673799104","5.90909673799104","4.210065957721164","0.15","",""
"cargo_bay_arranger","1","14","auto","","10","10","5.90909673799104","5.90909673799104","5.90909673799104","4.210065957721164","0.176","",""
"cargo_bay_arranger","1","15","auto","","10","10","5.90909673799104","5.90909673799104","5.90909673799104","4.210065957721164","0.139","",""
"cargo_bay_arranger","1","16","auto","","10","10","5.954515931033874","5.954515931033874","5.954515931033874","4.241033589341278","0.135","",""
"cargo_bay_arranger","1","17","auto","","10","10","5.954515931033874","5.954515931033874","5.954515931033874","4.241033589341278","0.166","",""
"cargo_bay_arranger","1","18","auto","","10","10","5.954515931033874","5.954515931033874","5.954515931033874","4.241033589341278","0.107","",""
"cargo_bay_arranger","1","19","auto","","10","10","5.954515931033874","5.954515931033874","5.954515931033874","4.241033589341278","0.116","",""
"cargo_bay_arranger","1","20","auto","","10","10","5.954515931033874","5.954515931033874","5.954515931033874","4.241033589341278","0.186","",""
"cargo_bay_arranger","2","1","auto","","10","10","5.856074956100205","5.856074956100205","5.856074956100205","4.173914742795595","0.183","",""
"cargo_bay_arranger","2","2","auto","","10","10","5.856074956100205","5.856074956100205","5.856074956100205","4.173914742795595","0.137","",""
"cargo_bay_arranger","2","3","auto","","10","10","5.856074956100205","5.856074956100205","5.856074956100205","4.173914742795595","0.119","",""
"cargo_bay_arranger","2","4","auto","","10","10","5.856074956100205","5.856074956100205","5.856074956100205","4.173914742795595","0.134","",""
"cargo_bay_arranger","2","5","auto","","10","10","5.856074956100205","5.856074956100205","5.856074956100205","4.173914742795595","0.133","",""
"cargo_bay_arranger","2","6","auto","","10","10","5.90909673799104","5.90909673799104","5.90909673799104","4.210065957721164","0.13","",""
"cargo_bay_arranger","2","7","auto","","10","10","5.90909673799104","5.90909673799104","5.90909673799104","4.210065957721164","0.135","",""
"cargo_bay_arranger","2","8","auto","","10","10","5.90909673799104","5.90909673799104","5.90909673799104","4.210065957721164","0.152","",""
"cargo_bay_arranger","2","9","auto","","10","10","5.90909673799104","5.90909673799104","5.90909673799104","4.210065957721164","0.142","",""
"cargo_bay_arranger","2","10","auto","","10","10","5.90909673799104","5.90909673799104","5.90909673799104","4.210065957721164","0.151","",""
"cargo_bay_arranger","2","11","auto","","10","10","5.954515931033874","5.954515931033874","5.954515931033874","4.241033589341278","0.146","",""
"cargo_bay_arranger","2","12","auto","","10","10","5.954515931033874","5.954515931033874","5.954515931033874","4.241033589341278","0.136","",""
"cargo_bay_arranger","2","13","auto","","10","10","5.954515931033874","5.954515931033874","5.954515931033874","4.241033589341278","0.147","",""
"cargo_bay_arranger","2","14","auto","","10","10","5.954515931033874","5.954515931033874","5.954515931033874","4.241033589341278","0.124","",""
"cargo_bay_arranger","2","15","auto","","10","10","5.954515931033874","5.954515931033874","5.954515931033874","4.241033589341278","0.141","",""
"cargo_bay_arranger","2","16","auto","","10","10","5.994241825075075","5.994241825075075","5.994241825075075","4.268119426187551","0.178","",""
"cargo_bay_arranger","2","17","auto","","10","10","5.994241825075075","5.994241825075075","5.994241825075075","4.268119426187551","0.166","",""
"cargo_bay_arranger","2","18","auto","","10","10","5.994241825075075","5.994241825075075","5.994241825075075","4.268119426187551","0.156","",""
"cargo_bay_arranger","2","19","auto","","10","10","5.994241825075075","5.994241825075075","5.994241825075075","4.268119426187551","0.177","",""
"cargo_bay_arranger","2","20","auto","","10","10","5.994241825075075","5.994241825075075","5.994241825075075","4.268119426187551","0.133","",""
"cargo_bay_arranger","3","1","auto","","10","10","5.90909673799104","5.90909673799104","5.90909673799104","4.210065957721164","0.163","",""
"cargo_bay_arranger","3","2","auto","","10","10","5.90909673799104","5.90909673799104","5.90909673799104","4.210065957721164","0.188","",""
"cargo_bay_arranger","3","3","auto","","10","10","5.90909673799104","5.90909673799104","5.90909673799104","4.210065957721164","0.145","",""
"cargo_bay_arranger","3","4","auto","","10","10","5.90909673799104","5.90909673799104","5.90909673799104","4.210065957721164","0.124","",""
"cargo_bay_arranger","3","5","auto","","10","10","5.90909673799104","5.90909673799104","5.90909673799104","4.210065957721164","0.126","",""
"cargo_bay_arranger","3","6","auto","","10","10","5.954515931033874","5.954515931033874","5.954515931033874","4.241033589341278","0.124","",""
"cargo_bay_arranger","3","7","auto","","10","10","5.954515931033874","5.954515931033874","5.954515931033874","4.241033589341278","0.115","",""
"cargo_bay_arranger","3","8","auto","","10","10","5.954515931033874","5.954515931033874","5.954515931033874","4.241033589341278","0.139","",""
"cargo_bay_arranger","3","9","auto","","10","10","5.954515931033874","5.954515931033874","5.954515931033874","4.241033589341278","0.139","",""
"cargo_bay_arranger","3","10","auto","","10","10","5.954515931033874","5.954515931033874","5.954515931033874","4.241033589341278","0.138","",""
"cargo_bay_arranger","3","11","auto","","10","10","5.994241825075075","5.994241825075075","5.994241825075075","4.268119426187551","0.128","",""
"cargo_bay_arranger","3","12","auto","","10","10","5.994241825075075","5.994241825075075","5.994241825075075","4.268119426187551","0.129","",""
"cargo_bay_arranger","3","13","auto","","10","10","5.994241825075075","5.994241825075075","5.994241825075075","4.268119426187551","0.124","",""
"cargo_bay_arranger","3","14","auto","","10","10","5.994241825075075","5.994241825075075","5.994241825075075","4.268119426187551","0.108","",""
"cargo_bay_arranger","3","15","auto","","10","10","5.994241825075075","5.994241825075075","5.994241825075075","4.268119426187551","0.123","",""
"cargo_bay_arranger","3","16","auto","","10","10","6.029544052957588","6.029544052957588","6.029544052957588","4.292189127016537","0.111","",""
"cargo_bay_arranger","3","17","auto","","10","10","6.029544052957588","6.029544052957588","6.029544052957588","4.292189127016537","0.118","",""
"cargo_bay_arranger","3","18","auto","","10","10","6.029544052957588","6.029544052957588","6.029544052957588","4.292189127016537","0.124","",""
"cargo_bay_arranger","3","19","auto","","10","10","6.029544052957588","6.029544052957588","6.029544052957588","4.292189127016537","0.147","",""
"cargo_bay_arranger","3","20","auto","","10","10","6.029544052957588","6.029544052957588","6.029544052957588","4.292189127016537","0.153","",""
"cargo_bay_arranger","4","1","auto","","10","10","5.954515931033874","5.954515931033874","5.954515931033874","4.241033589341278","0.143","",""
"cargo_bay_arranger","4","2","auto","","10","10","5.954515931033874","5.954515931033874","5.954515931033874","4.241033589341278","0.154","",""
"cargo_bay_arranger","4","3","auto","","10","10","5.954515931033874","5.954515931033874","5.954515931033874","4.241033589341278","0.166","",""
"cargo_bay_arranger","4","4","auto","","10","10","5.954515931033874","5.954515931033874","5.954515931033874","4.241033589341278","0.121","",""
"cargo_bay_arranger","4","5","auto","","10","10","5.954515931033874","5.954515931033874","5.954515931033874","4.241033589341278","0.117","",""
"cargo_bay_arranger","4","6","auto","","10","10","5.994241825075075","5.994241825075075","5.994241825075075","4.268119426187551","0.144","",""
"cargo_bay_arranger","4","7","auto","","10","10","5.994241825075075","5.994241825075075","5.994241825075075","4.268119426187551","0.129","",""
"cargo_bay_arranger","4","8","auto","","10","10","5.994241825075075","5.994241825075075","5.994241825075075","4.268119426187551","0.192","",""
"cargo_bay_arranger","4","9","auto","","10","10","5.994241825075075","5.994241825075075","5.994241825075075","4.268119426187551","0.12","",""
"cargo_bay_arranger","4","10","auto","","10","10","5.994241825075075","5.994241825075075","5.994241825075075","4.268119426187551","0.157","",""
"cargo_bay_arranger","4","11","auto","","10","10","6.029544052957588","6.029544052957588","6.029544052957588","4.292189127016537","0.123","",""
"cargo_bay_arranger","4","12","auto","","10","10","6.029544052957588","6.029544052957588","6.029544052957588","4.292189127016537","0.11","",""
"cargo_bay_arranger","4","13","auto","","10","10","6.029544052957588","6.029544052957588","6.029544052957588","4.292189127016537","0.113","",""
"cargo_bay_arranger","4","14","auto","","10","10","6.029544052957588","6.029544052957588","6.029544052957588","4.292189127016537","0.114","",""
"cargo_bay_arranger","4","15","auto","","10","10","6.029544052957588","6.029544052957588","6.029544052957588","4.292189127016537","0.14","",""
"cargo_bay_arranger","4","16","auto","","10","10","6.061309833011327","6.061309833011327","6.061309833011327","4.313847613416814","0.121","",""
"cargo_bay_arranger","4","17","auto","","10","10","6.061309833011327","6.061309833011327","6.061309833011327","4.313847613416814","0.136","",""
"cargo_bay_arranger","4","18","auto","","10","10","6.061309833011327","6.061309833011327","6.061309833011327","4.313847613416814","0.149","",""
"cargo_bay_arranger","4","19","auto","","10","10","6.061309833011327","6.061309833011327","6.061309833011327","4.313847613416814","0.145","",""
"cargo_bay_arranger","4","20","auto","","10","10","6.061309833011327","6.061309833011327","6.061309833011327","4.313847613416814","0.123","",""
"cargo_bay_arranger","5","1","auto","","10","10","5.994241825075075","5.994241825075075","5.994241825075075","4.268119426187551","0.142","",""
"cargo_bay_arranger","5","2","auto","","10","10","5.994241825075075","5.994241825075075","5.994241825075075","4.268119426187551","0.151","",""
"cargo_bay_arranger","5","3","auto","","10","10","5.994241825075075","5.994241825075075","5.994241825075075","4.268119426187551","0.113","",""
"cargo_bay_arranger","5","4","auto","","10","10","5.994241825075075","5.994241825075075","5.994241825075075","4.268119426187551","0.15","",""
"cargo_bay_arranger","5","5","auto","","10","10","5.994241825075075","5.994241825075075","5.994241825075075","4.268119426187551","0.152","",""
"cargo_bay_arranger","5","6","auto","","10","10","6.029544052957588","6.029544052957588","6.029544052957588","4.292189127016537","0.121","",""
"cargo_bay_arranger","5","7","auto","","10","10","6.029544052957588","6.029544052957588","6.029544052957588","4.292189127016537","0.2","",""
"cargo_bay_arranger","5","8","auto","","10","10","6.029544052957588","6.029544052957588","6.029544052957588","4.292189127016537","0.159","",""
"cargo_bay_arranger","5","9","auto","","10","10","6.029544052957588","6.029544052957588","6.029544052957588","4.292189127016537","0.179","",""
"cargo_bay_arranger","5","10","auto","","10","10","6.029544052957588","6.029544052957588","6.029544052957588","4.292189127016537","0.181","",""
"cargo_bay_arranger","5","11","auto","","10","10","6.061309833011327","6.061309833011327","6.061309833011327","4.313847613416814","0.117","",""
"cargo_bay_arranger","5","12","auto","","10","10","6.061309833011327","6.061309833011327","6.061309833011327","4.313847613416814","0.122","",""
"cargo_bay_arranger","5","13","auto","","10","10","6.061309833011327","6.061309833011327","6.061309833011327","4.313847613416814","0.133","",""
"cargo_bay_arranger","5","14","auto","","10","10","6.061309833011327","6.061309833011327","6.061309833011327","4.313847613416814","0.112","",""
"cargo_bay_arranger","5","15","auto","","10","10","6.061309833011327","6.061309833011327","6.061309833011327","4.313847613416814","0.148","",""
"cargo_bay_arranger","5","16","auto","","10","10","6.061309833011327","6.061309833011327","6.061309833011327","4.313847613416814","0.119","",""
"cargo_bay_arranger","5","17","auto","","10","10","6.061309833011327","6.061309833011327","6.061309833011327","4.313847613416814","0.137","",""
"cargo_bay_arranger","5","18","auto","","10","10","6.061309833011327","6.061309833011327","6.061309833011327","4.313847613416814","0.434","",""
"cargo_bay_arranger","5","19","auto","","10","10","6.061309833011327","6.061309833011327","6.061309833011327","4.313847613416814","0.176","",""
"cargo_bay_arranger","5","20","auto","","10","10","6.061309833011327","6.061309833011327","6.061309833011327","4.313847613416814","0.153","",""
"cargo_bay_arranger","6","1","auto","","10","10","6.029544052957588","6.029544052957588","6.029544052957588","4.292189127016537","0.134","",""
"cargo_bay_arranger","6","2","auto","","10","10","6.029544052957588","6.029544052957588","6.029544052957588","4.292189127016537","0.13","",""
"cargo_bay_arranger","6","3","auto","","10","10","6.029544052957588","6.029544052957588","6.029544052957588","4.292189127016537","0.14","",""
"cargo_bay_arranger","6","4","auto","","10","10","6.029544052957588","6.029544052957588","6.029544052957588","4.292189127016537","0.174","",""
"cargo_bay_arranger","6","5","auto","","10","10","6.029544052957588","6.029544052957588","6.029544052957588","4.292189127016537","0.154","",""
"cargo_bay_arranger","6","6","auto","","10","10","6.061309833011327","6.061309833011327","6.061309833011327","4.313847613416814","0.135","",""
"cargo_bay_arranger","6","7","auto","","10","10","6.061309833011327","6.061309833011327","6.061309833011327","4.313847613416814","0.135","",""
"cargo_bay_arranger","6","8","auto","","10","10","6.061309833011327","6.061309833011327","6.061309833011327","4.313847613416814","0.151","",""
"cargo_bay_arranger","6","9","auto","","10","10","6.061309833011327","6.061309833011327","6.061309833011327","4.313847613416814","0.162","",""
"cargo_bay_arranger","6","10","auto","","10","10","6.061309833011327","6.061309833011327","6.061309833011327","4.313847613416814","0.151","",""
"cargo_bay_arranger","6","11","auto","","10","10","6.061309833011327","6.061309833011327","6.061309833011327","4.313847613416814","0.118","",""
"cargo_bay_arranger","6","12","auto","","10","10","6.061309833011327","6.061309833011327","6.061309833011327","4.313847613416814","0.155","",""
"cargo_bay_arranger","6","13","auto","","10","10","6.061309833011327","6.061309833011327","6.061309833011327","4.313847613416814","0.138","",""
"cargo_bay_arranger","6","14","auto","","10","10","6.061309833011327","6.061309833011327","6.061309833011327","4.313847613416814","0.163","",""
"cargo_bay_arranger","6","15","auto","","10","10","6.061309833011327","6.061309833011327","6.061309833011327","4.313847613416814","0.145","",""
"cargo_bay_arranger","6","16","auto","","10","10","6.061309833011327","6.061309833011327","6.061309833011327","4.313847613416814","0.123","",""
"cargo_bay_arranger","6","17","auto","","10","10","6.061309833011327","6.061309833011327","6.061309833011327","4.313847613416814","0.118","",""
"cargo_bay_arranger","6","18","auto","","10","10","6.061309833011327","6.061309833011327","6.061309833011327","4.313847613416814","0.125","",""
"cargo_bay_arranger","6","19","auto","","10","10","6.061309833011327","6.061309833011327","6.061309833011327","4.313847613416814","0.176","",""
"cargo_bay_arranger","6","20","auto","","10","10","6.061309833011327","6.061309833011327","6.061309833011327","4.313847613416814","0.12","",""
"quantum_molecule_builder","1","1","auto","","10","10","4.50082418087522","4.50082418087522","4.50082418087522","3.4602892142331045","7.258","",""
"quantum_molecule_builder","1","2","auto","","10","10","5.01","5.01","5.01","3.81","4.729","",""
"quantum_molecule_builder","1","3","auto","","10","10","5.244544052957588","5.244544052957588","5.244544052957588","3.9711891270165376","4.978","",""
"quantum_molecule_builder","1","4","auto","","10","10","5.244544052957588","5.244544052957588","5.244544052957588","3.9711891270165376","5.83","",""
"quantum_molecule_builder","1","5","auto","","10","10","5.9076180828526725","5.9076180828526725","5.9076180828526725","4.42710323830864","5.286","",""
"quantum_molecule_builder","1","6","auto","","10","10","5.691648361750439","5.691648361750439","5.691648361750439","4.278578428466209","6.82","",""
"quantum_molecule_builder","1","7","auto","","10","10","5.9076180828526725","5.9076180828526725","5.9076180828526725","4.42710323830864","7.356","",""
"quantum_molecule_builder","1","8","auto","","10","10","6.536079740438369","6.536079740438369","6.536079740438369","4.859418004844342","3.491","",""
"quantum_molecule_builder","1","9","auto","","10","10","5.471074956100205","5.471074956100205","5.471074956100205","4.126914742795594","1.861","",""
"quantum_molecule_builder","1","10","auto","","10","10","6.119923188285112","6.119923188285112","6.119923188285112","4.573129446558031","4.229","",""
"quantum_molecule_builder","1","11","auto","","10","10","5.01","5.01","5.01","3.81","5.948","",""
"quantum_molecule_builder","1","12","auto","","10","10","5.9076180828526725","5.9076180828526725","5.9076180828526725","4.42710323830864","2.164","",""
"quantum_molecule_builder","1","13","auto","","10","10","5.691648361750439","5.691648361750439","5.691648361750439","4.278578428466209","2.759","",""
"quantum_molecule_builder","1","14","auto","","10","10","6.536079740438369","6.536079740438369","6.536079740438369","4.859418004844342","2.13","",""
"quantum_molecule_builder","1","15","auto","","10","10","6.536079740438369","6.536079740438369","6.536079740438369","4.859418004844342","4.951","",""
"quantum_molecule_builder","1","16","auto","","10","10","5.9076180828526725","5.9076180828526725","5.9076180828526725","4.42710323830864","2.331","",""
"quantum_molecule_builder","1","17","auto","","10","10","7.145183630332543","7.145183630332543","7.145183630332543","5.278534293408552","5.134","",""
"quantum_molecule_builder","1","18","auto","","10","10","5.691648361750439","5.691648361750439","5.691648361750439","4.278578428466209","3.771","",""
"quantum_molecule_builder","1","19","auto","","10","10","7.145183630332543","7.145183630332543","7.145183630332543","5.278534293408552","4.554","",""
"quantum_molecule_builder","1","20","auto","","10","10","6.943778246034461","6.943778246034461","6.943778246034461","5.139939713205314","5.595","",""
"quantum_molecule_builder","2","1","auto","","10","10","4.50082418087522","4.50082418087522","4.50082418087522","3.4602892142331045","6.435","",""
"quantum_molecule_builder","2","2","auto","","10","10","5.01","5.01","5.01","3.81","5.275","",""
"quantum_molecule_builder","2","3","auto","","10","10","5.244544052957588","5.244544052957588","5.244544052957588","3.9711891270165376","6.107","",""
"quantum_molecule_builder","2","4","auto","","10","10","5.244544052957588","5.244544052957588","5.244544052957588","3.9711891270165376","4.513","",""
"quantum_molecule_builder","2","5","auto","","10","10","5.9076180828526725","5.9076180828526725","5.9076180828526725","4.42710323830864","2.749","",""
"quantum_molecule_builder","2","6","auto","","10","10","5.691648361750439","5.691648361750439","5.691648361750439","4.278578428466209","4.678","",""
"quantum_molecule_builder","2","7","auto","","10","10","5.9076180828526725","5.9076180828526725","5.9076180828526725","4.42710323830864","3.244","",""
"quantum_molecule_builder","2","8","auto","","10","10","6.536079740438369","6.536079740438369","6.536079740438369","4.859418004844342","6.379","",""
"quantum_molecule_builder","2","9","auto","","10","10","5.471074956100205","5.471074956100205","5.471074956100205","4.126914742795594","4.015","",""
"quantum_molecule_builder","2","10","auto","","10","10","6.119923188285112","6.119923188285112","6.119923188285112","4.573129446558031","7.741","",""
"quantum_molecule_builder","2","11","auto","","10","10","5.01","5.01","5.01","3.81","2.421","",""
"quantum_molecule_builder","2","12","auto","","10","10","5.9076180828526725","5.9076180828526725","5.9076180828526725","4.42710323830864","3.13","",""
"quantum_molecule_builder","2","13","auto","","10","10","5.691648361750439","5.691648361750439","5.691648361750439","4.278578428466209","2.349","",""
"quantum_molecule_builder","2","14","auto","","10","10","6.536079740438369","6.536079740438369","6.536079740438369","4.859418004844342","2.168","",""
"quantum_molecule_builder","2","15","auto","","10","10","6.536079740438369","6.536079740438369","6.536079740438369","4.859418004844342","3.674","",""
"quantum_molecule_builder","2","16","auto","","10","10","5.9076180828526725","5.9076180828526725","5.9076180828526725","4.42710323830864","4.27","",""
"quantum_molecule_builder","2","17","auto","","10","10","7.145183630332543","7.145183630332543","7.145183630332543","5.278534293408552","5.71","",""
"quantum_molecule_builder","2","18","auto","","10","10","5.691648361750439","5.691648361750439","5.691648361750439","4.278578428466209","3.796","",""
"quantum_molecule_builder","2","19","auto","","10","10","7.145183630332543","7.145183630332543","7.145183630332543","5.278534293408552","1.79","",""
"quantum_molecule_builder","2","20","auto","","10","10","6.943778246034461","6.943778246034461","6.943778246034461","5.139939713205314","3.442","",""
"quantum_molecule_builder","3","1","auto","","10","10","4.50082418087522","4.50082418087522","4.50082418087522","3.4602892142331045","3.882","",""
"quantum_molecule_builder","3","2","auto","","10","10","5.01","5.01","5.01","3.81","5.37","",""
"quantum_molecule_builder","3","3","auto","","10","10","5.244544052957588","5.244544052957588","5.244544052957588","3.9711891270165376","1.854","",""
"quantum_molecule_builder","3","4","auto","","10","10","5.244544052957588","5.244544052957588","5.244544052957588","3.9711891270165376","2.367","",""
"quantum_molecule_builder","3","5","auto","","10","10","5.9076180828526725","5.9076180828526725","5.9076180828526725","4.42710323830864","2.666","",""
"quantum_molecule_builder","3","6","auto","","10","10","5.691648361750439","5.691648361750439","5.691648361750439","4.278578428466209","5.679","",""
"quantum_molecule_builder","3","7","auto","","10","10","5.9076180828526725","5.9076180828526725","5.9076180828526725","4.42710323830864","4.666","",""
"quantum_molecule_builder","3","8","auto","","10","10","6.536079740438369","6.536079740438369","6.536079740438369","4.859418004844342","6.146","",""
"quantum_molecule_builder","3","9","auto","","10","10","5.471074956100205","5.471074956100205","5.471074956100205","4.126914742795594","6.389","",""
"quantum_molecule_builder","3","10","auto","","10","10","6.119923188285112","6.119923188285112","6.119923188285112","4.573129446558031","5.793","",""
"quantum_molecule_builder","3","11","auto","","10","10","5.01","5.01","5.01","3.81","5.537","",""
"quantum_molecule_builder","3","12","auto","","10","10","5.9076180828526725","5.9076180828526725","5.9076180828526725","4.42710323830864","6.691","",""
"quantum_molecule_builder","3","13","auto","","10","10","5.691648361750439","5.691648361750439","5.691648361750439","4.278578428466209","5.459","",""
"quantum_molecule_builder","3","14","auto","","10","10","6.536079740438369","6.536079740438369","6.536079740438369","4.859418004844342","6.527","",""
"quantum_molecule_builder","3","15","auto","","10","10","6.536079740438369","6.536079740438369","6.536079740438369","4.859418004844342","13.549","",""
"quantum_molecule_builder","3","16","auto","","10","10","5.9076180828526725","5.9076180828526725","5.9076180828526725","4.42710323830864","6.495","",""
"quantum_molecule_builder","3","17","auto","","10","10","7.145183630332543","7.145183630332543","7.145183630332543","5.278534293408552","5.084","",""
"quantum_molecule_builder","3","18","auto","","10","10","5.691648361750439","5.691648361750439","5.691648361750439","4.278578428466209","10.724","",""
"quantum_molecule_builder","3","19","auto","","10","10","7.145183630332543","7.145183630332543","7.145183630332543","5.278534293408552","7.975","",""
"quantum_molecule_builder","3","20","auto","","10","10","6.943778246034461","6.943778246034461","6.943778246034461","5.139939713205314","12.001","",""
"quantum_molecule_builder","4","1","auto","","10","10","4.50082418087522","4.50082418087522","4.50082418087522","3.4602892142331045","1.93","",""
"quantum_molecule_builder","4","2","auto","","10","10","5.01","5.01","5.01","3.81","2.005","",""
"quantum_molecule_builder","4","3","auto","","10","10","5.244544052957588","5.244544052957588","5.244544052957588","3.9711891270165376","2.071","",""
"quantum_molecule_builder","4","4","auto","","10","10","5.244544052957588","5.244544052957588","5.244544052957588","3.9711891270165376","4.826","",""
"quantum_molecule_builder","4","5","auto","","10","10","5.9076180828526725","5.9076180828526725","5.9076180828526725","4.42710323830864","5.227","",""
"quantum_molecule_builder","4","6","auto","","10","10","5.691648361750439","5.691648361750439","5.691648361750439","4.278578428466209","2.098","",""
"quantum_molecule_builder","4","7","auto","","10","10","5.9076180828526725","5.9076180828526725","5.9076180828526725","4.42710323830864","2.058","",""
"quantum_molecule_builder","4","8","auto","","10","10","6.536079740438369","6.536079740438369","6.536079740438369","4.859418004844342","4.241","",""
"quantum_molecule_builder","4","9","auto","","10","10","5.471074956100205","5.471074956100205","5.471074956100205","4.126914742795594","2.508","",""
"quantum_molecule_builder","4","10","auto","","10","10","6.119923188285112","6.119923188285112","6.119923188285112","4.573129446558031","6.282","",""
"quantum_molecule_builder","4","11","auto","","10","10","5.01","5.01","5.01","3.81","5.514","",""
"quantum_molecule_builder","4","12","auto","","10","10","5.9076180828526725","5.9076180828526725","5.9076180828526725","4.42710323830864","4.563","",""
"quantum_molecule_builder","4","13","auto","","10","10","5.691648361750439","5.691648361750439","5.691648361750439","4.278578428466209","12.758","",""
"quantum_molecule_builder","4","14","auto","","10","10","6.536079740438369","6.536079740438369","6.536079740438369","4.859418004844342","6.098","",""
"quantum_molecule_builder","4","15","auto","","10","10","6.536079740438369","6.536079740438369","6.536079740438369","4.859418004844342","4.196","",""
"quantum_molecule_builder","4","16","auto","","10","10","5.9076180828526725","5.9076180828526725","5.9076180828526725","4.42710323830864","6.142","",""
"quantum_molecule_builder","4","17","auto","","10","10","7.145183630332543","7.145183630332543","7.145183630332543","5.278534293408552","3.985","",""
"quantum_molecule_builder","4","18","auto","","10","10","5.691648361750439","5.691648361750439","5.691648361750439","4.278578428466209","5.803","",""
"quantum_molecule_builder","4","19","auto","","10","10","7.145183630332543","7.145183630332543","7.145183630332543","5.278534293408552","3.959","",""
"quantum_molecule_builder","4","20","auto","","10","10","6.943778246034461","6.943778246034461","6.943778246034461","5.139939713205314","6.537","",""
"quantum_molecule_builder","5","1","auto","","10","10","4.50082418087522","4.50082418087522","4.50082418087522","3.4602892142331045","5.902","",""
"quantum_molecule_builder","5","2","auto","","10","10","5.01","5.01","5.01","3.81","6.43","",""
"quantum_molecule_builder","5","3","auto","","10","10","5.244544052957588","5.244544052957588","5.244544052957588","3.9711891270165376","7.395","",""
"quantum_molecule_builder","5","4","auto","","10","10","5.244544052957588","5.244544052957588","5.244544052957588","3.9711891270165376","4.774","",""
"quantum_molecule_builder","5","5","auto","","10","10","5.9076180828526725","5.9076180828526725","5.9076180828526725","4.42710323830864","5.279","",""
"quantum_molecule_builder","5","6","auto","","10","10","5.691648361750439","5.691648361750439","5.691648361750439","4.278578428466209","6.973","",""
"quantum_molecule_builder","5","7","auto","","10","10","5.9076180828526725","5.9076180828526725","5.9076180828526725","4.42710323830864","4.987","",""
"quantum_molecule_builder","5","8","auto","","10","10","6.536079740438369","6.536079740438369","6.536079740438369","4.859418004844342","9.788","",""
"quantum_molecule_builder","5","9","auto","","10","10","5.471074956100205","5.471074956100205","5.471074956100205","4.126914742795594","4.781","",""
"quantum_molecule_builder","5","10","auto","","10","10","6.119923188285112","6.119923188285112","6.119923188285112","4.573129446558031","9.579","",""
"quantum_molecule_builder","5","11","auto","","10","10","5.01","5.01","5.01","3.81","5.218","",""
"quantum_molecule_builder","5","12","auto","","10","10","5.9076180828526725","5.9076180828526725","5.9076180828526725","4.42710323830864","5.116","",""
"quantum_molecule_builder","5","13","auto","","10","10","5.691648361750439","5.691648361750439","5.691648361750439","4.278578428466209","4.264","",""
"quantum_molecule_builder","5","14","auto","","10","10","6.536079740438369","6.536079740438369","6.536079740438369","4.859418004844342","4.508","",""
"quantum_molecule_builder","5","15","auto","","10","10","6.536079740438369","6.536079740438369","6.536079740438369","4.859418004844342","4.223","",""
"quantum_molecule_builder","5","16","auto","","10","10","5.9076180828526725","5.9076180828526725","5.9076180828526725","4.42710323830864","4.338","",""
"quantum_molecule_builder","5","17","auto","","10","10","7.145183630332543","7.145183630332543","7.145183630332543","5.278534293408552","3.874","",""
"quantum_molecule_builder","5","18","auto","","10","10","5.691648361750439","5.691648361750439","5.691648361750439","4.278578428466209","2.539","",""
"quantum_molecule_builder","5","19","auto","","10","10","7.145183630332543","7.145183630332543","7.145183630332543","5.278534293408552","6.673","",""
"quantum_molecule_builder","5","20","auto","","10","10","6.943778246034461","6.943778246034461","6.943778246034461","5.139939713205314","5.334","",""
"quantum_molecule_builder","6","1","auto","","10","10","4.50082418087522","4.50082418087522","4.50082418087522","3.4602892142331045","4.937","",""
"quantum_molecule_builder","6","2","auto","","10","10","5.01","5.01","5.01","3.81","5.18","",""
"quantum_molecule_builder","6","3","auto","","10","10","5.244544052957588","5.244544052957588","5.244544052957588","3.9711891270165376","6.404","",""
"quantum_molecule_builder","6","4","auto","","10","10","5.244544052957588","5.244544052957588","5.244544052957588","3.9711891270165376","2.397","",""
"quantum_molecule_builder","6","5","auto","","10","10","5.9076180828526725","5.9076180828526725","5.9076180828526725","4.42710323830864","3.876","",""
"quantum_molecule_builder","6","6","auto","","10","10","5.691648361750439","5.691648361750439","5.691648361750439","4.278578428466209","6.236","",""
"quantum_molecule_builder","6","7","auto","","10","10","5.9076180828526725","5.9076180828526725","5.9076180828526725","4.42710323830864","9.774","",""
"quantum_molecule_builder","6","8","auto","","10","10","6.536079740438369","6.536079740438369","6.536079740438369","4.859418004844342","5.687","",""
"quantum_molecule_builder","6","9","auto","","10","10","5.471074956100205","5.471074956100205","5.471074956100205","4.126914742795594","7.353","",""
"quantum_molecule_builder","6","10","auto","","10","10","6.119923188285112","6.119923188285112","6.119923188285112","4.573129446558031","4.718","",""
"quantum_molecule_builder","6","11","auto","","10","10","5.01","5.01","5.01","3.81","8.763","",""
"quantum_molecule_builder","6","12","auto","","10","10","5.9076180828526725","5.9076180828526725","5.9076180828526725","4.42710323830864","5.647","",""
"quantum_molecule_builder","6","13","auto","","10","10","5.691648361750439","5.691648361750439","5.691648361750439","4.278578428466209","6.013","",""
"quantum_molecule_builder","6","14","auto","","10","10","6.536079740438369","6.536079740438369","6.536079740438369","4.859418004844342","7.241","",""
"quantum_molecule_builder","6","15","auto","","10","10","6.536079740438369","6.536079740438369","6.536079740438369","4.859418004844342","7.541","",""
"quantum_molecule_builder","6","16","auto","","10","10","5.9076180828526725","5.9076180828526725","5.9076180828526725","4.42710323830864","11.164","",""
"quantum_molecule_builder","6","17","auto","","10","10","7.145183630332543","7.145183630332543","7.145183630332543","5.278534293408552","10.183","",""
"quantum_molecule_builder","6","18","auto","","10","10","5.691648361750439","5.691648361750439","5.691648361750439","4.278578428466209","10.681","",""
"quantum_molecule_builder","6","19","auto","","10","10","7.145183630332543","7.145183630332543","7.145183630332543","5.278534293408552","6.701","",""
"quantum_molecule_builder","6","20","auto","","10","10","6.943778246034461","6.943778246034461","6.943778246034461","5.139939713205314","8.953","",""
"space_station_gridlock","1","1","auto","","10","10","4.50082418087522","4.76409673799104","4.76409673799104","3.641065957721164","0.203","12",""
"space_station_gridlock","1","2","auto","","10","10","4.50082418087522","4.678691750158655","4.76409673799104","3.58241104177484","0.215","11",""
"space_station_gridlock","1","3","auto","","10","10","4.678691750158655","4.76409673799104","4.76409673799104","3.641065957721164","0.185","12",""
"space_station_gridlock","1","4","auto","","10","10","4.591074956100205","4.678691750158655","4.76409673799104","3.58241104177484","0.187","11",""
"space_station_gridlock","1","5","auto","","10","10","4.591074956100205","4.678691750158655","4.678691750158655","3.58241104177484","0.171","11",""
"space_station_gridlock","1","6","auto","","10","10","4.50082418087522","4.678691750158655","4.76409673799104","3.58241104177484","0.176","11",""
"space_station_gridlock","1","7","auto","","10","10","4.847618082852673","5.089241825075074","5.1673835003173085","3.8644527595208844","0.199","16",""
"space_station_gridlock","1","8","auto","","10","10","4.929515931033874","5.089241825075074","5.1673835003173085","3.8644527595208844","0.192","16",""
"space_station_gridlock","1","9","auto","","10","10","4.929515931033874","5.089241825075074","5.089241825075074","3.8644527595208844","0.166","16",""
"space_station_gridlock","1","10","auto","","10","10","4.929515931033874","5.089241825075074","5.089241825075074","3.8644527595208844","0.191","16",""
"space_station_gridlock","1","11","auto","","10","10","4.929515931033874","5.01","5.1673835003173085","3.81","0.174","15",""
"space_station_gridlock","1","12","auto","","10","10","4.929515931033874","5.089241825075074","5.1673835003173085","3.8644527595208844","0.178","16",""
"space_station_gridlock","1","13","auto","","10","10","5.01","5.089241825075074","5.1673835003173085","3.8644527595208844","0.169","16",""
"space_station_gridlock","1","14","auto","","10","10","5.244544052957588","5.471074956100205","5.545183630332542","4.126914742795594","0.19","21",""
"space_station_gridlock","1","15","auto","","10","10","5.244544052957588","5.396309833011327","5.471074956100205","4.075514280083481","0.175","20",""
"space_station_gridlock","1","16","auto","","10","10","5.32082418087522","5.396309833011327","5.545183630332542","4.075514280083481","0.202","20",""
"space_station_gridlock","1","17","auto","","10","10","5.244544052957588","5.32082418087522","5.471074956100205","4.023622547566438","0.189","19",""
"space_station_gridlock","1","18","auto","","10","10","5.244544052957588","5.32082418087522","5.471074956100205","4.023622547566438","0.203","19",""
"space_station_gridlock","1","19","auto","","10","10","5.244544052957588","5.396309833011327","5.618691750158655","4.075514280083481","0.179","20",""
"space_station_gridlock","1","20","auto","","10","10","5.244544052957588","5.545183630332542","5.545183630332542","4.177867626741885","0.183","22",""
"space_station_gridlock","2","1","auto","","10","10","4.929515931033874","5.01","5.089241825075074","3.81","0.183","15",""
"space_station_gridlock","2","2","auto","","10","10","5.01","5.089241825075074","5.1673835003173085","3.8644527595208844","0.204","16",""
"space_station_gridlock","2","3","auto","","10","10","4.847618082852673","5.01","5.089241825075074","3.81","0.2","15",""
"space_station_gridlock","2","4","auto","","10","10","5.244544052957588","5.396309833011327","5.618691750158655","4.075514280083481","0.187","20",""
"space_station_gridlock","2","5","auto","","10","10","5.244544052957588","5.396309833011327","5.545183630332542","4.075514280083481","0.33","20",""
"space_station_gridlock","2","6","auto","","10","10","5.244544052957588","5.32082418087522","5.396309833011327","4.023622547566438","0.214","19",""
"space_station_gridlock","2","7","auto","","10","10","5.244544052957588","5.32082418087522","5.545183630332542","4.023622547566438","0.181","19",""
"space_station_gridlock","2","8","auto","","10","10","5.32082418087522","5.396309833011327","5.545183630332542","4.075514280083481","0.175","20",""
"space_station_gridlock","2","9","auto","","10","10","5.244544052957588","5.396309833011327","5.545183630332542","4.075514280083481","0.258","20",""
"space_station_gridlock","2","10","auto","","10","10","5.32082418087522","5.396309833011327","5.471074956100205","4.075514280083481","0.221","20",""
"space_station_gridlock","2","11","auto","","10","10","5.244544052957588","5.396309833011327","5.471074956100205","4.075514280083481","0.207","20",""
"space_station_gridlock","2","12","auto","","10","10","5.244544052957588","5.396309833011327","5.545183630332542","4.075514280083481","0.21","20",""
"space_station_gridlock","2","13","auto","","10","10","5.764096737991041","5.9076180828526725","6.049515931033875","4.42710323830864","0.234","27",""
"space_station_gridlock","2","14","auto","","10","10","5.691648361750439","5.836075250475963","5.978755818928066","4.377899791991187","0.206","26",""
"space_station_gridlock","2","15","auto","","10","10","5.764096737991041","5.978755818928066","6.049515931033875","4.476030482602469","0.202","28",""
"space_station_gridlock","2","16","auto","","10","10","5.691648361750439","5.764096737991041","6.049515931033875","4.328399291054497","0.203","25",""
"space_station_gridlock","2","17","auto","","10","10","5.691648361750439","5.836075250475963","5.9076180828526725","4.377899791991187","0.204","26",""
"space_station_gridlock","2","18","auto","","10","10","5.691648361750439","5.9076180828526725","6.049515931033875","4.42710323830864","0.177","27",""
"space_station_gridlock","2","19","auto","","10","10","5.691648361750439","5.978755818928066","6.049515931033875","4.476030482602469","0.209","28",""
"space_station_gridlock","2","20","auto","","10","10","5.764096737991041","5.836075250475963","6.049515931033875","4.377899791991187","0.181","26",""
"space_station_gridlock","3","1","auto","","10","10","5.244544052957588","5.32082418087522","5.396309833011327","4.023622547566438","0.155","19",""
"space_station_gridlock","3","2","auto","","10","10","5.396309833011327","5.545183630332542","5.618691750158655","4.177867626741885","0.163","22",""
"space_station_gridlock","3","3","auto","","10","10","5.691648361750439","5.764096737991041","5.9076180828526725","4.328399291054497","0.178","25",""
"space_station_gridlock","3","4","auto","","10","10","5.764096737991041","5.978755818928066","6.049515931033875","4.476030482602469","0.188","28",""
"space_station_gridlock","3","5","auto","","10","10","5.764096737991041","5.836075250475963","6.049515931033875","4.377899791991187","0.178","26",""
"space_station_gridlock","3","6","auto","","10","10","5.691648361750439","5.836075250475963","5.978755818928066","4.377899791991187","0.173","26",""
"space_station_gridlock","3","7","auto","","10","10","5.691648361750439","5.764096737991041","5.836075250475963","4.328399291054497","0.158","25",""
"space_station_gridlock","3","8","auto","","10","10","5.691648361750439","5.978755818928066","6.049515931033875","4.476030482602469","0.178","28",""
"space_station_gridlock","3","9","auto","","10","10","5.691648361750439","5.764096737991041","5.978755818928066","4.328399291054497","0.162","25",""
"space_station_gridlock","3","10","auto","","10","10","5.691648361750439","5.764096737991041","6.049515931033875","4.328399291054497","0.204","25",""
"space_station_gridlock","3","11","auto","","10","10","5.691648361750439","5.9076180828526725","6.049515931033875","4.42710323830864","0.194","27",""
"space_station_gridlock","3","12","auto","","10","10","6.1899999999999995","6.329241825075075","6.536079740438369","4.717119426187551","0.2","33",""
"space_station_gridlock","3","13","auto","","10","10","6.119923188285112","6.329241825075075","6.467383500317309","4.717119426187551","0.21","33",""
"space_station_gridlock","3","14","auto","","10","10","6.1899999999999995","6.329241825075075","6.467383500317309","4.717119426187551","0.358","33",""
"space_station_gridlock","3","15","auto","","10","10","6.119923188285112","6.25976670625886","6.467383500317309","4.669325784570435","0.351","32",""
"space_station_gridlock","3","16","auto","","10","10","6.329241825075075","6.467383500317309","6.467383500317309","4.812155416883014","0.209","35",""
"space_station_gridlock","3","17","auto","","10","10","6.1899999999999995","6.467383500317309","6.536079740438369","4.812155416883014","0.22","35",""
"space_station_gridlock","3","18","auto","","10","10","6.119923188285112","6.25976670625886","6.467383500317309","4.669325784570435","0.205","32",""
"space_station_gridlock","3","19","auto","","10","10","6.1899999999999995","6.25976670625886","6.329241825075075","4.669325784570435","0.191","32",""
"space_station_gridlock","3","20","auto","","10","10","6.876309833011327","6.943778246034461","7.078207681192529","5.139939713205314","0.215","42",""
"space_station_gridlock","4","1","auto","","10","10","5.691648361750439","5.9076180828526725","6.049515931033875","4.42710323830864","0.171","27",""
"space_station_gridlock","4","2","auto","","10","10","6.1899999999999995","6.467383500317309","6.536079740438369","4.812155416883014","0.252","35",""
"space_station_gridlock","4","3","auto","","10","10","6.119923188285112","6.25976670625886","6.398442263727892","4.669325784570435","0.213","32",""
"space_station_gridlock","4","4","auto","","10","10","6.119923188285112","6.329241825075075","6.467383500317309","4.717119426187551","0.197","33",""
"space_station_gridlock","4","5","auto","","10","10","6.1899999999999995","6.329241825075075","6.467383500317309","4.717119426187551","0.184","33",""
"space_station_gridlock","4","6","auto","","10","10","6.119923188285112","6.1899999999999995","6.536079740438369","4.621333333333334","0.167","31",""
"space_station_gridlock","4","7","auto","","10","10","6.119923188285112","6.398442263727892","6.536079740438369","4.764725785875078","0.206","34",""
"space_station_gridlock","4","8","auto","","10","10","6.119923188285112","6.329241825075075","6.536079740438369","4.717119426187551","0.23","33",""
"space_station_gridlock","4","9","auto","","10","10","6.119923188285112","6.1899999999999995","6.467383500317309","4.621333333333334","0.206","31",""
"space_station_gridlock","4","10","auto","","10","10","6.604544052957589","7.011074956100206","7.078207681192529","5.186248076128928","0.246","43",""
"space_station_gridlock","4","11","auto","","10","10","6.672788488149695","7.011074956100206","7.078207681192529","5.186248076128928","0.224","43",""
"space_station_gridlock","4","12","auto","","10","10","6.604544052957589","6.876309833011327","7.011074956100206","5.093514280083481","0.212","41",""
"space_station_gridlock","4","13","auto","","10","10","6.672788488149695","6.808661441015978","7.011074956100206","5.046966134026046","0.26","40",""
"space_station_gridlock","4","14","auto","","10","10","6.672788488149695","7.011074956100206","7.078207681192529","5.186248076128928","0.241","43",""
"space_station_gridlock","4","15","auto","","10","10","6.808661441015978","7.011074956100206","7.078207681192529","5.186248076128928","0.176","43",""
"space_station_gridlock","4","16","auto","","10","10","6.740824180875219","7.011074956100206","7.078207681192529","5.186248076128928","0.214","43",""
"space_station_gridlock","4","17","auto","","10","10","7.145183630332543","7.1779335752337285","7.207618082852672","5.3008638012957245","0.203","50",""
"space_station_gridlock","4","18","auto","","10","10","7.145183630332543","7.171648361750439","7.1779335752337285","5.2965784284662085","0.235","49",""
"space_station_gridlock","4","19","auto","","10","10","7.145183630332543","7.171648361750439","7.201899136975425","5.2965784284662085","0.195","49",""
"space_station_gridlock","4","20","auto","","10","10","7.1520095473690795","7.165236165705346","7.201899136975425","5.292206476617281","0.194","48",""
"space_station_gridlock","5","1","auto","","10","10","6.672788488149695","7.078207681192529","7.078207681192529","5.232444631116119","0.202","44",""
"space_station_gridlock","5","2","auto","","10","10","6.604544052957589","6.808661441015978","6.943778246034461","5.046966134026046","0.207","40",""
"space_station_gridlock","5","3","auto","","10","10","6.672788488149695","6.740824180875219","6.943778246034461","5.000289214233105","0.199","39",""
"space_station_gridlock","5","4","auto","","10","10","6.740824180875219","6.876309833011327","6.943778246034461","5.093514280083481","0.219","41",""
"space_station_gridlock","5","5","auto","","10","10","6.672788488149695","6.808661441015978","7.011074956100206","5.046966134026046","0.192","40",""
"space_station_gridlock","5","6","auto","","10","10","6.672788488149695","6.808661441015978","7.011074956100206","5.046966134026046","0.197","40",""
"space_station_gridlock","5","7","auto","","10","10","7.145183630332543","7.158691750158654","7.1779335752337285","5.287744375108174","0.191","47",""
"space_station_gridlock","5","8","auto","","10","10","7.1520095473690795","7.165236165705346","7.196075250475963","5.292206476617281","0.229","48",""
"space_station_gridlock","5","9","auto","","10","10","7.145183630332543","7.1520095473690795","7.1779335752337285","5.283188327751645","0.18","46",""
"space_station_gridlock","5","10","auto","","10","10","7.158691750158654","7.158691750158654","7.201899136975425","5.287744375108174","0.227","47",""
"space_station_gridlock","5","11","auto","","10","10","7.145183630332543","7.1520095473690795","7.196075250475963","5.283188327751645","0.248","46",""
"space_station_gridlock","5","12","auto","","10","10","7.145183630332543","7.165236165705346","7.171648361750439","5.292206476617281","0.176","48",""
"space_station_gridlock","5","13","auto","","10","10","7.145183630332543","7.165236165705346","7.190142500003904","5.292206476617281","0.165","48",""
"space_station_gridlock","5","14","auto","","10","10","7.145183630332543","7.1520095473690795","7.158691750158654","5.283188327751645","0.182","46",""
"space_station_gridlock","5","15","auto","","10","10","7.145183630332543","7.158691750158654","7.201899136975425","5.287744375108174","0.172","47",""
"space_station_gridlock","5","16","auto","","10","10","7.145183630332543","7.1520095473690795","7.1779335752337285","5.283188327751645","0.174","46",""
"space_station_gridlock","5","17","auto","","10","10","7.145183630332543","7.165236165705346","7.1779335752337285","5.292206476617281","0.201","48",""
"space_station_gridlock","5","18","auto","","10","10","7.145183630332543","7.1520095473690795","7.18409673799104","5.283188327751645","0.208","46",""
"space_station_gridlock","5","19","auto","","10","10","7.1520095473690795","7.171648361750439","7.201899136975425","5.2965784284662085","0.187","49",""
"space_station_gridlock","5","20","auto","","10","10","7.145183630332543","7.165236165705346","7.201899136975425","5.292206476617281","0.169","48",""
"space_station_gridlock","6","1","auto","","10","10","7.145183630332543","7.165236165705346","7.171648361750439","5.292206476617281","0.145","48",""
"space_station_gridlock","6","2","auto","","10","10","7.1520095473690795","7.158691750158654","7.201899136975425","5.287744375108174","0.169","47",""
"space_station_gridlock","6","3","auto","","10","10","7.145183630332543","7.158691750158654","7.171648361750439","5.287744375108174","0.166","47",""
"space_station_gridlock","6","4","auto","","10","10","7.145183630332543","7.158691750158654","7.196075250475963","5.287744375108174","0.169","47",""
"space_station_gridlock","6","5","auto","","10","10","7.145183630332543","7.165236165705346","7.196075250475963","5.292206476617281","0.153","48",""
"space_station_gridlock","6","6","auto","","10","10","7.145183630332543","7.158691750158654","7.18409673799104","5.287744375108174","0.151","47",""
"space_station_gridlock","6","7","auto","","10","10","7.145183630332543","7.171648361750439","7.18409673799104","5.2965784284662085","0.18","49",""
"space_station_gridlock","6","8","auto","","10","10","7.1520095473690795","7.165236165705346","7.165236165705346","5.292206476617281","0.152","48",""
"space_station_gridlock","6","9","auto","","10","10","7.145183630332543","7.165236165705346","7.1779335752337285","5.292206476617281","0.145","48",""
"space_station_gridlock","6","10","auto","","10","10","7.145183630332543","7.158691750158654","7.171648361750439","5.287744375108174","0.163","47",""
"space_station_gridlock","6","11","auto","","10","10","7.145183630332543","7.145183630332543","7.171648361750439","5.278534293408552","0.167","45",""
"space_station_gridlock","6","12","auto","","10","10","7.145183630332543","7.1520095473690795","7.1779335752337285","5.283188327751645","0.17","46",""
"space_station_gridlock","6","13","auto","","10","10","7.145183630332543","7.165236165705346","7.190142500003904","5.292206476617281","0.165","48",""
"space_station_gridlock","6","14","auto","","10","10","7.1520095473690795","7.1520095473690795","7.1779335752337285","5.283188327751645","0.152","46",""
"space_station_gridlock","6","15","auto","","10","10","7.145183630332543","7.158691750158654","7.190142500003904","5.287744375108174","0.195","47",""
"space_station_gridlock","6","16","auto","","10","10","7.145183630332543","7.158691750158654","7.171648361750439","5.287744375108174","0.192","47",""
"space_station_gridlock","6","17","auto","","10","10","7.145183630332543","7.158691750158654","7.171648361750439","5.287744375108174","0.172","47",""
"space_station_gridlock","6","18","auto","","10","10","7.1520095473690795","7.18409673799104","7.224181470859605","5.305065957721164","0.189","51",""
"space_station_gridlock","6","19","auto","","10","10","7.145183630332543","7.1520095473690795","7.171648361750439","5.283188327751645","0.202","46",""
"space_station_gridlock","6","20","auto","","10","10","7.158691750158654","7.171648361750439","7.1779335752337285","5.2965784284662085","0.14","49",""
"robot_path_game","1","1","auto","","10","10","4.591074956100205","4.591074956100205","4.847618082852673","3.5222480761289283","7.49","10",""
"robot_path_game","1","2","auto","","10","10","4.678691750158655","4.76409673799104","5.244544052957588","3.641065957721164","4.567","12",""
"robot_path_game","1","3","auto","","10","10","4.76409673799104","4.929515931033874","5.1673835003173085","3.7547002560079443","8.379","14",""
"robot_path_game","1","4","auto","","10","10","4.847618082852673","5.089241825075074","5.32082418087522","3.8644527595208844","10.959","16",""
"robot_path_game","1","5","auto","","10","10","4.929515931033874","5.01","5.32082418087522","3.81","15.559","15",""
"robot_path_game","1","6","auto","","10","10","4.847618082852673","5.089241825075074","5.545183630332542","3.8644527595208844","14.824","16",""
"robot_path_game","1","7","auto","","10","10","4.929515931033874","5.1673835003173085","5.764096737991041","3.9181554168830135","17.179","17",""
"robot_path_game","1","8","auto","","10","10","5.01","5.545183630332542","5.764096737991041","4.177867626741885","21.637","22",""
"robot_path_game","1","9","auto","","10","10","4.929515931033874","5.545183630332542","5.764096737991041","4.177867626741885","18.545","22",""
"robot_path_game","1","10","auto","","10","10","5.396309833011327","5.618691750158655","5.836075250475963","4.22841104177484","27.599","23",""
"robot_path_game","1","11","auto","","10","10","5.1673835003173085","5.618691750158655","5.836075250475963","4.22841104177484","27.071","23",""
"robot_path_game","1","12","auto","","10","10","5.1673835003173085","5.691648361750439","6.049515931033875","4.278578428466209","37.695","24",""
"robot_path_game","1","13","auto","","10","10","5.471074956100205","6.1899999999999995","6.604544052957589","4.621333333333334","73.456","31",""
"robot_path_game","1","14","auto","","10","10","5.471074956100205","5.836075250475963","6.467383500317309","4.377899791991187","30.712","26",""
"robot_path_game","1","15","auto","","10","10","5.244544052957588","6.049515931033875","6.604544052957589","4.524700256007945","57.576","29",""
"robot_path_game","1","16","auto","","10","10","5.01","5.836075250475963","6.049515931033875","4.377899791991187","48.314","26",""
"robot_path_game","1","17","auto","","10","10","5.396309833011327","5.764096737991041","6.467383500317309","4.328399291054497","34.088","25",""
"robot_path_game","1","18","auto","","10","10","5.836075250475963","6.049515931033875","6.25976670625886","4.524700256007945","50.713","29",""
"robot_path_game","1","19","auto","","10","10","5.691648361750439","6.398442263727892","7.165236165705346","4.764725785875078","48.508","34",""
"robot_path_game","1","20","auto","","10","10","5.836075250475963","6.329241825075075","6.604544052957589","4.717119426187551","49.16","33",""
"robot_path_game","2","1","auto","","10","10","4.929515931033874","5.089241825075074","5.764096737991041","3.8644527595208844","15.928","16",""
"robot_path_game","2","2","auto","","10","10","5.01","5.471074956100205","5.836075250475963","4.126914742795594","11.45","21",""
"robot_path_game","2","3","auto","","10","10","4.929515931033874","5.396309833011327","5.978755818928066","4.075514280083481","23.364","20",""
"robot_path_game","2","4","auto","","10","10","5.089241825075074","5.396309833011327","5.691648361750439","4.075514280083481","12.891","20",""
"robot_path_game","2","5","auto","","10","10","5.32082418087522","5.618691750158655","5.9076180828526725","4.22841104177484","23.991","23",""
"robot_path_game","2","6","auto","","10","10","5.1673835003173085","5.471074956100205","5.836075250475963","4.126914742795594","23.488","21",""
"robot_path_game","2","7","auto","","10","10","5.244544052957588","5.9076180828526725","6.25976670625886","4.42710323830864","40.545","27",""
"robot_path_game","2","8","auto","","10","10","5.396309833011327","6.1899999999999995","6.398442263727892","4.621333333333334","21.75","31",""
"robot_path_game","2","9","auto","","10","10","4.847618082852673","5.471074956100205","6.049515931033875","4.126914742795594","22.31","21",""
"robot_path_game","2","10","auto","","10","10","5.089241825075074","5.691648361750439","6.119923188285112","4.278578428466209","52.703","24",""
"robot_path_game","2","11","auto","","10","10","5.244544052957588","5.396309833011327","6.049515931033875","4.075514280083481","52.091","20",""
"robot_path_game","2","12","auto","","10","10","5.01","5.836075250475963","6.808661441015978","4.377899791991187","39.127","26",""
"robot_path_game","2","13","auto","","10","10","5.01","5.9076180828526725","6.740824180875219","4.42710323830864","44.012","27",""
"robot_path_game","2","14","auto","","10","10","5.1673835003173085","5.9076180828526725","7.145183630332543","4.42710323830864","39.311","27",""
"robot_path_game","2","15","auto","","10","10","5.244544052957588","6.119923188285112","6.604544052957589","4.573129446558031","34.166","30",""
"robot_path_game","2","16","auto","","10","10","4.929515931033874","6.467383500317309","6.740824180875219","4.812155416883014","43.027","35",""
"robot_path_game","2","17","auto","","10","10","5.545183630332542","6.1899999999999995","6.536079740438369","4.621333333333334","39.718","31",""
"robot_path_game","2","18","auto","","10","10","5.244544052957588","5.9076180828526725","6.049515931033875","4.42710323830864","50.035","27",""
"robot_path_game","2","19","auto","","10","10","5.396309833011327","6.119923188285112","6.672788488149695","4.573129446558031","47.528","30",""
"robot_path_game","2","20","auto","","10","10","5.01","5.691648361750439","6.943778246034461","4.278578428466209","39.375","24",""
"robot_path_game","3","1","auto","","10","10","5.089241825075074","5.764096737991041","6.1899999999999995","4.328399291054497","58.585","25",""
"robot_path_game","3","2","auto","","10","10","5.32082418087522","5.978755818928066","6.329241825075075","4.476030482602469","47.768","28",""
"robot_path_game","3","3","auto","","10","10","5.244544052957588","6.25976670625886","6.467383500317309","4.669325784570435","81.555","32",""
"robot_path_game","3","4","auto","","10","10","5.836075250475963","6.25976670625886","6.398442263727892","4.669325784570435","168.955","32",""
"robot_path_game","3","5","auto","","10","10","5.618691750158655","6.119923188285112","6.329241825075075","4.573129446558031","133.497","30",""
"robot_path_game","3","6","auto","","10","10","5.545183630332542","6.1899999999999995","6.467383500317309","4.621333333333334","182.759","31",""
"robot_path_game","3","7","auto","","10","10","5.545183630332542","6.25976670625886","6.672788488149695","4.669325784570435","171.354","32",""
"robot_path_game","3","8","auto","","10","10","5.089241825075074","6.049515931033875","6.25976670625886","4.524700256007945","155.314","29",""
"robot_path_game","3","9","auto","","10","10","5.471074956100205","6.119923188285112","6.943778246034461","4.573129446558031","231.136","30",""
"robot_path_game","3","10","auto","","10","10","5.471074956100205","5.691648361750439","6.536079740438369","4.278578428466209","161.736","24",""
"robot_path_game","3","11","auto","","10","10","5.471074956100205","6.119923188285112","7.171648361750439","4.573129446558031","134.243","30",""
"robot_path_game","3","12","auto","","10","10","5.32082418087522","6.329241825075075","6.740824180875219","4.717119426187551","313.14","33",""
"robot_path_game","3","13","auto","","10","10","5.545183630332542","6.119923188285112","6.604544052957589","4.573129446558031","185.763","30",""
"robot_path_game","3","14","auto","","10","10","5.545183630332542","5.978755818928066","7.078207681192529","4.476030482602469","141.382","28",""
"robot_path_game","3","15","auto","","10","10","5.01","5.691648361750439","6.876309833011327","4.278578428466209","187.12","24",""
"robot_path_game","3","16","auto","","10","10","5.764096737991041","5.836075250475963","6.25976670625886","4.377899791991187","163.844","26",""
"robot_path_game","3","17","auto","","10","10","5.764096737991041","6.25976670625886","6.672788488149695","4.669325784570435","123.25","32",""
"robot_path_game","3","18","auto","","10","10","5.836075250475963","6.049515931033875","6.1899999999999995","4.524700256007945","246.883","29",""
"robot_path_game","3","19","auto","","10","10","5.471074956100205","6.119923188285112","6.604544052957589","4.573129446558031","142.047","30",""
"robot_path_game","3","20","auto","","10","10","5.618691750158655","5.764096737991041","6.329241825075075","4.328399291054497","163.368","25",""
"robot_path_game","4","1","auto","","10","10","5.9076180828526725","6.119923188285112","7.078207681192529","4.573129446558031","155.139","30",""
"robot_path_game","4","2","auto","","10","10","5.471074956100205","6.25976670625886","6.672788488149695","4.669325784570435","165.726","32",""
"robot_path_game","4","3","auto","","10","10","5.089241825075074","6.119923188285112","6.536079740438369","4.573129446558031","153.029","30",""
"robot_path_game","4","4","auto","","10","10","5.618691750158655","6.049515931033875","6.943778246034461","4.524700256007945","352.318","29",""
"robot_path_game","4","5","auto","","10","10","5.089241825075074","6.25976670625886","6.808661441015978","4.669325784570435","196.92","32",""
"robot_path_game","4","6","auto","","10","10","5.1673835003173085","5.978755818928066","6.536079740438369","4.476030482602469","89.349","28",""
"robot_path_game","4","7","auto","","10","10","5.471074956100205","6.25976670625886","6.604544052957589","4.669325784570435","281.121","32",""
"robot_path_game","4","8","auto","","10","10","5.545183630332542","6.119923188285112","6.876309833011327","4.573129446558031","252.634","30",""
"robot_path_game","4","9","auto","","10","10","5.244544052957588","6.1899999999999995","6.943778246034461","4.621333333333334","156.968","31",""
"robot_path_game","4","10","auto","","10","10","5.545183630332542","6.329241825075075","6.398442263727892","4.717119426187551","240.744","33",""
"robot_path_game","4","11","auto","","10","10","5.471074956100205","5.9076180828526725","6.604544052957589","4.42710323830864","276.179","27",""
"robot_path_game","4","12","auto","","10","10","5.396309833011327","5.9076180828526725","6.604544052957589","4.42710323830864","213.341","27",""
"robot_path_game","4","13","auto","","10","10","5.471074956100205","6.119923188285112","6.740824180875219","4.573129446558031","159.494","30",""
"robot_path_game","4","14","auto","","10","10","5.9076180828526725","7.011074956100206","7.1520095473690795","5.186248076128928","296.137","43",""
"robot_path_game","4","15","auto","","10","10","5.618691750158655","6.25976670625886","6.808661441015978","4.669325784570435","135.32","32",""
"robot_path_game","4","16","auto","","10","10","5.691648361750439","6.25976670625886","6.467383500317309","4.669325784570435","667.055","32",""
"robot_path_game","4","17","auto","","10","10","5.764096737991041","6.119923188285112","6.808661441015978","4.573129446558031","174.166","30",""
"robot_path_game","4","18","auto","","10","10","5.396309833011327","6.119923188285112","6.740824180875219","4.573129446558031","176.926","30",""
"robot_path_game","4","19","auto","","10","10","5.618691750158655","6.25976670625886","7.1779335752337285","4.669325784570435","234.246","32",""
"robot_path_game","4","20","auto","","10","10","5.545183630332542","5.978755818928066","6.467383500317309","4.476030482602469","386.65","28",""
"robot_path_game","5","1","auto","","10","10","5.618691750158655","6.329241825075075","6.604544052957589","4.717119426187551","236.261","33",""
"robot_path_game","5","2","auto","","10","10","5.01","6.119923188285112","6.808661441015978","4.573129446558031","206.995","30",""
"robot_path_game","5","3","auto","","10","10","5.244544052957588","6.329241825075075","6.808661441015978","4.717119426187551","249.709","33",""
"robot_path_game","5","4","auto","","10","10","5.691648361750439","6.049515931033875","6.536079740438369","4.524700256007945","217.853","29",""
"robot_path_game","5","5","auto","","10","10","5.9076180828526725","6.1899999999999995","6.740824180875219","4.621333333333334","232.196","31",""
"robot_path_game","5","6","auto","","10","10","5.1673835003173085","6.119923188285112","6.467383500317309","4.573129446558031","191.047","30",""
"robot_path_game","5","7","auto","","10","10","5.089241825075074","5.545183630332542","5.978755818928066","4.177867626741885","296.465","22",""
"robot_path_game","5","8","auto","","10","10","5.471074956100205","6.25976670625886","6.536079740438369","4.669325784570435","162.356","32",""
"robot_path_game","5","9","auto","","10","10","5.471074956100205","5.9076180828526725","6.329241825075075","4.42710323830864","147.127","27",""
"robot_path_game","5","10","auto","","10","10","5.764096737991041","6.672788488149695","6.943778246034461","4.953476999496004","223.306","38",""
"robot_path_game","5","11","auto","","10","10","5.396309833011327","6.25976670625886","6.740824180875219","4.669325784570435","123.586","32",""
"robot_path_game","5","12","auto","","10","10","5.396309833011327","6.049515931033875","6.604544052957589","4.524700256007945","126.131","29",""
"robot_path_game","5","13","auto","","10","10","5.836075250475963","6.119923188285112","7.145183630332543","4.573129446558031","123.632","30",""
"robot_path_game","5","14","auto","","10","10","5.1673835003173085","5.9076180828526725","7.078207681192529","4.42710323830864","142.043","27",""
"robot_path_game","5","15","auto","","10","10","6.25976670625886","6.672788488149695","6.876309833011327","4.953476999496004","337.412","38",""
"robot_path_game","5","16","auto","","10","10","5.089241825075074","5.9076180828526725","6.536079740438369","4.42710323830864","197.72","27",""
"robot_path_game","5","17","auto","","10","10","5.32082418087522","6.119923188285112","7.011074956100206","4.573129446558031","170.269","30",""
"robot_path_game","5","18","auto","","10","10","5.691648361750439","6.049515931033875","6.740824180875219","4.524700256007945","172.71","29",""
"robot_path_game","5","19","auto","","10","10","5.691648361750439","6.536079740438369","6.672788488149695","4.859418004844342","80.985","36",""
"robot_path_game","5","20","auto","","10","10","5.836075250475963","6.536079740438369","6.876309833011327","4.859418004844342","89.101","36",""
"robot_path_game","6","1","auto","","10","10","5.691648361750439","6.049515931033875","6.672788488149695","4.524700256007945","93.85","29",""
"robot_path_game","6","2","auto","","10","10","5.32082418087522","6.049515931033875","6.604544052957589","4.524700256007945","59.669","29",""
"robot_path_game","6","3","auto","","10","10","5.618691750158655","6.1899999999999995","6.943778246034461","4.621333333333334","104.534","31",""
"robot_path_game","6","4","auto","","10","10","5.244544052957588","5.9076180828526725","6.467383500317309","4.42710323830864","234.115","27",""
"robot_path_game","6","5","auto","","10","10","5.471074956100205","6.398442263727892","7.145183630332543","4.764725785875078","158.328","34",""
"robot_path_game","6","6","auto","","10","10","5.089241825075074","5.764096737991041","6.943778246034461","4.328399291054497","200.738","25",""
"robot_path_game","6","7","auto","","10","10","5.545183630332542","6.398442263727892","7.18409673799104","4.764725785875078","204.198","34",""
"robot_path_game","6","8","auto","","10","10","5.618691750158655","6.049515931033875","7.011074956100206","4.524700256007945","185.496","29",""
"robot_path_game","6","9","auto","","10","10","5.9076180828526725","6.25976670625886","7.1520095473690795","4.669325784570435","277.885","32",""
"robot_path_game","6","10","auto","","10","10","5.1673835003173085","5.545183630332542","6.467383500317309","4.177867626741885","207.526","22",""
"robot_path_game","6","11","auto","","10","10","5.396309833011327","6.398442263727892","6.536079740438369","4.764725785875078","164.346","34",""
"robot_path_game","6","12","auto","","10","10","5.471074956100205","5.9076180828526725","6.467383500317309","4.42710323830864","155.991","27",""
"robot_path_game","6","13","auto","","10","10","5.1673835003173085","5.836075250475963","6.329241825075075","4.377899791991187","102.485","26",""
"robot_path_game","6","14","auto","","10","10","5.244544052957588","6.604544052957589","7.196075250475963","4.906522460349871","222.89","37",""
"robot_path_game","6","15","auto","","10","10","5.396309833011327","6.329241825075075","6.604544052957589","4.717119426187551","156.208","33",""
"robot_path_game","6","16","auto","","10","10","4.847618082852673","6.398442263727892","6.808661441015978","4.764725785875078","156.814","34",""
"robot_path_game","6","17","auto","","10","10","5.545183630332542","6.398442263727892","7.011074956100206","4.764725785875078","302.77","34",""
"robot_path_game","6","18","auto","","10","10","5.089241825075074","5.836075250475963","6.119923188285112","4.377899791991187","70.438","26",""
"robot_path_game","6","19","auto","","10","10","5.32082418087522","6.119923188285112","7.165236165705346","4.573129446558031","147.467","30",""
"robot_path_game","6","20","auto","","10","10","5.089241825075074","5.764096737991041","6.398442263727892","4.328399291054497","161.459","25",""
"solarpanel_game","1","1","auto","","10","10","4.13","4.13","4.13","2.893","0.099","","3"
"solarpanel_game","1","2","auto","","10","10","4.13","4.13","4.13","2.893","0.082","","3"
"solarpanel_game","1","3","auto","","10","10","3.8499999999999996","4.13","4.13","2.893","0.108","","3"
"solarpanel_game","1","4","auto","","10","10","4.13","4.13","4.13","2.893","0.099","","3"
"solarpanel_game","1","5","auto","","10","10","4.560824180875219","4.560824180875219","4.560824180875219","3.1892892142331046","0.077","","4"
"solarpanel_game","1","6","auto","","10","10","4.560824180875219","4.560824180875219","4.84082418087522","3.1892892142331046","0.074","","4"
"solarpanel_game","1","7","auto","","10","10","4.560824180875219","4.560824180875219","4.84082418087522","3.1892892142331046","0.073","","4"
"solarpanel_game","1","8","auto","","10","10","4.560824180875219","4.560824180875219","4.84082418087522","3.1892892142331046","0.098","","4"
"solarpanel_game","1","9","auto","","10","10","4.560824180875219","4.84082418087522","4.84082418087522","3.3292892142331043","0.106","","4"
"solarpanel_game","1","10","auto","","10","10","5.6986917501586545","5.6986917501586545","5.978691750158655","3.9727443751081735","0.106","","5"
"solarpanel_game","1","11","auto","","10","10","5.6986917501586545","5.978691750158655","5.978691750158655","4.112744375108173","0.134","","5"
"solarpanel_game","1","12","auto","","10","10","5.6986917501586545","5.6986917501586545","5.978691750158655","3.9727443751081735","0.119","","5"
"solarpanel_game","1","13","auto","","10","10","5.6986917501586545","5.978691750158655","5.978691750158655","4.112744375108173","0.129","","5"
"solarpanel_game","1","14","auto","","10","10","5.6986917501586545","5.978691750158655","5.978691750158655","4.112744375108173","0.136","","5"
"solarpanel_game","1","15","auto","","10","10","5.978691750158655","5.978691750158655","5.978691750158655","4.112744375108173","0.108","","5"
"solarpanel_game","1","16","auto","","10","10","5.6986917501586545","5.978691750158655","5.978691750158655","4.112744375108173","0.09","","5"
"solarpanel_game","1","17","auto","","10","10","5.978691750158655","5.978691750158655","5.978691750158655","4.112744375108173","0.108","","5"
"solarpanel_game","1","18","auto","","10","10","5.978691750158655","5.978691750158655","5.978691750158655","4.112744375108173","0.106","","5"
"solarpanel_game","1","19","auto","","10","10","5.978691750158655","5.978691750158655","5.978691750158655","4.112744375108173","0.094","","5"
"solarpanel_game","1","20","auto","","10","10","5.978691750158655","5.978691750158655","5.978691750158655","4.112744375108173","0.092","","5"
"solarpanel_game","2","1","auto","","10","10","4.560824180875219","4.560824180875219","4.84082418087522","3.1892892142331046","0.089","","4"
"solarpanel_game","2","2","auto","","10","10","4.560824180875219","4.84082418087522","4.84082418087522","3.3292892142331043","0.118","","4"
"solarpanel_game","2","3","auto","","10","10","4.560824180875219","4.84082418087522","4.84082418087522","3.3292892142331043","0.125","","4"
"solarpanel_game","2","4","auto","","10","10","4.560824180875219","4.84082418087522","4.84082418087522","3.3292892142331043","0.113","","4"
"solarpanel_game","2","5","auto","","10","10","5.6986917501586545","5.978691750158655","5.978691750158655","4.112744375108173","0.133","","5"
"solarpanel_game","2","6","auto","","10","10","5.978691750158655","5.978691750158655","5.978691750158655","4.112744375108173","0.102","","5"
"solarpanel_game","2","7","auto","","10","10","5.6986917501586545","5.978691750158655","5.978691750158655","4.112744375108173","0.103","","5"
"solarpanel_game","2","8","auto","","10","10","5.6986917501586545","5.978691750158655","5.978691750158655","4.112744375108173","0.109","","5"
"solarpanel_game","2","9","auto","","10","10","5.6986917501586545","5.978691750158655","5.978691750158655","4.112744375108173","0.118","","5"
"solarpanel_game","2","10","auto","","10","10","5.6986917501586545","5.978691750158655","5.978691750158655","4.112744375108173","0.114","","5"
"solarpanel_game","2","11","auto","","10","10","5.6986917501586545","5.978691750158655","5.978691750158655","4.112744375108173","0.113","","5"
"solarpanel_game","2","12","auto","","10","10","5.978691750158655","5.978691750158655","5.978691750158655","4.112744375108173","0.091","","5"
"solarpanel_game","2","13","auto","","10","10","5.978691750158655","5.978691750158655","5.978691750158655","4.112744375108173","0.095","","5"
"solarpanel_game","2","14","auto","","10","10","5.978691750158655","5.978691750158655","5.978691750158655","4.112744375108173","0.117","","5"
"solarpanel_game","2","15","auto","","10","10","5.978691750158655","5.978691750158655","5.978691750158655","4.112744375108173","0.12","","5"
"solarpanel_game","2","16","auto","","10","10","5.978691750158655","5.978691750158655","5.978691750158655","4.112744375108173","0.124","","5"
"solarpanel_game","2","17","auto","","10","10","5.978691750158655","5.978691750158655","5.978691750158655","4.112744375108173","0.085","","5"
"solarpanel_game","2","18","auto","","10","10","5.978691750158655","5.978691750158655","5.978691750158655","4.112744375108173","0.111","","5"
"solarpanel_game","2","19","auto","","10","10","5.978691750158655","5.978691750158655","5.978691750158655","4.112744375108173","0.112","","5"
"solarpanel_game","2","20","auto","","10","10","5.978691750158655","5.978691750158655","5.978691750158655","4.112744375108173","0.131","","5"
"solarpanel_game","3","1","auto","","10","10","5.978691750158655","5.978691750158655","5.978691750158655","4.112744375108173","0.123","","5"
"solarpanel_game","3","2","auto","","10","10","5.978691750158655","5.978691750158655","5.978691750158655","4.112744375108173","0.133","","5"
"solarpanel_game","3","3","auto","","10","10","5.978691750158655","5.978691750158655","5.978691750158655","4.112744375108173","0.146","","5"
"solarpanel_game","3","4","auto","","10","10","5.978691750158655","5.978691750158655","5.978691750158655","4.112744375108173","0.139","","5"
"solarpanel_game","3","5","auto","","10","10","5.978691750158655","5.978691750158655","5.978691750158655","4.112744375108173","0.125","","5"
"solarpanel_game","3","6","auto","","10","10","5.978691750158655","5.978691750158655","5.978691750158655","4.112744375108173","0.122","","5"
"solarpanel_game","3","7","auto","","10","10","5.978691750158655","5.978691750158655","5.978691750158655","4.112744375108173","0.09","","5"
"solarpanel_game","3","8","auto","","10","10","5.978691750158655","5.978691750158655","5.978691750158655","4.112744375108173","0.114","","5"
"solarpanel_game","3","9","auto","","10","10","5.978691750158655","5.978691750158655","5.978691750158655","4.112744375108173","0.109","","5"
"solarpanel_game","3","10","auto","","10","10","5.978691750158655","5.978691750158655","5.978691750158655","4.112744375108173","0.113","","5"
"solarpanel_game","3","11","auto","","10","10","5.978691750158655","5.978691750158655","5.978691750158655","4.112744375108173","0.106","","5"
"solarpanel_game","3","12","auto","","10","10","5.978691750158655","5.978691750158655","5.978691750158655","4.112744375108173","0.087","","5"
"solarpanel_game","3","13","auto","","10","10","5.978691750158655","5.978691750158655","5.978691750158655","4.112744375108173","0.089","","5"
"solarpanel_game","3","14","auto","","10","10","5.978691750158655","5.978691750158655","5.978691750158655","4.112744375108173","0.109","","5"
"solarpanel_game","3","15","auto","","10","10","5.978691750158655","5.978691750158655","5.978691750158655","4.112744375108173","0.113","","5"
"solarpanel_game","3","16","auto","","10","10","5.978691750158655","5.978691750158655","5.978691750158655","4.112744375108173","0.095","","5"
"solarpanel_game","3","17","auto","","10","10","5.978691750158655","5.978691750158655","5.978691750158655","4.112744375108173","0.095","","5"
"solarpanel_game","3","18","auto","","10","10","5.978691750158655","5.978691750158655","5.978691750158655","4.112744375108173","0.103","","5"
"solarpanel_game","3","19","auto","","10","10","5.978691750158655","5.978691750158655","5.978691750158655","4.112744375108173","0.112","","5"
"solarpanel_game","3","20","auto","","10","10","5.978691750158655","5.978691750158655","5.978691750158655","4.112744375108173","0.117","","5"
"solarpanel_game","4","1","auto","","10","10","5.978691750158655","5.978691750158655","5.978691750158655","4.112744375108173","0.113","","5"
"solarpanel_game","4","2","auto","","10","10","5.978691750158655","5.978691750158655","5.978691750158655","4.112744375108173","0.12","","5"
"solarpanel_game","4","3","auto","","10","10","5.978691750158655","5.978691750158655","5.978691750158655","4.112744375108173","0.173","","5"
"solarpanel_game","4","4","auto","","10","10","5.978691750158655","5.978691750158655","5.978691750158655","4.112744375108173","0.097","","5"
"solarpanel_game","4","5","auto","","10","10","5.978691750158655","5.978691750158655","5.978691750158655","4.112744375108173","0.079","","5"
"solarpanel_game","4","6","auto","","10","10","5.978691750158655","5.978691750158655","5.978691750158655","4.112744375108173","0.082","","5"
"solarpanel_game","4","7","auto","","10","10","5.978691750158655","5.978691750158655","5.978691750158655","4.112744375108173","0.09","","5"
"solarpanel_game","4","8","auto","","10","10","5.978691750158655","5.978691750158655","5.978691750158655","4.112744375108173","0.095","","5"
"solarpanel_game","4","9","auto","","10","10","5.978691750158655","5.978691750158655","5.978691750158655","4.112744375108173","0.093","","5"
"solarpanel_game","4","10","auto","","10","10","5.978691750158655","5.978691750158655","5.978691750158655","4.112744375108173","0.106","","5"
"solarpanel_game","4","11","auto","","10","10","5.978691750158655","5.978691750158655","5.978691750158655","4.112744375108173","0.088","","5"
"solarpanel_game","4","12","auto","","10","10","5.978691750158655","5.978691750158655","5.978691750158655","4.112744375108173","0.093","","5"
"solarpanel_game","4","13","auto","","10","10","5.978691750158655","5.978691750158655","5.978691750158655","4.112744375108173","0.096","","5"
"solarpanel_game","4","14","auto","","10","10","5.978691750158655","5.978691750158655","5.978691750158655","4.112744375108173","0.086","","5"
"solarpanel_game","4","15","auto","","10","10","5.978691750158655","5.978691750158655","5.978691750158655","4.112744375108173","0.079","","5"
"solarpanel_game","4","16","auto","","10","10","5.978691750158655","5.978691750158655","5.978691750158655","4.112744375108173","0.071","","5"
"solarpanel_game","4","17","auto","","10","10","5.978691750158655","5.978691750158655","5.978691750158655","4.112744375108173","0.077","","5"
"solarpanel_game","4","18","auto","","10","10","5.978691750158655","5.978691750158655","5.978691750158655","4.112744375108173","0.091","","5"
"solarpanel_game","4","19","auto","","10","10","5.978691750158655","5.978691750158655","5.978691750158655","4.112744375108173","0.068","","5"
"solarpanel_game","4","20","auto","","10","10","5.978691750158655","5.978691750158655","5.978691750158655","4.112744375108173","0.101","","5"
"solarpanel_game","5","1","auto","","10","10","5.978691750158655","5.978691750158655","5.978691750158655","4.112744375108173","0.093","","5"
"solarpanel_game","5","2","auto","","10","10","5.978691750158655","5.978691750158655","5.978691750158655","4.112744375108173","0.088","","5"
"solarpanel_game","5","3","auto","","10","10","5.978691750158655","5.978691750158655","5.978691750158655","4.112744375108173","0.092","","5"
"solarpanel_game","5","4","auto","","10","10","5.978691750158655","5.978691750158655","5.978691750158655","4.112744375108173","0.1","","5"
"solarpanel_game","5","5","auto","","10","10","5.978691750158655","5.978691750158655","5.978691750158655","4.112744375108173","0.086","","5"
"solarpanel_game","5","6","auto","","10","10","5.978691750158655","5.978691750158655","5.978691750158655","4.112744375108173","0.081","","5"
"solarpanel_game","5","7","auto","","10","10","5.978691750158655","5.978691750158655","5.978691750158655","4.112744375108173","0.082","","5"
"solarpanel_game","5","8","auto","","10","10","5.978691750158655","5.978691750158655","5.978691750158655","4.112744375108173","0.107","","5"
"solarpanel_game","5","9","auto","","10","10","5.978691750158655","5.978691750158655","5.978691750158655","4.112744375108173","0.103","","5"
"solarpanel_game","5","10","auto","","10","10","5.978691750158655","5.978691750158655","5.978691750158655","4.112744375108173","0.076","","5"
"solarpanel_game","5","11","auto","","10","10","5.978691750158655","5.978691750158655","5.978691750158655","4.112744375108173","0.079","","5"
"solarpanel_game","5","12","auto","","10","10","5.978691750158655","5.978691750158655","5.978691750158655","4.112744375108173","0.083","","5"
"solarpanel_game","5","13","auto","","10","10","5.978691750158655","5.978691750158655","5.978691750158655","4.112744375108173","0.105","","5"
"solarpanel_game","5","14","auto","","10","10","5.978691750158655","5.978691750158655","5.978691750158655","4.112744375108173","0.088","","5"
"solarpanel_game","5","15","auto","","10","10","5.6986917501586545","5.978691750158655","5.978691750158655","4.112744375108173","0.075","","5"
"solarpanel_game","5","16","auto","","10","10","5.978691750158655","5.978691750158655","5.978691750158655","4.112744375108173","0.07","","5"
"solarpanel_game","5","17","auto","","10","10","5.978691750158655","5.978691750158655","5.978691750158655","4.112744375108173","0.1","","5"
"solarpanel_game","5","18","auto","","10","10","5.6986917501586545","5.978691750158655","5.978691750158655","4.112744375108173","0.097","","5"
"solarpanel_game","5","19","auto","","10","10","5.6986917501586545","5.978691750158655","5.978691750158655","4.112744375108173","0.078","","5"
"solarpanel_game","5","20","auto","","10","10","5.6986917501586545","5.978691750158655","5.978691750158655","4.112744375108173","0.085","","5"
"solarpanel_game","6","1","auto","","10","10","5.978691750158655","5.978691750158655","5.978691750158655","4.112744375108173","0.092","","5"
"solarpanel_game","6","2","auto","","10","10","5.978691750158655","5.978691750158655","5.978691750158655","4.112744375108173","0.125","","5"
"solarpanel_game","6","3","auto","","10","10","5.978691750158655","5.978691750158655","5.978691750158655","4.112744375108173","0.107","","5"
"solarpanel_game","6","4","auto","","10","10","5.978691750158655","5.978691750158655","5.978691750158655","4.112744375108173","0.111","","5"
"solarpanel_game","6","5","auto","","10","10","5.978691750158655","5.978691750158655","5.978691750158655","4.112744375108173","0.098","","5"
"solarpanel_game","6","6","auto","","10","10","5.978691750158655","5.978691750158655","5.978691750158655","4.112744375108173","0.091","","5"
"solarpanel_game","6","7","auto","","10","10","5.978691750158655","5.978691750158655","5.978691750158655","4.112744375108173","0.094","","5"
"solarpanel_game","6","8","auto","","10","10","5.978691750158655","5.978691750158655","5.978691750158655","4.112744375108173","0.087","","5"
"solarpanel_game","6","9","auto","","10","10","5.6986917501586545","5.978691750158655","5.978691750158655","4.112744375108173","0.087","","5"
"solarpanel_game","6","10","auto","","10","10","5.6986917501586545","5.978691750158655","5.978691750158655","4.112744375108173","0.094","","5"
"solarpanel_game","6","11","auto","","10","10","5.978691750158655","5.978691750158655","5.978691750158655","4.112744375108173","0.088","","5"
"solarpanel_game","6","12","auto","","10","10","5.6986917501586545","5.6986917501586545","5.978691750158655","3.9727443751081735","0.092","","5"
"solarpanel_game","6","13","auto","","10","10","5.6986917501586545","5.6986917501586545","5.978691750158655","3.9727443751081735","0.102","","5"
"solarpanel_game","6","14","auto","","10","10","5.6986917501586545","5.6986917501586545","5.978691750158655","3.9727443751081735","0.097","","5"
"solarpanel_game","6","15","auto","","10","10","5.6986917501586545","5.6986917501586545","5.978691750158655","3.9727443751081735","0.104","","5"
"solarpanel_game","6","16","auto","","10","10","5.6986917501586545","5.6986917501586545","5.978691750158655","3.9727443751081735","0.095","","5"
"solarpanel_game","6","17","auto","","10","10","5.6986917501586545","5.6986917501586545","5.978691750158655","3.9727443751081735","0.087","","5"
"solarpanel_game","6","18","auto","","10","10","5.6986917501586545","5.6986917501586545","5.6986917501586545","3.9727443751081735","0.1","","5"
"solarpanel_game","6","19","auto","","10","10","5.6986917501586545","5.6986917501586545","5.6986917501586545","3.9727443751081735","0.108","","5"
"solarpanel_game","6","20","auto","","10","10","5.6986917501586545","5.6986917501586545","5.6986917501586545","3.9727443751081735","0.091","","5"
"grid_filler_game","1","1","auto","","10","10","4.516074956100205","4.516074956100205","4.516074956100205","3.486248076128928","0.07","",""
"grid_filler_game","1","2","auto","","10","10","4.516074956100205","4.516074956100205","4.516074956100205","3.486248076128928","0.072","",""
"grid_filler_game","1","3","auto","","10","10","4.516074956100205","4.516074956100205","4.516074956100205","3.486248076128928","0.064","",""
"grid_filler_game","1","4","auto","","10","10","4.516074956100205","4.516074956100205","4.516074956100205","3.486248076128928","0.083","",""
"grid_filler_game","1","5","auto","","10","10","4.516074956100205","4.516074956100205","4.516074956100205","3.486248076128928","0.111","",""
"grid_filler_game","1","6","auto","","10","10","4.935","4.935","4.935","3.774","0.081","",""
"grid_filler_game","1","7","auto","","10","10","4.935","4.935","4.935","3.774","0.076","",""
"grid_filler_game","1","8","auto","","10","10","4.935","4.935","4.935","3.774","0.099","",""
"grid_filler_game","1","9","auto","","10","10","4.935","4.935","4.935","3.774","0.102","",""
"grid_filler_game","1","10","auto","","10","10","4.935","4.935","4.935","3.774","0.065","",""
"grid_filler_game","1","11","auto","","10","10","5.396074956100206","5.396074956100206","5.396074956100206","4.0909147427955945","0.095","",""
"grid_filler_game","1","12","auto","","10","10","5.396074956100206","5.396074956100206","5.396074956100206","4.0909147427955945","0.096","",""
"grid_filler_game","1","13","auto","","10","10","5.396074956100206","5.396074956100206","5.396074956100206","4.0909147427955945","0.088","",""
"grid_filler_game","1","14","auto","","10","10","5.396074956100206","5.396074956100206","5.396074956100206","4.0909147427955945","0.082","",""
"grid_filler_game","1","15","auto","","10","10","5.396074956100206","5.396074956100206","5.396074956100206","4.0909147427955945","0.077","",""
"grid_filler_game","1","16","auto","","10","10","5.903755818928065","5.903755818928065","5.903755818928065","4.440030482602469","0.065","",""
"grid_filler_game","1","17","auto","","10","10","5.903755818928065","5.903755818928065","5.903755818928065","4.440030482602469","0.063","",""
"grid_filler_game","1","18","auto","","10","10","5.903755818928065","5.903755818928065","5.903755818928065","4.440030482602469","0.074","",""
"grid_filler_game","1","19","auto","","10","10","5.903755818928065","5.903755818928065","5.903755818928065","4.440030482602469","0.066","",""
"grid_filler_game","1","20","auto","","10","10","5.903755818928065","5.903755818928065","5.903755818928065","4.440030482602469","0.068","",""
"grid_filler_game","2","1","auto","","10","10","4.935","4.935","4.935","3.774","0.056","",""
"grid_filler_game","2","2","auto","","10","10","4.935","4.935","4.935","3.774","0.071","",""
"grid_filler_game","2","3","auto","","10","10","4.935","4.935","4.935","3.774","0.08","",""
"grid_filler_game","2","4","auto","","10","10","4.935","4.935","4.935","3.774","0.047","",""
"grid_filler_game","2","5","auto","","10","10","4.935","4.935","4.935","3.774","0.063","",""
"grid_filler_game","2","6","auto","","10","10","5.396074956100206","5.396074956100206","5.396074956100206","4.0909147427955945","0.062","",""
"grid_filler_game","2","7","auto","","10","10","5.396074956100206","5.396074956100206","5.396074956100206","4.0909147427955945","0.085","",""
"grid_filler_game","2","8","auto","","10","10","5.396074956100206","5.396074956100206","5.396074956100206","4.0909147427955945","0.069","",""
"grid_filler_game","2","9","auto","","10","10","5.396074956100206","5.396074956100206","5.396074956100206","4.0909147427955945","0.052","",""
"grid_filler_game","2","10","auto","","10","10","5.396074956100206","5.396074956100206","5.396074956100206","4.0909147427955945","0.075","",""
"grid_filler_game","2","11","auto","","10","10","5.903755818928065","5.903755818928065","5.903755818928065","4.440030482602469","0.069","",""
"grid_filler_game","2","12","auto","","10","10","5.903755818928065","5.903755818928065","5.903755818928065","4.440030482602469","0.06","",""
"grid_filler_game","2","13","auto","","10","10","5.903755818928065","5.903755818928065","5.903755818928065","4.440030482602469","0.091","",""
"grid_filler_game","2","14","auto","","10","10","5.903755818928065","5.903755818928065","5.903755818928065","4.440030482602469","0.101","",""
"grid_filler_game","2","15","auto","","10","10","5.903755818928065","5.903755818928065","5.903755818928065","4.440030482602469","0.075","",""
"grid_filler_game","2","16","auto","","10","10","5.903755818928065","5.903755818928065","5.903755818928065","4.440030482602469","0.082","",""
"grid_filler_game","2","17","auto","","10","10","5.903755818928065","5.903755818928065","5.903755818928065","4.440030482602469","0.099","",""
"grid_filler_game","2","18","auto","","10","10","6.101079740438369","6.101079740438369","6.101079740438369","4.575418004844343","0.084","",""
"grid_filler_game","2","19","auto","","10","10","6.101079740438369","6.101079740438369","6.101079740438369","4.575418004844343","0.098","",""
"grid_filler_game","2","20","auto","","10","10","6.101079740438369","6.101079740438369","6.101079740438369","4.575418004844343","0.091","",""
"grid_filler_game","3","1","auto","","10","10","5.396074956100206","5.396074956100206","5.396074956100206","4.0909147427955945","0.081","",""
"grid_filler_game","3","2","auto","","10","10","5.396074956100206","5.396074956100206","5.396074956100206","4.0909147427955945","0.084","",""
"grid_filler_game","3","3","auto","","10","10","5.396074956100206","5.396074956100206","5.396074956100206","4.0909147427955945","0.091","",""
"grid_filler_game","3","4","auto","","10","10","5.396074956100206","5.396074956100206","5.396074956100206","4.0909147427955945","0.091","",""
"grid_filler_game","3","5","auto","","10","10","5.396074956100206","5.396074956100206","5.396074956100206","4.0909147427955945","0.081","",""
"grid_filler_game","3","6","auto","","10","10","5.903755818928065","5.903755818928065","5.903755818928065","4.440030482602469","0.09","",""
"grid_filler_game","3","7","auto","","10","10","5.903755818928065","5.903755818928065","5.903755818928065","4.440030482602469","0.077","",""
"grid_filler_game","3","8","auto","","10","10","5.903755818928065","5.903755818928065","5.903755818928065","4.440030482602469","0.083","",""
"grid_filler_game","3","9","auto","","10","10","5.903755818928065","5.903755818928065","5.903755818928065","4.440030482602469","0.103","",""
"grid_filler_game","3","10","auto","","10","10","5.903755818928065","5.903755818928065","5.903755818928065","4.440030482602469","0.085","",""
"grid_filler_game","3","11","auto","","10","10","5.903755818928065","5.903755818928065","5.903755818928065","4.440030482602469","0.081","",""
"grid_filler_game","3","12","auto","","10","10","5.903755818928065","5.903755818928065","5.903755818928065","4.440030482602469","0.078","",""
"grid_filler_game","3","13","auto","","10","10","6.101079740438369","6.101079740438369","6.101079740438369","4.575418004844343","0.075","",""
"grid_filler_game","3","14","auto","","10","10","6.101079740438369","6.101079740438369","6.101079740438369","4.575418004844343","0.091","",""
"grid_filler_game","3","15","auto","","10","10","6.101079740438369","6.101079740438369","6.101079740438369","4.575418004844343","0.085","",""
"grid_filler_game","3","16","auto","","10","10","6.101079740438369","6.101079740438369","6.101079740438369","4.575418004844343","0.11","",""
"grid_filler_game","3","17","auto","","10","10","6.101079740438369","6.101079740438369","6.101079740438369","4.575418004844343","0.112","",""
"grid_filler_game","3","18","auto","","10","10","6.101079740438369","6.101079740438369","6.101079740438369","4.575418004844343","0.088","",""
"grid_filler_game","3","19","auto","","10","10","6.101079740438369","6.101079740438369","6.101079740438369","4.575418004844343","0.104","",""
"grid_filler_game","3","20","auto","","10","10","6.101079740438369","6.101079740438369","6.101079740438369","4.575418004844343","0.081","",""
"grid_filler_game","4","1","auto","","10","10","5.903755818928065","5.903755818928065","5.903755818928065","4.440030482602469","0.133","",""
"grid_filler_game","4","2","auto","","10","10","5.903755818928065","5.903755818928065","5.903755818928065","4.440030482602469","0.1","",""
"grid_filler_game","4","3","auto","","10","10","5.903755818928065","5.903755818928065","5.903755818928065","4.440030482602469","0.078","",""
"grid_filler_game","4","4","auto","","10","10","5.903755818928065","5.903755818928065","5.903755818928065","4.440030482602469","0.076","",""
"grid_filler_game","4","5","auto","","10","10","5.903755818928065","5.903755818928065","5.903755818928065","4.440030482602469","0.086","",""
"grid_filler_game","4","6","auto","","10","10","5.903755818928065","5.903755818928065","5.903755818928065","4.440030482602469","0.103","",""
"grid_filler_game","4","7","auto","","10","10","5.903755818928065","5.903755818928065","5.903755818928065","4.440030482602469","0.086","",""
"grid_filler_game","4","8","auto","","10","10","6.101079740438369","6.101079740438369","6.101079740438369","4.575418004844343","0.104","",""
"grid_filler_game","4","9","auto","","10","10","6.101079740438369","6.101079740438369","6.101079740438369","4.575418004844343","0.11","",""
"grid_filler_game","4","10","auto","","10","10","6.101079740438369","6.101079740438369","6.101079740438369","4.575418004844343","0.082","",""
"grid_filler_game","4","11","auto","","10","10","6.101079740438369","6.101079740438369","6.101079740438369","4.575418004844343","0.082","",""
"grid_filler_game","4","12","auto","","10","10","6.101079740438369","6.101079740438369","6.101079740438369","4.575418004844343","0.078","",""
"grid_filler_game","4","13","auto","","10","10","6.101079740438369","6.101079740438369","6.101079740438369","4.575418004844343","0.083","",""
"grid_filler_game","4","14","auto","","10","10","6.101079740438369","6.101079740438369","6.101079740438369","4.575418004844343","0.112","",""
"grid_filler_game","4","15","auto","","10","10","6.101079740438369","6.101079740438369","6.101079740438369","4.575418004844343","0.092","",""
"grid_filler_game","4","16","auto","","10","10","6.170183630332543","6.170183630332543","6.170183630332543","4.622534293408552","0.083","",""
"grid_filler_game","4","17","auto","","10","10","6.170183630332543","6.170183630332543","6.170183630332543","4.622534293408552","0.077","",""
"grid_filler_game","4","18","auto","","10","10","6.170183630332543","6.170183630332543","6.170183630332543","4.622534293408552","0.077","",""
"grid_filler_game","4","19","auto","","10","10","6.170183630332543","6.170183630332543","6.170183630332543","4.622534293408552","0.086","",""
"grid_filler_game","4","20","auto","","10","10","6.170183630332543","6.170183630332543","6.170183630332543","4.622534293408552","0.082","",""
"grid_filler_game","5","1","auto","","10","10","5.903755818928065","5.903755818928065","5.903755818928065","4.440030482602469","0.073","",""
"grid_filler_game","5","2","auto","","10","10","5.903755818928065","5.903755818928065","5.903755818928065","4.440030482602469","0.075","",""
"grid_filler_game","5","3","auto","","10","10","6.101079740438369","6.101079740438369","6.101079740438369","4.575418004844343","0.09","",""
"grid_filler_game","5","4","auto","","10","10","6.101079740438369","6.101079740438369","6.101079740438369","4.575418004844343","0.085","",""
"grid_filler_game","5","5","auto","","10","10","6.101079740438369","6.101079740438369","6.101079740438369","4.575418004844343","0.085","",""
"grid_filler_game","5","6","auto","","10","10","6.101079740438369","6.101079740438369","6.101079740438369","4.575418004844343","0.101","",""
"grid_filler_game","5","7","auto","","10","10","6.101079740438369","6.101079740438369","6.101079740438369","4.575418004844343","0.073","",""
"grid_filler_game","5","8","auto","","10","10","6.101079740438369","6.101079740438369","6.101079740438369","4.575418004844343","0.069","",""
"grid_filler_game","5","9","auto","","10","10","6.101079740438369","6.101079740438369","6.101079740438369","4.575418004844343","0.09","",""
"grid_filler_game","5","10","auto","","10","10","6.101079740438369","6.101079740438369","6.101079740438369","4.575418004844343","0.085","",""
"grid_filler_game","5","11","auto","","10","10","6.170183630332543","6.170183630332543","6.170183630332543","4.622534293408552","0.077","",""
"grid_filler_game","5","12","auto","","10","10","6.170183630332543","6.170183630332543","6.170183630332543","4.622534293408552","0.084","",""
"grid_filler_game","5","13","auto","","10","10","6.170183630332543","6.170183630332543","6.170183630332543","4.622534293408552","0.086","",""
"grid_filler_game","5","14","auto","","10","10","6.170183630332543","6.170183630332543","6.170183630332543","4.622534293408552","0.088","",""
"grid_filler_game","5","15","auto","","10","10","6.170183630332543","6.170183630332543","6.170183630332543","4.622534293408552","0.071","",""
"grid_filler_game","5","16","auto","","10","10","6.170183630332543","6.170183630332543","6.170183630332543","4.622534293408552","0.092","",""
"grid_filler_game","5","17","auto","","10","10","6.170183630332543","6.170183630332543","6.170183630332543","4.622534293408552","0.091","",""
"grid_filler_game","5","18","auto","","10","10","6.170183630332543","6.170183630332543","6.170183630332543","4.622534293408552","0.101","",""
"grid_filler_game","5","19","auto","","10","10","6.170183630332543","6.170183630332543","6.170183630332543","4.622534293408552","0.11","",""
"grid_filler_game","5","20","auto","","10","10","6.170183630332543","6.170183630332543","6.170183630332543","4.622534293408552","0.104","",""
"grid_filler_game","6","1","auto","","10","10","6.101079740438369","6.101079740438369","6.101079740438369","4.575418004844343","0.07","",""
"grid_filler_game","6","2","auto","","10","10","6.101079740438369","6.101079740438369","6.101079740438369","4.575418004844343","0.076","",""
"grid_filler_game","6","3","auto","","10","10","6.101079740438369","6.101079740438369","6.101079740438369","4.575418004844343","0.071","",""
"grid_filler_game","6","4","auto","","10","10","6.101079740438369","6.101079740438369","6.101079740438369","4.575418004844343","0.074","",""
"grid_filler_game","6","5","auto","","10","10","6.101079740438369","6.101079740438369","6.101079740438369","4.575418004844343","0.063","",""
"grid_filler_game","6","6","auto","","10","10","6.170183630332543","6.170183630332543","6.170183630332543","4.622534293408552","0.078","",""
"grid_filler_game","6","7","auto","","10","10","6.170183630332543","6.170183630332543","6.170183630332543","4.622534293408552","0.066","",""
"grid_filler_game","6","8","auto","","10","10","6.170183630332543","6.170183630332543","6.170183630332543","4.622534293408552","0.08","",""
"grid_filler_game","6","9","auto","","10","10","6.170183630332543","6.170183630332543","6.170183630332543","4.622534293408552","0.076","",""
"grid_filler_game","6","10","auto","","10","10","6.170183630332543","6.170183630332543","6.170183630332543","4.622534293408552","0.077","",""
"grid_filler_game","6","11","auto","","10","10","6.170183630332543","6.170183630332543","6.170183630332543","4.622534293408552","0.08","",""
"grid_filler_game","6","12","auto","","10","10","6.170183630332543","6.170183630332543","6.170183630332543","4.622534293408552","0.083","",""
"grid_filler_game","6","13","auto","","10","10","6.170183630332543","6.170183630332543","6.170183630332543","4.622534293408552","0.095","",""
"grid_filler_game","6","14","auto","","10","10","6.170183630332543","6.170183630332543","6.170183630332543","4.622534293408552","0.089","",""
"grid_filler_game","6","15","auto","","10","10","6.170183630332543","6.170183630332543","6.170183630332543","4.622534293408552","0.097","",""
"grid_filler_game","6","16","auto","","10","10","6.170183630332543","6.170183630332543","6.170183630332543","4.622534293408552","0.095","",""
"grid_filler_game","6","17","auto","","10","10","6.170183630332543","6.170183630332543","6.170183630332543","4.622534293408552","0.105","",""
"grid_filler_game","6","18","auto","","10","10","6.170183630332543","6.170183630332543","6.170183630332543","4.622534293408552","0.098","",""
"grid_filler_game","6","19","auto","","10","10","6.170183630332543","6.170183630332543","6.170183630332543","4.622534293408552","0.082","",""
"grid_filler_game","6","20","auto","","10","10","6.170183630332543","6.170183630332543","6.170183630332543","4.622534293408552","0.089","",""
"star_chart_scan","1","1","auto","","10","10","3.945","3.945","3.945","2.891","0.199","",""
"star_chart_scan","1","2","auto","","10","10","3.945","3.945","3.945","2.891","0.209","",""
"star_chart_scan","1","3","auto","","10","10","3.945","3.945","3.945","2.891","0.193","",""
"star_chart_scan","1","4","auto","","10","10","3.945","3.945","3.945","2.891","0.231","",""
"star_chart_scan","1","5","auto","","10","10","3.945","3.945","3.945","2.891","0.253","",""
"star_chart_scan","1","6","auto","","10","10","3.945","3.945","3.945","2.891","0.187","",""
"star_chart_scan","1","7","auto","","10","10","3.945","3.945","3.945","2.891","0.197","",""
"star_chart_scan","1","8","auto","","10","10","3.945","3.945","3.945","2.891","0.195","",""
"star_chart_scan","1","9","auto","","10","10","3.945","3.945","3.945","2.891","0.24","",""
"star_chart_scan","1","10","auto","","10","10","3.945","3.945","3.945","2.891","0.202","",""
"star_chart_scan","1","11","auto","","10","10","3.945","3.945","3.945","2.891","0.185","",""
"star_chart_scan","1","12","auto","","10","10","3.945","3.945","3.945","2.891","0.243","",""
"star_chart_scan","1","13","auto","","10","10","3.945","3.945","3.945","2.891","0.185","",""
"star_chart_scan","1","14","auto","","10","10","3.945","3.945","3.945","2.891","0.215","",""
"star_chart_scan","1","15","auto","","10","10","3.945","3.945","3.945","2.891","0.232","",""
"star_chart_scan","1","16","auto","","10","10","3.945","3.945","3.945","2.891","0.236","",""
"star_chart_scan","1","17","auto","","10","10","3.945","3.945","3.945","2.891","0.21","",""
"star_chart_scan","1","18","auto","","10","10","3.945","3.945","3.945","2.891","0.268","",""
"star_chart_scan","1","19","auto","","10","10","3.945","3.945","3.945","2.891","0.216","",""
"star_chart_scan","1","20","auto","","10","10","3.945","3.945","3.945","2.891","0.219","",""
"star_chart_scan","2","1","auto","","10","10","3.945","3.945","3.945","2.891","0.396","",""
"star_chart_scan","2","2","auto","","10","10","3.945","3.945","3.945","2.891","0.405","",""
"star_chart_scan","2","3","auto","","10","10","3.945","3.945","3.945","2.891","0.34","",""
"star_chart_scan","2","4","auto","","10","10","3.945","3.945","3.945","2.891","0.343","",""
"star_chart_scan","2","5","auto","","10","10","3.945","3.945","3.945","2.891","0.275","",""
"star_chart_scan","2","6","auto","","10","10","3.945","3.945","3.945","2.891","0.318","",""
"star_chart_scan","2","7","auto","","10","10","3.945","3.945","3.945","2.891","0.263","",""
"star_chart_scan","2","8","auto","","10","10","3.945","3.945","3.945","2.891","0.271","",""
"star_chart_scan","2","9","auto","","10","10","3.945","3.945","3.945","2.891","0.298","",""
"star_chart_scan","2","10","auto","","10","10","3.945","3.945","3.945","2.891","0.245","",""
"star_chart_scan","2","11","auto","","10","10","3.945","3.945","3.945","2.891","0.27","",""
"star_chart_scan","2","12","auto","","10","10","3.945","3.945","3.945","2.891","0.278","",""
"star_chart_scan","2","13","auto","","10","10","3.945","3.945","3.945","2.891","0.317","",""
"star_chart_scan","2","14","auto","","10","10","3.945","3.945","3.945","2.891","0.246","",""
"star_chart_scan","2","15","auto","","10","10","3.945","3.945","3.945","2.891","0.26","",""
"star_chart_scan","2","16","auto","","10","10","3.945","3.945","3.945","2.891","0.255","",""
"star_chart_scan","2","17","auto","","10","10","3.945","3.945","3.945","2.891","0.281","",""
"star_chart_scan","2","18","auto","","10","10","3.945","3.945","3.945","2.891","0.265","",""
"star_chart_scan","2","19","auto","","10","10","3.945","3.945","3.945","2.891","0.288","",""
"star_chart_scan","2","20","auto","","10","10","3.945","3.945","3.945","2.891","0.241","",""
"star_chart_scan","3","1","auto","","10","10","3.945","3.945","3.945","2.891","0.437","",""
"star_chart_scan","3","2","auto","","10","10","3.945","3.945","3.945","2.891","0.346","",""
"star_chart_scan","3","3","auto","","10","10","3.945","3.945","3.945","2.891","0.396","",""
"star_chart_scan","3","4","auto","","10","10","3.945","3.945","3.945","2.891","0.399","",""
"star_chart_scan","3","5","auto","","10","10","3.945","3.945","3.945","2.891","0.378","",""
"star_chart_scan","3","6","auto","","10","10","3.945","3.945","3.945","2.891","0.361","",""
"star_chart_scan","3","7","auto","","10","10","3.945","3.945","3.945","2.891","0.307","",""
"star_chart_scan","3","8","auto","","10","10","3.945","3.945","3.945","2.891","0.267","",""
"star_chart_scan","3","9","auto","","10","10","3.945","3.945","3.945","2.891","0.244","",""
"star_chart_scan","3","10","auto","","10","10","3.945","3.945","3.945","2.891","0.255","",""
"star_chart_scan","3","11","auto","","10","10","3.945","3.945","3.945","2.891","0.376","",""
"star_chart_scan","3","12","auto","","10","10","3.945","3.945","3.945","2.891","0.281","",""
"star_chart_scan","3","13","auto","","10","10","3.945","3.945","3.945","2.891","0.272","",""
"star_chart_scan","3","14","auto","","10","10","3.945","3.945","3.945","2.891","0.27","",""
"star_chart_scan","3","15","auto","","10","10","3.945","3.945","3.945","2.891","0.28","",""
"star_chart_scan","3","16","auto","","10","10","3.945","3.945","3.945","2.891","0.264","",""
"star_chart_scan","3","17","auto","","10","10","3.945","3.945","3.945","2.891","0.265","",""
"star_chart_scan","3","18","auto","","10","10","3.945","3.945","3.945","2.891","0.319","",""
"star_chart_scan","3","19","auto","","10","10","3.945","3.945","3.945","2.891","0.316","",""
"star_chart_scan","3","20","auto","","10","10","3.945","3.945","3.945","2.891","0.321","",""
"star_chart_scan","4","1","auto","","10","10","3.945","3.945","3.945","2.891","0.325","",""
"star_chart_scan","4","2","auto","","10","10","3.945","3.945","3.945","2.891","0.335","",""
"star_chart_scan","4","3","auto","","10","10","3.945","3.945","3.945","2.891","0.407","",""
"star_chart_scan","4","4","auto","","10","10","3.945","3.945","3.945","2.891","0.517","",""
"star_chart_scan","4","5","auto","","10","10","3.945","3.945","3.945","2.891","0.325","",""
"star_chart_scan","4","6","auto","","10","10","3.945","3.945","3.945","2.891","0.317","",""
"star_chart_scan","4","7","auto","","10","10","3.945","3.945","3.945","2.891","0.379","",""
"star_chart_scan","4","8","auto","","10","10","3.945","3.945","3.945","2.891","0.323","",""
"star_chart_scan","4","9","auto","","10","10","3.945","3.945","3.945","2.891","0.39","",""
"star_chart_scan","4","10","auto","","10","10","3.945","3.945","3.945","2.891","0.603","",""
"star_chart_scan","4","11","auto","","10","10","3.945","3.945","3.945","2.891","0.516","",""
"star_chart_scan","4","12","auto","","10","10","3.945","3.945","3.945","2.891","0.36","",""
"star_chart_scan","4","13","auto","","10","10","3.945","3.945","3.945","2.891","0.364","",""
"star_chart_scan","4","14","auto","","10","10","3.945","3.945","3.945","2.891","0.358","",""
"star_chart_scan","4","15","auto","","10","10","3.945","3.945","3.945","2.891","0.379","",""
"star_chart_scan","4","16","auto","","10","10","3.945","3.945","3.945","2.891","0.352","",""
"star_chart_scan","4","17","auto","","10","10","3.945","3.945","3.945","2.891","0.314","",""
"star_chart_scan","4","18","auto","","10","10","3.945","3.945","3.945","2.891","0.304","",""
"star_chart_scan","4","19","auto","","10","10","3.945","3.945","3.945","2.891","0.375","",""
"star_chart_scan","4","20","auto","","10","10","3.945","3.945","3.945","2.891","0.342","",""
"star_chart_scan","5","1","auto","","10","10","3.945","3.945","3.945","2.891","0.333","",""
"star_chart_scan","5","2","auto","","10","10","3.945","3.945","3.945","2.891","0.327","",""
"star_chart_scan","5","3","auto","","10","10","3.945","3.945","3.945","2.891","0.374","",""
"star_chart_scan","5","4","auto","","10","10","3.945","3.945","3.945","2.891","0.593","",""
"star_chart_scan","5","5","auto","","10","10","3.945","3.945","3.945","2.891","0.339","",""
"star_chart_scan","5","6","auto","","10","10","3.945","3.945","3.945","2.891","0.406","",""
"star_chart_scan","5","7","auto","","10","10","3.945","3.945","3.945","2.891","0.411","",""
"star_chart_scan","5","8","auto","","10","10","3.945","3.945","3.945","2.891","1.288","",""
"star_chart_scan","5","9","auto","","10","10","3.945","3.945","3.945","2.891","0.408","",""
"star_chart_scan","5","10","auto","","10","10","3.945","3.945","3.945","2.891","0.368","",""
"star_chart_scan","5","11","auto","","10","10","3.945","3.945","3.945","2.891","0.446","",""
"star_chart_scan","5","12","auto","","10","10","3.945","3.945","3.945","2.891","0.409","",""
"star_chart_scan","5","13","auto","","10","10","3.945","3.945","3.945","2.891","0.332","",""
"star_chart_scan","5","14","auto","","10","10","3.945","3.945","3.945","2.891","0.34","",""
"star_chart_scan","5","15","auto","","10","10","3.945","3.945","3.945","2.891","0.372","",""
"star_chart_scan","5","16","auto","","10","10","3.945","3.945","3.945","2.891","0.407","",""
"star_chart_scan","5","17","auto","","10","10","3.945","3.945","3.945","2.891","0.335","",""
"star_chart_scan","5","18","auto","","10","10","3.945","3.945","3.945","2.891","0.394","",""
"star_chart_scan","5","19","auto","","10","10","3.945","3.945","3.945","2.891","0.392","",""
"star_chart_scan","5","20","auto","","10","10","3.945","3.945","3.945","2.891","0.438","",""
"star_chart_scan","6","1","auto","","10","10","3.945","3.945","3.945","2.891","0.414","",""
"star_chart_scan","6","2","auto","","10","10","3.945","3.945","3.945","2.891","0.574","",""
"star_chart_scan","6","3","auto","","10","10","3.945","3.945","3.945","2.891","0.381","",""
"star_chart_scan","6","4","auto","","10","10","3.945","3.945","3.945","2.891","0.368","",""
"star_chart_scan","6","5","auto","","10","10","3.945","3.945","3.945","2.891","0.323","",""
"star_chart_scan","6","6","auto","","10","10","3.945","3.945","3.945","2.891","0.349","",""
"star_chart_scan","6","7","auto","","10","10","3.945","3.945","3.945","2.891","0.444","",""
"star_chart_scan","6","8","auto","","10","10","3.945","3.945","3.945","2.891","0.345","",""
"star_chart_scan","6","9","auto","","10","10","3.945","3.945","3.945","2.891","0.396","",""
"star_chart_scan","6","10","auto","","10","10","3.945","3.945","3.945","2.891","0.339","",""
"star_chart_scan","6","11","auto","","10","10","3.945","3.945","3.945","2.891","0.359","",""
"star_chart_scan","6","12","auto","","10","10","3.945","3.945","3.945","2.891","0.389","",""
"star_chart_scan","6","13","auto","","10","10","3.945","3.945","3.945","2.891","0.36","",""
"star_chart_scan","6","14","auto","","10","10","3.945","3.945","3.945","2.891","0.441","",""
"star_chart_scan","6","15","auto","","10","10","3.945","3.945","3.945","2.891","0.438","",""
"star_chart_scan","6","16","auto","","10","10","3.945","3.945","3.945","2.891","0.511","",""
"star_chart_scan","6","17","auto","","10","10","3.945","3.945","3.945","2.891","0.4","",""
"star_chart_scan","6","18","auto","","10","10","3.945","3.945","3.945","2.891","0.395","",""
"star_chart_scan","6","19","auto","","10","10","3.945","3.945","3.945","2.891","0.431","",""
"star_chart_scan","6","20","auto","","10","10","3.945","3.945","3.945","2.891","0.416","",""
"comm_relay","1","1","auto","","20","20","3.6108241808752193","3.6686917501586542","3.7176180828526726","2.6927443751081737","0.093","",""
"comm_relay","1","2","auto","","20","20","3.6108241808752193","3.6686917501586542","3.6686917501586542","2.6927443751081737","0.078","",""
"comm_relay","1","3","auto","","20","20","3.6686917501586542","3.7176180828526726","3.7176180828526726","2.7261032383086405","0.085","",""
"comm_relay","1","4","auto","","20","20","3.6108241808752193","3.6686917501586542","3.7176180828526726","2.6927443751081737","0.078","",""
"comm_relay","1","5","auto","","20","20","3.6108241808752193","3.6686917501586542","3.7176180828526726","2.6927443751081737","0.07","",""
"comm_relay","1","6","auto","","20","20","3.6108241808752193","3.6686917501586542","3.7176180828526726","2.6927443751081737","0.088","",""
"comm_relay","1","7","auto","","20","20","3.6108241808752193","3.6686917501586542","3.7176180828526726","2.6927443751081737","0.086","",""
"comm_relay","1","8","auto","","20","20","3.6108241808752193","3.6686917501586542","3.7176180828526726","2.6927443751081737","0.091","",""
"comm_relay","1","9","auto","","20","20","3.6108241808752193","3.6686917501586542","3.7176180828526726","2.6927443751081737","0.106","",""
"comm_relay","1","10","auto","","20","20","3.6108241808752193","3.6686917501586542","3.7176180828526726","2.6927443751081737","0.106","",""
"comm_relay","1","11","auto","","20","20","3.6108241808752193","3.6686917501586542","3.7176180828526726","2.6927443751081737","0.095","",""
"comm_relay","1","12","auto","","20","20","3.6108241808752193","3.6686917501586542","3.7176180828526726","2.6927443751081737","0.089","",""
"comm_relay","1","13","auto","","20","20","3.6108241808752193","3.6686917501586542","3.6686917501586542","2.6927443751081737","0.076","",""
"comm_relay","1","14","auto","","20","20","3.6108241808752193","3.6686917501586542","3.7176180828526726","2.6927443751081737","0.094","",""
"comm_relay","1","15","auto","","20","20","3.6108241808752193","3.6686917501586542","3.7176180828526726","2.6927443751081737","0.096","",""
"comm_relay","1","16","auto","","20","20","3.6108241808752193","3.6686917501586542","3.7176180828526726","2.6927443751081737","0.098","",""
"comm_relay","1","17","auto","","20","20","3.6108241808752193","3.6686917501586542","3.7176180828526726","2.6927443751081737","0.097","",""
"comm_relay","1","18","auto","","20","20","3.6108241808752193","3.6686917501586542","3.7176180828526726","2.6927443751081737","0.099","",""
"comm_relay","1","19","auto","","20","20","3.6108241808752193","3.6686917501586542","3.7176180828526726","2.6927443751081737","0.104","",""
"comm_relay","1","20","auto","","20","20","3.6108241808752193","3.6686917501586542","3.6686917501586542","2.6927443751081737","0.103","",""
"comm_relay","2","1","auto","","20","20","3.9376180828526723","3.9595159310338737","3.9992418250750745","2.891033589341278","0.09","",""
"comm_relay","2","2","auto","","20","20","3.9595159310338737","3.9992418250750745","3.9992418250750745","2.918119426187551","0.105","",""
"comm_relay","2","3","auto","","20","20","3.9595159310338737","3.9799999999999995","3.9992418250750745","2.9050000000000002","0.096","",""
"comm_relay","2","4","auto","","20","20","3.9376180828526723","3.9595159310338737","3.9992418250750745","2.891033589341278","0.116","",""
"comm_relay","2","5","auto","","20","20","3.9376180828526723","3.9595159310338737","3.9992418250750745","2.891033589341278","0.095","",""
"comm_relay","2","6","auto","","20","20","3.9376180828526723","3.9799999999999995","3.9992418250750745","2.9050000000000002","0.094","",""
"comm_relay","2","7","auto","","20","20","3.9376180828526723","3.9595159310338737","3.9799999999999995","2.891033589341278","0.088","",""
"comm_relay","2","8","auto","","20","20","3.9376180828526723","3.9595159310338737","3.9992418250750745","2.891033589341278","0.093","",""
"comm_relay","2","9","auto","","20","20","3.9376180828526723","3.9799999999999995","3.9992418250750745","2.9050000000000002","0.094","",""
"comm_relay","2","10","auto","","20","20","3.9595159310338737","3.9799999999999995","3.9992418250750745","2.9050000000000002","0.104","",""
"comm_relay","2","11","auto","","20","20","3.9595159310338737","3.9799999999999995","3.9992418250750745","2.9050000000000002","0.098","",""
"comm_relay","2","12","auto","","20","20","3.9595159310338737","3.9799999999999995","3.9992418250750745","2.9050000000000002","0.097","",""
"comm_relay","2","13","auto","","20","20","3.9595159310338737","3.9799999999999995","3.9992418250750745","2.9050000000000002","0.089","",""
"comm_relay","2","14","auto","","20","20","3.9376180828526723","3.9799999999999995","3.9992418250750745","2.9050000000000002","0.115","",""
"comm_relay","2","15","auto","","20","20","3.9376180828526723","3.9595159310338737","3.9992418250750745","2.891033589341278","0.113","",""
"comm_relay","2","16","auto","","20","20","3.9595159310338737","3.9799999999999995","3.9992418250750745","2.9050000000000002","0.102","",""
"comm_relay","2","17","auto","","20","20","3.861074956100205","3.9799999999999995","3.9992418250750745","2.9050000000000002","0.114","",""
"comm_relay","2","18","auto","","20","20","3.9376180828526723","3.9799999999999995","3.9992418250750745","2.9050000000000002","0.099","",""
"comm_relay","2","19","auto","","20","20","3.9376180828526723","3.9799999999999995","3.9992418250750745","2.9050000000000002","0.102","",""
"comm_relay","2","20","auto","","20","20","3.9376180828526723","3.9799999999999995","3.9992418250750745","2.9050000000000002","0.101","",""
"comm_relay","3","1","auto","","40","40","3.9376180828526723","4.761074956100206","4.899241825075075","3.4439147427955943","0.139","",""
"comm_relay","3","2","auto","","40","40","3.9595159310338737","4.761074956100206","4.899241825075075","3.4439147427955943","0.141","",""
"comm_relay","3","3","auto","","40","40","3.9595159310338737","4.837618082852673","4.899241825075075","3.49610323830864","0.13","",""
"comm_relay","3","4","auto","","40","40","3.9595159310338737","4.761074956100206","4.899241825075075","3.4439147427955943","0.148","",""
"comm_relay","3","5","auto","","40","40","3.9595159310338737","4.837618082852673","4.899241825075075","3.49610323830864","0.133","",""
"comm_relay","3","6","auto","","40","40","3.9595159310338737","4.761074956100206","4.899241825075075","3.4439147427955943","0.131","",""
"comm_relay","3","7","auto","","40","40","3.9595159310338737","4.761074956100206","4.899241825075075","3.4439147427955943","0.15","",""
"comm_relay","3","8","auto","","40","40","3.9595159310338737","4.761074956100206","4.899241825075075","3.4439147427955943","0.126","",""
"comm_relay","3","9","auto","","40","40","3.9595159310338737","4.761074956100206","4.899241825075075","3.4439147427955943","0.121","",""
"comm_relay","3","10","auto","","40","40","3.9595159310338737","4.761074956100206","4.899241825075075","3.4439147427955943","0.142","",""
"comm_relay","3","11","auto","","40","40","3.9595159310338737","4.761074956100206","4.899241825075075","3.4439147427955943","0.126","",""
"comm_relay","3","12","auto","","40","40","3.9595159310338737","4.837618082852673","4.899241825075075","3.49610323830864","0.148","",""
"comm_relay","3","13","auto","","40","40","3.9595159310338737","4.837618082852673","4.899241825075075","3.49610323830864","0.148","",""
"comm_relay","3","14","auto","","40","40","3.9376180828526723","4.761074956100206","4.899241825075075","3.4439147427955943","0.159","",""
"comm_relay","3","15","auto","","40","40","3.9595159310338737","4.837618082852673","4.899241825075075","3.49610323830864","0.129","",""
"comm_relay","3","16","auto","","40","40","3.9376180828526723","4.761074956100206","4.899241825075075","3.4439147427955943","0.142","",""
"comm_relay","3","17","auto","","40","40","3.9595159310338737","4.761074956100206","4.899241825075075","3.4439147427955943","0.142","",""
"comm_relay","3","18","auto","","40","40","3.9595159310338737","4.761074956100206","4.899241825075075","3.4439147427955943","0.161","",""
"comm_relay","3","19","auto","","40","40","3.9595159310338737","4.761074956100206","4.88","3.4439147427955943","0.14","",""
"comm_relay","3","20","auto","","40","40","3.9595159310338737","4.837618082852673","4.899241825075075","3.49610323830864","0.167","",""
"comm_relay","4","1","auto","","40","40","3.9595159310338737","4.761074956100206","4.899241825075075","3.4439147427955943","0.144","",""
"comm_relay","4","2","auto","","40","40","3.9376180828526723","4.761074956100206","4.899241825075075","3.4439147427955943","0.144","",""
"comm_relay","4","3","auto","","40","40","3.9376180828526723","4.761074956100206","4.899241825075075","3.4439147427955943","0.141","",""
"comm_relay","4","4","auto","","40","40","3.9595159310338737","4.761074956100206","4.899241825075075","3.4439147427955943","0.136","",""
"comm_relay","4","5","auto","","40","40","3.9595159310338737","4.761074956100206","4.899241825075075","3.4439147427955943","0.142","",""
"comm_relay","4","6","auto","","40","40","3.9376180828526723","4.761074956100206","4.899241825075075","3.4439147427955943","0.152","",""
"comm_relay","4","7","auto","","40","40","3.9595159310338737","4.859515931033874","4.899241825075075","3.5110335893412774","0.137","",""
"comm_relay","4","8","auto","","40","40","3.9376180828526723","4.859515931033874","4.899241825075075","3.5110335893412774","0.139","",""
"comm_relay","4","9","auto","","40","40","3.9376180828526723","4.761074956100206","4.899241825075075","3.4439147427955943","0.145","",""
"comm_relay","4","10","auto","","40","40","3.9595159310338737","4.859515931033874","4.899241825075075","3.5110335893412774","0.136","",""
"comm_relay","4","11","auto","","40","40","3.9376180828526723","4.761074956100206","4.899241825075075","3.4439147427955943","0.132","",""
"comm_relay","4","12","auto","","40","40","3.9799999999999995","4.761074956100206","4.899241825075075","3.4439147427955943","0.129","",""
"comm_relay","4","13","auto","","40","40","3.9595159310338737","4.859515931033874","4.899241825075075","3.5110335893412774","0.133","",""
"comm_relay","4","14","auto","","40","40","3.9595159310338737","4.761074956100206","4.899241825075075","3.4439147427955943","0.147","",""
"comm_relay","4","15","auto","","40","40","3.9595159310338737","4.761074956100206","4.899241825075075","3.4439147427955943","0.133","",""
"comm_relay","4","16","auto","","40","40","3.9376180828526723","4.837618082852673","4.899241825075075","3.49610323830864","0.136","",""
"comm_relay","4","17","auto","","40","40","3.9595159310338737","4.761074956100206","4.899241825075075","3.4439147427955943","0.145","",""
"comm_relay","4","18","auto","","40","40","3.9595159310338737","4.859515931033874","4.899241825075075","3.5110335893412774","0.167","",""
"comm_relay","4","19","auto","","40","40","3.9376180828526723","4.761074956100206","4.899241825075075","3.4439147427955943","0.141","",""
"comm_relay","4","20","auto","","40","40","3.9595159310338737","4.761074956100206","4.899241825075075","3.4439147427955943","0.141","",""
"comm_relay","5","1","auto","","40","40","3.9376180828526723","4.761074956100206","4.899241825075075","3.4439147427955943","0.146","",""
"comm_relay","5","2","auto","","40","40","3.9376180828526723","4.837618082852673","4.899241825075075","3.49610323830864","0.141","",""
"comm_relay","5","3","auto","","40","40","3.9595159310338737","4.761074956100206","4.899241825075075","3.4439147427955943","0.15","",""
"comm_relay","5","4","auto","","40","40","3.9595159310338737","4.761074956100206","4.899241825075075","3.4439147427955943","0.167","",""
"comm_relay","5","5","auto","","40","40","3.9595159310338737","4.837618082852673","4.88","3.49610323830864","0.139","",""
"comm_relay","5","6","auto","","40","40","3.9595159310338737","4.837618082852673","4.899241825075075","3.49610323830864","0.131","",""
"comm_relay","5","7","auto","","40","40","3.9595159310338737","4.837618082852673","4.899241825075075","3.49610323830864","0.143","",""
"comm_relay","5","8","auto","","40","40","3.9595159310338737","4.761074956100206","4.899241825075075","3.4439147427955943","0.14","",""
"comm_relay","5","9","auto","","40","40","3.9595159310338737","4.761074956100206","4.899241825075075","3.4439147427955943","0.122","",""
"comm_relay","5","10","auto","","40","40","3.9595159310338737","4.837618082852673","4.899241825075075","3.49610323830864","0.126","",""
"comm_relay","5","11","auto","","40","40","3.9595159310338737","4.837618082852673","4.899241825075075","3.49610323830864","0.145","",""
"comm_relay","5","12","auto","","40","40","3.9595159310338737","4.837618082852673","4.899241825075075","3.49610323830864","0.148","",""
"comm_relay","5","13","auto","","40","40","3.9595159310338737","4.761074956100206","4.899241825075075","3.4439147427955943","0.144","",""
"comm_relay","5","14","auto","","40","40","3.9376180828526723","4.761074956100206","4.899241825075075","3.4439147427955943","0.149","",""
"comm_relay","5","15","auto","","40","40","3.9595159310338737","4.761074956100206","4.88","3.4439147427955943","0.121","",""
"comm_relay","5","16","auto","","40","40","3.9595159310338737","4.837618082852673","4.899241825075075","3.49610323830864","0.122","",""
"comm_relay","5","17","auto","","40","40","3.9376180828526723","4.761074956100206","4.899241825075075","3.4439147427955943","0.141","",""
"comm_relay","5","18","auto","","40","40","3.9595159310338737","4.761074956100206","4.899241825075075","3.4439147427955943","0.136","",""
"comm_relay","5","19","auto","","40","40","3.9595159310338737","4.837618082852673","4.899241825075075","3.49610323830864","0.15","",""
"comm_relay","5","20","auto","","40","40","3.9595159310338737","4.837618082852673","4.899241825075075","3.49610323830864","0.133","",""
"comm_relay","6","1","auto","","40","40","3.9595159310338737","4.837618082852673","4.899241825075075","3.49610323830864","0.149","",""
"comm_relay","6","2","auto","","40","40","3.9595159310338737","4.761074956100206","4.899241825075075","3.4439147427955943","0.139","",""
"comm_relay","6","3","auto","","40","40","3.9595159310338737","4.761074956100206","4.899241825075075","3.4439147427955943","0.138","",""
"comm_relay","6","4","auto","","40","40","3.9595159310338737","4.761074956100206","4.899241825075075","3.4439147427955943","0.149","",""
"comm_relay","6","5","auto","","40","40","3.9595159310338737","4.761074956100206","4.899241825075075","3.4439147427955943","0.145","",""
"comm_relay","6","6","auto","","40","40","3.9595159310338737","4.761074956100206","4.899241825075075","3.4439147427955943","0.129","",""
"comm_relay","6","7","auto","","40","40","3.9376180828526723","4.761074956100206","4.899241825075075","3.4439147427955943","0.123","",""
"comm_relay","6","8","auto","","40","40","3.9595159310338737","4.761074956100206","4.899241825075075","3.4439147427955943","0.128","",""
"comm_relay","6","9","auto","","40","40","3.9595159310338737","4.837618082852673","4.899241825075075","3.49610323830864","0.145","",""
"comm_relay","6","10","auto","","40","40","3.9595159310338737","4.761074956100206","4.899241825075075","3.4439147427955943","0.152","",""
"comm_relay","6","11","auto","","40","40","3.9595159310338737","4.761074956100206","4.899241825075075","3.4439147427955943","0.134","",""
"comm_relay","6","12","auto","","40","40","3.9595159310338737","4.761074956100206","4.899241825075075","3.4439147427955943","0.128","",""
"comm_relay","6","13","auto","","40","40","3.9595159310338737","4.761074956100206","4.899241825075075","3.4439147427955943","0.144","",""
"comm_relay","6","14","auto","","40","40","3.9595159310338737","4.837618082852673","4.899241825075075","3.49610323830864","0.14","",""
"comm_relay","6","15","auto","","40","40","3.9595159310338737","4.837618082852673","4.899241825075075","3.49610323830864","0.128","",""
"comm_relay","6","16","auto","","40","40","3.9595159310338737","4.761074956100206","4.899241825075075","3.4439147427955943","0.15","",""
"comm_relay","6","17","auto","","40","40","3.9595159310338737","4.761074956100206","4.899241825075075","3.4439147427955943","0.136","",""
"comm_relay","6","18","auto","","40","40","3.9595159310338737","4.837618082852673","4.899241825075075","3.49610323830864","0.139","",""
"comm_relay","6","19","auto","","40","40","3.9595159310338737","4.837618082852673","4.899241825075075","3.49610323830864","0.143","",""
"comm_relay","6","20","auto","","40","40","3.9595159310338737","4.761074956100206","4.899241825075075","3.4439147427955943","0.145","",""
"hull_plating","1","1","auto","","10","10","4.023691750158655","4.023691750158655","4.023691750158655","3.14841104177484","1.411","",""
"hull_plating","1","2","auto","","10","10","4.023691750158655","4.023691750158655","4.132618082852673","3.14841104177484","0.461","",""
"hull_plating","1","3","auto","","10","10","4.023691750158655","4.023691750158655","4.132618082852673","3.14841104177484","0.305","",""
"hull_plating","1","4","auto","","10","10","3.90582418087522","4.023691750158655","4.023691750158655","3.14841104177484","0.362","",""
"hull_plating","1","5","auto","","10","10","4.023691750158655","4.023691750158655","4.023691750158655","3.14841104177484","0.387","",""
"hull_plating","1","6","auto","","10","10","4.023691750158655","4.023691750158655","4.023691750158655","3.14841104177484","0.269","",""
"hull_plating","1","7","auto","","10","10","3.90582418087522","4.023691750158655","4.023691750158655","3.14841104177484","0.282","",""
"hull_plating","1","8","auto","","10","10","4.023691750158655","4.023691750158655","4.023691750158655","3.14841104177484","0.365","",""
"hull_plating","1","9","auto","","10","10","4.023691750158655","4.023691750158655","4.023691750158655","3.14841104177484","0.26","",""
"hull_plating","1","10","auto","","10","10","4.023691750158655","4.023691750158655","4.023691750158655","3.14841104177484","0.267","",""
"hull_plating","1","11","auto","","10","10","4.023691750158655","4.023691750158655","4.132618082852673","3.14841104177484","0.305","",""
"hull_plating","1","12","auto","","10","10","4.023691750158655","4.023691750158655","4.132618082852673","3.14841104177484","0.327","",""
"hull_plating","1","13","auto","","10","10","3.90582418087522","4.023691750158655","4.023691750158655","3.14841104177484","0.299","",""
"hull_plating","1","14","auto","","10","10","4.023691750158655","4.023691750158655","4.023691750158655","3.14841104177484","0.293","",""
"hull_plating","1","15","auto","","10","10","4.023691750158655","4.023691750158655","4.023691750158655","3.14841104177484","0.285","",""
"hull_plating","1","16","auto","","10","10","4.023691750158655","4.023691750158655","4.023691750158655","3.14841104177484","0.257","",""
"hull_plating","1","17","auto","","10","10","3.90582418087522","4.023691750158655","4.023691750158655","3.14841104177484","0.36","",""
"hull_plating","1","18","auto","","10","10","3.90582418087522","4.023691750158655","4.023691750158655","3.14841104177484","0.289","",""
"hull_plating","1","19","auto","","10","10","4.023691750158655","4.023691750158655","4.023691750158655","3.14841104177484","0.453","",""
"hull_plating","1","20","auto","","10","10","4.023691750158655","4.023691750158655","4.023691750158655","3.14841104177484","0.259","",""
"hull_plating","2","1","auto","","10","10","4.023691750158655","4.132618082852673","4.132618082852673","3.2231032383086404","0.357","",""
"hull_plating","2","2","auto","","10","10","4.023691750158655","4.132618082852673","4.132618082852673","3.2231032383086404","0.417","",""
"hull_plating","2","3","auto","","10","10","4.023691750158655","4.132618082852673","4.132618082852673","3.2231032383086404","0.398","",""
"hull_plating","2","4","auto","","10","10","4.023691750158655","4.132618082852673","4.132618082852673","3.2231032383086404","0.381","",""
"hull_plating","2","5","auto","","10","10","4.132618082852673","4.132618082852673","4.132618082852673","3.2231032383086404","0.38","",""
"hull_plating","2","6","auto","","10","10","4.023691750158655","4.132618082852673","4.132618082852673","3.2231032383086404","0.422","",""
"hull_plating","2","7","auto","","10","10","4.023691750158655","4.132618082852673","4.235","3.2231032383086404","0.416","",""
"hull_plating","2","8","auto","","10","10","4.023691750158655","4.132618082852673","4.132618082852673","3.2231032383086404","0.394","",""
"hull_plating","2","9","auto","","10","10","4.023691750158655","4.132618082852673","4.132618082852673","3.2231032383086404","0.356","",""
"hull_plating","2","10","auto","","10","10","4.023691750158655","4.132618082852673","4.132618082852673","3.2231032383086404","0.612","",""
"hull_plating","2","11","auto","","10","10","4.132618082852673","4.132618082852673","4.132618082852673","3.2231032383086404","0.543","",""
"hull_plating","2","12","auto","","10","10","4.023691750158655","4.132618082852673","4.132618082852673","3.2231032383086404","0.545","",""
"hull_plating","2","13","auto","","10","10","4.023691750158655","4.132618082852673","4.132618082852673","3.2231032383086404","0.419","",""
"hull_plating","2","14","auto","","10","10","4.023691750158655","4.132618082852673","4.132618082852673","3.2231032383086404","0.406","",""
"hull_plating","2","15","auto","","10","10","4.023691750158655","4.132618082852673","4.132618082852673","3.2231032383086404","0.582","",""
"hull_plating","2","16","auto","","10","10","4.023691750158655","4.132618082852673","4.132618082852673","3.2231032383086404","0.519","",""
"hull_plating","2","17","auto","","10","10","4.023691750158655","4.132618082852673","4.132618082852673","3.2231032383086404","0.512","",""
"hull_plating","2","18","auto","","10","10","4.023691750158655","4.023691750158655","4.132618082852673","3.14841104177484","0.281","",""
"hull_plating","2","19","auto","","10","10","4.023691750158655","4.132618082852673","4.132618082852673","3.2231032383086404","0.346","",""
"hull_plating","2","20","auto","","10","10","4.023691750158655","4.132618082852673","4.132618082852673","3.2231032383086404","0.438","",""
"hull_plating","3","1","auto","","10","10","4.235","4.3323835003173095","4.3323835003173095","3.3601554168830132","0.547","",""
"hull_plating","3","2","auto","","10","10","4.235","4.3323835003173095","4.425824180875219","3.3601554168830132","3.309","",""
"hull_plating","3","3","auto","","10","10","4.235","4.235","4.3323835003173095","3.293333333333333","0.731","",""
"hull_plating","3","4","auto","","10","10","4.235","4.3323835003173095","4.425824180875219","3.3601554168830132","1.228","",""
"hull_plating","3","5","auto","","10","10","4.235","4.235","4.3323835003173095","3.293333333333333","1.33","",""
"hull_plating","3","6","auto","","10","10","4.235","4.3323835003173095","4.425824180875219","3.3601554168830132","0.911","",""
"hull_plating","3","7","auto","","10","10","4.235","4.3323835003173095","4.3323835003173095","3.3601554168830132","1.039","",""
"hull_plating","3","8","auto","","10","10","4.235","4.3323835003173095","4.3323835003173095","3.3601554168830132","0.771","",""
"hull_plating","3","9","auto","","10","10","4.235","4.235","4.3323835003173095","3.293333333333333","0.643","",""
"hull_plating","3","10","auto","","10","10","4.235","4.3323835003173095","4.3323835003173095","3.3601554168830132","0.752","",""
"hull_plating","3","11","auto","","10","10","4.3323835003173095","4.3323835003173095","4.425824180875219","3.3601554168830132","0.797","",""
"hull_plating","3","12","auto","","10","10","4.235","4.235","4.3323835003173095","3.293333333333333","2.262","",""
"hull_plating","3","13","auto","","10","10","4.235","4.235","4.3323835003173095","3.293333333333333","0.874","",""
"hull_plating","3","14","auto","","10","10","4.235","4.235","4.3323835003173095","3.293333333333333","0.84","",""
"hull_plating","3","15","auto","","10","10","4.235","4.3323835003173095","4.425824180875219","3.3601554168830132","0.632","",""
"hull_plating","3","16","auto","","10","10","4.235","4.3323835003173095","4.3323835003173095","3.3601554168830132","0.907","",""
"hull_plating","3","17","auto","","10","10","4.235","4.3323835003173095","4.3323835003173095","3.3601554168830132","1.881","",""
"hull_plating","3","18","auto","","10","10","4.235","4.3323835003173095","4.425824180875219","3.3601554168830132","0.72","",""
"hull_plating","3","19","auto","","10","10","4.235","4.3323835003173095","4.3323835003173095","3.3601554168830132","0.939","",""
"hull_plating","3","20","auto","","10","10","4.235","4.3323835003173095","4.3323835003173095","3.3601554168830132","2.461","",""
"hull_plating","4","1","auto","","10","10","4.235","4.3323835003173095","4.3323835003173095","3.3601554168830132","2.813","",""
"hull_plating","4","2","auto","","10","10","4.235","4.235","4.3323835003173095","3.293333333333333","0.752","",""
"hull_plating","4","3","auto","","10","10","4.235","4.3323835003173095","4.425824180875219","3.3601554168830132","1.62","",""
"hull_plating","4","4","auto","","10","10","4.235","4.3323835003173095","4.3323835003173095","3.3601554168830132","1.017","",""
"hull_plating","4","5","auto","","10","10","4.235","4.3323835003173095","4.3323835003173095","3.3601554168830132","1.044","",""
"hull_plating","4","6","auto","","10","10","4.235","4.235","4.3323835003173095","3.293333333333333","1.052","",""
"hull_plating","4","7","auto","","10","10","4.3323835003173095","4.3323835003173095","4.425824180875219","3.3601554168830132","0.861","",""
"hull_plating","4","8","auto","","10","10","4.235","4.3323835003173095","4.3323835003173095","3.3601554168830132","0.701","",""
"hull_plating","4","9","auto","","10","10","4.3323835003173095","4.3323835003173095","4.425824180875219","3.3601554168830132","1.674","",""
"hull_plating","4","10","auto","","10","10","4.235","4.3323835003173095","4.425824180875219","3.3601554168830132","8.462","",""
"hull_plating","4","11","auto","","10","10","4.235","4.3323835003173095","4.425824180875219","3.3601554168830132","1.274","",""
"hull_plating","4","12","auto","","10","10","4.235","4.3323835003173095","4.3323835003173095","3.3601554168830132","1.129","",""
"hull_plating","4","13","auto","","10","10","4.235","4.3323835003173095","4.3323835003173095","3.3601554168830132","0.806","",""
"hull_plating","4","14","auto","","10","10","4.235","4.3323835003173095","4.3323835003173095","3.3601554168830132","0.544","",""
"hull_plating","4","15","auto","","10","10","4.235","4.235","4.425824180875219","3.293333333333333","1.469","",""
"hull_plating","4","16","auto","","10","10","4.235","4.3323835003173095","4.425824180875219","3.3601554168830132","1.087","",""
"hull_plating","4","17","auto","","10","10","4.235","4.235","4.425824180875219","3.293333333333333","0.894","",""
"hull_plating","4","18","auto","","10","10","4.235","4.3323835003173095","4.3323835003173095","3.3601554168830132","0.571","",""
"hull_plating","4","19","auto","","10","10","4.235","4.3323835003173095","4.3323835003173095","3.3601554168830132","0.903","",""
"hull_plating","4","20","auto","","10","10","4.235","4.3323835003173095","4.425824180875219","3.3601554168830132","1.615","",""
"hull_plating","5","1","auto","","10","10","4.235","4.3323835003173095","4.3323835003173095","3.3601554168830132","0.667","",""
"hull_plating","5","2","auto","","10","10","4.235","4.3323835003173095","4.3323835003173095","3.3601554168830132","0.793","",""
"hull_plating","5","3","auto","","10","10","4.235","4.3323835003173095","4.425824180875219","3.3601554168830132","1.447","",""
"hull_plating","5","4","auto","","10","10","4.235","4.3323835003173095","4.425824180875219","3.3601554168830132","0.893","",""
"hull_plating","5","5","auto","","10","10","4.235","4.3323835003173095","4.3323835003173095","3.3601554168830132","0.588","",""
"hull_plating","5","6","auto","","10","10","4.235","4.3323835003173095","4.3323835003173095","3.3601554168830132","0.661","",""
"hull_plating","5","7","auto","","10","10","4.235","4.3323835003173095","4.425824180875219","3.3601554168830132","0.69","",""
"hull_plating","5","8","auto","","10","10","4.235","4.3323835003173095","4.3323835003173095","3.3601554168830132","0.572","",""
"hull_plating","5","9","auto","","10","10","4.235","4.3323835003173095","4.3323835003173095","3.3601554168830132","0.762","",""
"hull_plating","5","10","auto","","10","10","4.235","4.3323835003173095","4.425824180875219","3.3601554168830132","0.816","",""
"hull_plating","5","11","auto","","10","10","4.235","4.3323835003173095","4.425824180875219","3.3601554168830132","1.694","",""
"hull_plating","5","12","auto","","10","10","4.3323835003173095","4.3323835003173095","4.425824180875219","3.3601554168830132","1.031","",""
"hull_plating","5","13","auto","","10","10","4.235","4.3323835003173095","4.3323835003173095","3.3601554168830132","2.072","",""
"hull_plating","5","14","auto","","10","10","4.235","4.3323835003173095","4.425824180875219","3.3601554168830132","0.569","",""
"hull_plating","5","15","auto","","10","10","4.235","4.3323835003173095","4.3323835003173095","3.3601554168830132","0.451","",""
"hull_plating","5","16","auto","","10","10","4.235","4.3323835003173095","4.3323835003173095","3.3601554168830132","0.766","",""
"hull_plating","5","17","auto","","10","10","4.235","4.3323835003173095","4.516074956100205","3.3601554168830132","10.206","",""
"hull_plating","5","18","auto","","10","10","4.235","4.3323835003173095","4.425824180875219","3.3601554168830132","0.651","",""
"hull_plating","5","19","auto","","10","10","4.235","4.3323835003173095","4.3323835003173095","3.3601554168830132","3.198","",""
"hull_plating","5","20","auto","","10","10","4.235","4.235","4.3323835003173095","3.293333333333333","0.646","",""
"hull_plating","6","1","auto","","10","10","4.3323835003173095","4.3323835003173095","4.425824180875219","3.3601554168830132","0.667","",""
"hull_plating","6","2","auto","","10","10","4.235","4.235","4.3323835003173095","3.293333333333333","1.294","",""
"hull_plating","6","3","auto","","10","10","4.235","4.3323835003173095","4.3323835003173095","3.3601554168830132","0.615","",""
"hull_plating","6","4","auto","","10","10","4.235","4.3323835003173095","4.3323835003173095","3.3601554168830132","0.548","",""
"hull_plating","6","5","auto","","10","10","4.235","4.3323835003173095","4.425824180875219","3.3601554168830132","1.571","",""
"hull_plating","6","6","auto","","10","10","4.235","4.3323835003173095","4.3323835003173095","3.3601554168830132","1.44","",""
"hull_plating","6","7","auto","","10","10","4.235","4.235","4.3323835003173095","3.293333333333333","1.677","",""
"hull_plating","6","8","auto","","10","10","4.235","4.3323835003173095","4.3323835003173095","3.3601554168830132","0.84","",""
"hull_plating","6","9","auto","","10","10","4.235","4.235","4.3323835003173095","3.293333333333333","0.745","",""
"hull_plating","6","10","auto","","10","10","4.235","4.235","4.3323835003173095","3.293333333333333","0.993","",""
"hull_plating","6","11","auto","","10","10","4.235","4.235","4.3323835003173095","3.293333333333333","0.709","",""
"hull_plating","6","12","auto","","10","10","4.235","4.3323835003173095","4.3323835003173095","3.3601554168830132","0.609","",""
"hull_plating","6","13","auto","","10","10","4.235","4.3323835003173095","4.3323835003173095","3.3601554168830132","2.564","",""
"hull_plating","6","14","auto","","10","10","4.235","4.3323835003173095","4.3323835003173095","3.3601554168830132","0.955","",""
"hull_plating","6","15","auto","","10","10","4.235","4.3323835003173095","4.3323835003173095","3.3601554168830132","0.787","",""
"hull_plating","6","16","auto","","10","10","4.3323835003173095","4.3323835003173095","4.425824180875219","3.3601554168830132","0.806","",""
"hull_plating","6","17","auto","","10","10","4.235","4.3323835003173095","4.3323835003173095","3.3601554168830132","0.963","",""
"hull_plating","6","18","auto","","10","10","4.235","4.3323835003173095","4.3323835003173095","3.3601554168830132","2.141","",""
"hull_plating","6","19","auto","","10","10","4.235","4.3323835003173095","4.3323835003173095","3.3601554168830132","0.651","",""
"hull_plating","6","20","auto","","10","10","4.235","4.3323835003173095","4.425824180875219","3.3601554168830132","0.706","",""
"vault_cracker","1","1","auto","","10","10","5.45","5.45","5.45","3.7229999999999994","0.206","",""
"vault_cracker","1","2","auto","","10","10","5.45","5.45","5.45","3.7229999999999994","0.275","",""
"vault_cracker","1","3","auto","","10","10","5.45","5.45","5.45","3.7229999999999994","0.202","",""
"vault_cracker","1","4","auto","","10","10","5.45","5.45","5.45","3.7229999999999994","0.205","",""
"vault_cracker","1","5","auto","","10","10","5.45","5.45","5.45","3.7229999999999994","0.248","",""
"vault_cracker","1","6","auto","","10","10","5.45","5.45","5.45","3.7229999999999994","0.263","",""
"vault_cracker","1","7","auto","","10","10","5.45","5.45","5.45","3.7229999999999994","0.221","",""
"vault_cracker","1","8","auto","","10","10","5.45","5.45","5.45","3.7229999999999994","0.282","",""
"vault_cracker","1","9","auto","","10","10","5.45","5.45","5.45","3.7229999999999994","0.247","",""
"vault_cracker","1","10","auto","","10","10","5.45","5.45","5.45","3.7229999999999994","0.211","",""
"vault_cracker","1","11","auto","","10","10","5.45","5.45","5.45","3.7229999999999994","0.215","",""
"vault_cracker","1","12","auto","","10","10","5.45","5.45","5.45","3.7229999999999994","0.308","",""
"vault_cracker","1","13","auto","","10","10","5.45","5.45","5.45","3.7229999999999994","0.231","",""
"vault_cracker","1","14","auto","","10","10","5.45","5.45","5.45","3.7229999999999994","0.243","",""
"vault_cracker","1","15","auto","","10","10","5.45","5.45","5.45","3.7229999999999994","0.208","",""
"vault_cracker","1","16","auto","","10","10","5.45","5.45","5.45","3.7229999999999994","0.211","",""
"vault_cracker","1","17","auto","","10","10","5.45","5.45","5.45","3.7229999999999994","0.285","",""
"vault_cracker","1","18","auto","","10","10","5.45","5.45","5.45","3.7229999999999994","0.209","",""
"vault_cracker","1","19","auto","","10","10","5.45","5.45","5.45","3.7229999999999994","0.242","",""
"vault_cracker","1","20","auto","","10","10","5.45","5.45","5.45","3.7229999999999994","0.182","",""
"vault_cracker","2","1","auto","","10","10","5.45","5.45","5.45","3.7229999999999994","0.279","",""
"vault_cracker","2","2","auto","","10","10","5.45","5.45","5.45","3.7229999999999994","0.249","",""
"vault_cracker","2","3","auto","","10","10","5.45","5.45","5.45","3.7229999999999994","0.229","",""
"vault_cracker","2","4","auto","","10","10","5.45","5.45","5.45","3.7229999999999994","0.243","",""
"vault_cracker","2","5","auto","","10","10","5.45","5.45","5.45","3.7229999999999994","0.278","",""
"vault_cracker","2","6","auto","","10","10","5.45","5.45","5.45","3.7229999999999994","0.378","",""
"vault_cracker","2","7","auto","","10","10","5.45","5.45","5.45","3.7229999999999994","0.236","",""
"vault_cracker","2","8","auto","","10","10","5.45","5.45","5.45","3.7229999999999994","0.239","",""
"vault_cracker","2","9","auto","","10","10","5.45","5.45","5.45","3.7229999999999994","0.249","",""
"vault_cracker","2","10","auto","","10","10","5.45","5.45","5.45","3.7229999999999994","0.222","",""
"vault_cracker","2","11","auto","","10","10","5.45","5.45","5.45","3.7229999999999994","0.333","",""
"vault_cracker","2","12","auto","","10","10","5.45","5.45","5.45","3.7229999999999994","0.398","",""
"vault_cracker","2","13","auto","","10","10","5.45","5.45","5.45","3.7229999999999994","0.327","",""
"vault_cracker","2","14","auto","","10","10","5.45","5.45","5.45","3.7229999999999994","0.307","",""
"vault_cracker","2","15","auto","","10","10","5.45","5.45","5.45","3.7229999999999994","0.505","",""
"vault_cracker","2","16","auto","","10","10","5.45","5.45","5.45","3.7229999999999994","0.245","",""
"vault_cracker","2","17","auto","","10","10","5.45","5.45","5.45","3.7229999999999994","0.316","",""
"vault_cracker","2","18","auto","","10","10","5.45","5.45","5.45","3.7229999999999994","0.197","",""
"vault_cracker","2","19","auto","","10","10","5.45","5.45","5.45","3.7229999999999994","0.291","",""
"vault_cracker","2","20","auto","","10","10","5.45","5.45","5.45","3.7229999999999994","0.369","",""
"vault_cracker","3","1","auto","","10","10","5.45","5.45","5.45","3.7229999999999994","0.239","",""
"vault_cracker","3","2","auto","","10","10","5.45","5.45","5.45","3.7229999999999994","0.296","",""
"vault_cracker","3","3","auto","","10","10","5.45","5.45","5.45","3.7229999999999994","0.215","",""
"vault_cracker","3","4","auto","","10","10","5.70082418087522","5.70082418087522","5.70082418087522","3.8952892142331046","1.139","",""
"vault_cracker","3","5","auto","","10","10","5.70082418087522","5.70082418087522","5.70082418087522","3.8952892142331046","2.841","",""
"vault_cracker","3","6","auto","","10","10","5.70082418087522","5.70082418087522","5.70082418087522","3.8952892142331046","2.767","",""
"vault_cracker","3","7","auto","","10","10","5.70082418087522","5.70082418087522","5.70082418087522","3.8952892142331046","2.566","",""
"vault_cracker","3","8","auto","","10","10","5.70082418087522","5.70082418087522","5.70082418087522","3.8952892142331046","1.197","",""
"vault_cracker","3","9","auto","","10","10","5.70082418087522","5.70082418087522","5.70082418087522","3.8952892142331046","2.026","",""
"vault_cracker","3","10","auto","","10","10","5.70082418087522","5.70082418087522","5.70082418087522","3.8952892142331046","1.075","",""
"vault_cracker","3","11","auto","","10","10","5.70082418087522","5.70082418087522","5.70082418087522","3.8952892142331046","2.7","",""
"vault_cracker","3","12","auto","","10","10","5.70082418087522","5.70082418087522","5.70082418087522","3.8952892142331046","1.598","",""
"vault_cracker","3","13","auto","","10","10","5.70082418087522","5.70082418087522","5.70082418087522","3.8952892142331046","0.776","",""
"vault_cracker","3","14","auto","","10","10","5.70082418087522","5.70082418087522","5.70082418087522","3.8952892142331046","1.218","",""
"vault_cracker","3","15","auto","","10","10","5.70082418087522","5.70082418087522","5.70082418087522","3.8952892142331046","0.899","",""
"vault_cracker","3","16","auto","","10","10","5.70082418087522","5.70082418087522","5.70082418087522","3.8952892142331046","1.256","",""
"vault_cracker","3","17","auto","","10","10","5.70082418087522","5.70082418087522","5.70082418087522","3.8952892142331046","1.814","",""
"vault_cracker","3","18","auto","","10","10","5.70082418087522","5.70082418087522","5.70082418087522","3.8952892142331046","2.421","",""
"vault_cracker","3","19","auto","","10","10","5.70082418087522","5.70082418087522","5.70082418087522","3.8952892142331046","2.363","",""
"vault_cracker","3","20","auto","","10","10","5.70082418087522","5.70082418087522","5.70082418087522","3.8952892142331046","5.406","",""
"vault_cracker","4","1","auto","","10","10","5.70082418087522","5.70082418087522","5.70082418087522","3.8952892142331046","4.498","",""
"vault_cracker","4","2","auto","","10","10","5.70082418087522","5.70082418087522","5.70082418087522","3.8952892142331046","6.364","",""
"vault_cracker","4","3","auto","","10","10","5.70082418087522","5.70082418087522","5.70082418087522","3.8952892142331046","1.476","",""
"vault_cracker","4","4","auto","","10","10","5.70082418087522","5.70082418087522","5.70082418087522","3.8952892142331046","1.474","",""
"vault_cracker","4","5","auto","","10","10","5.70082418087522","5.70082418087522","5.70082418087522","3.8952892142331046","6.171","",""
"vault_cracker","4","6","auto","","10","10","5.70082418087522","5.70082418087522","5.70082418087522","3.8952892142331046","27.111","",""
"vault_cracker","4","7","auto","","10","10","5.70082418087522","5.70082418087522","5.70082418087522","3.8952892142331046","23.445","",""
"vault_cracker","4","8","auto","","10","10","5.70082418087522","5.70082418087522","5.70082418087522","3.8952892142331046","4.703","",""
"vault_cracker","4","9","auto","","10","10","5.70082418087522","5.70082418087522","5.70082418087522","3.8952892142331046","5.477","",""
"vault_cracker","4","10","auto","","10","10","5.70082418087522","5.70082418087522","5.70082418087522","3.8952892142331046","6.777","",""
"vault_cracker","4","11","auto","","10","10","5.70082418087522","5.70082418087522","5.70082418087522","3.8952892142331046","9.21","",""
"vault_cracker","4","12","auto","","10","10","5.70082418087522","5.70082418087522","5.70082418087522","3.8952892142331046","7.171","",""
"vault_cracker","4","13","auto","","10","10","5.70082418087522","5.70082418087522","5.70082418087522","3.8952892142331046","4.329","",""
"vault_cracker","4","14","auto","","10","10","5.70082418087522","5.70082418087522","5.70082418087522","3.8952892142331046","7.798","",""
"vault_cracker","4","15","auto","","10","10","5.70082418087522","5.70082418087522","5.70082418087522","3.8952892142331046","9.548","",""
"vault_cracker","4","16","auto","","10","10","5.70082418087522","5.70082418087522","5.70082418087522","3.8952892142331046","3.718","",""
"vault_cracker","4","17","auto","","10","10","5.70082418087522","5.70082418087522","5.70082418087522","3.8952892142331046","4.202","",""
"vault_cracker","4","18","auto","","10","10","5.70082418087522","5.70082418087522","5.70082418087522","3.8952892142331046","2.753","",""
"vault_cracker","4","19","auto","","10","10","5.70082418087522","5.70082418087522","5.70082418087522","3.8952892142331046","8.558","",""
"vault_cracker","4","20","auto","","10","10","5.70082418087522","5.70082418087522","5.70082418087522","3.8952892142331046","5.221","",""
"vault_cracker","5","1","auto","","10","10","5.70082418087522","5.70082418087522","5.70082418087522","3.8952892142331046","4.414","",""
"vault_cracker","5","2","auto","","10","10","5.70082418087522","5.70082418087522","5.70082418087522","3.8952892142331046","7.886","",""
"vault_cracker","5","3","auto","","10","10","5.70082418087522","5.70082418087522","5.70082418087522","3.8952892142331046","5.621","",""
"vault_cracker","5","4","auto","","10","10","5.70082418087522","5.70082418087522","5.70082418087522","3.8952892142331046","1.141","",""
"vault_cracker","5","5","auto","","10","10","5.70082418087522","5.70082418087522","5.70082418087522","3.8952892142331046","5.916","",""
"vault_cracker","5","6","auto","","10","10","5.70082418087522","5.70082418087522","5.70082418087522","3.8952892142331046","13.194","",""
"vault_cracker","5","7","auto","","10","10","5.70082418087522","5.70082418087522","5.70082418087522","3.8952892142331046","4.621","",""
"vault_cracker","5","8","auto","","10","10","5.70082418087522","5.70082418087522","5.70082418087522","3.8952892142331046","5.369","",""
"vault_cracker","5","9","auto","","10","10","5.70082418087522","5.70082418087522","5.70082418087522","3.8952892142331046","6.503","",""
"vault_cracker","5","10","auto","","10","10","5.70082418087522","5.70082418087522","5.70082418087522","3.8952892142331046","17.861","",""
"vault_cracker","5","11","auto","","10","10","5.70082418087522","5.70082418087522","5.70082418087522","3.8952892142331046","8.363","",""
"vault_cracker","5","12","auto","","10","10","5.70082418087522","5.70082418087522","5.70082418087522","3.8952892142331046","1.383","",""
"vault_cracker","5","13","auto","","10","10","5.70082418087522","5.70082418087522","5.70082418087522","3.8952892142331046","6.021","",""
"vault_cracker","5","14","auto","","10","10","5.70082418087522","5.70082418087522","5.70082418087522","3.8952892142331046","3.851","",""
"vault_cracker","5","15","auto","","10","10","5.70082418087522","5.70082418087522","5.70082418087522","3.8952892142331046","2.205","",""
"vault_cracker","5","16","auto","","10","10","5.70082418087522","5.70082418087522","5.70082418087522","3.8952892142331046","10.87","",""
"vault_cracker","5","17","auto","","10","10","5.70082418087522","5.70082418087522","5.70082418087522","3.8952892142331046","5.211","",""
"vault_cracker","5","18","auto","","10","10","5.70082418087522","5.70082418087522","5.70082418087522","3.8952892142331046","6.857","",""
"vault_cracker","5","19","auto","","10","10","5.70082418087522","5.70082418087522","5.70082418087522","3.8952892142331046","15.193","",""
"vault_cracker","5","20","auto","","10","10","5.70082418087522","5.70082418087522","5.70082418087522","3.8952892142331046","3.514","",""
"vault_cracker","6","1","auto","","10","10","5.70082418087522","5.70082418087522","5.70082418087522","3.8952892142331046","1.186","",""
"vault_cracker","6","2","auto","","10","10","5.70082418087522","5.70082418087522","5.70082418087522","3.8952892142331046","1.271","",""
"vault_cracker","6","3","auto","","10","10","5.70082418087522","5.70082418087522","5.70082418087522","3.8952892142331046","1.176","",""
"vault_cracker","6","4","auto","","10","10","5.70082418087522","5.70082418087522","5.70082418087522","3.8952892142331046","1.528","",""
"vault_cracker","6","5","auto","","10","10","5.70082418087522","5.70082418087522","5.70082418087522","3.8952892142331046","1.868","",""
"vault_cracker","6","6","auto","","10","10","5.70082418087522","5.70082418087522","5.70082418087522","3.8952892142331046","2.289","",""
"vault_cracker","6","7","auto","","10","10","5.70082418087522","5.70082418087522","5.70082418087522","3.8952892142331046","2.426","",""
"vault_cracker","6","8","auto","","10","10","5.70082418087522","5.70082418087522","5.70082418087522","3.8952892142331046","3.053","",""
"vault_cracker","6","9","auto","","10","10","5.70082418087522","5.70082418087522","5.70082418087522","3.8952892142331046","1.719","",""
"vault_cracker","6","10","auto","","10","10","5.70082418087522","5.70082418087522","5.70082418087522","3.8952892142331046","8.062","",""
"vault_cracker","6","11","auto","","10","10","5.70082418087522","5.70082418087522","5.70082418087522","3.8952892142331046","10.345","",""
"vault_cracker","6","12","auto","","10","10","5.70082418087522","5.70082418087522","5.70082418087522","3.8952892142331046","13.169","",""
"vault_cracker","6","13","auto","","10","10","5.70082418087522","5.70082418087522","5.70082418087522","3.8952892142331046","2.056","",""
"vault_cracker","6","14","auto","","10","10","5.70082418087522","5.70082418087522","5.70082418087522","3.8952892142331046","4.493","",""
"vault_cracker","6","15","auto","","10","10","5.70082418087522","5.70082418087522","5.70082418087522","3.8952892142331046","6.453","",""
"vault_cracker","6","16","auto","","10","10","5.70082418087522","5.70082418087522","5.70082418087522","3.8952892142331046","4.015","",""
"vault_cracker","6","17","auto","","10","10","5.70082418087522","5.70082418087522","5.70082418087522","3.8952892142331046","5.363","",""
"vault_cracker","6","18","auto","","10","10","5.70082418087522","5.70082418087522","5.70082418087522","3.8952892142331046","5.299","",""
"vault_cracker","6","19","auto","","10","10","5.70082418087522","5.70082418087522","5.70082418087522","3.8952892142331046","3.978","",""
"vault_cracker","6","20","auto","","10","10","5.70082418087522","5.70082418087522","5.70082418087522","3.8952892142331046","1.558","",""
"crew_manifest","1","1","auto","","10","10","4.3","4.3","4.3","3.138","0.151","",""
"crew_manifest","1","2","auto","","10","10","4.3","4.3","4.3","3.138","0.17","",""
"crew_manifest","1","3","auto","","10","10","4.3","4.3","4.3","3.138","0.15","",""
"crew_manifest","1","4","auto","","10","10","4.3","4.3","4.3","3.138","0.162","",""
"crew_manifest","1","5","auto","","10","10","4.3","4.3","4.3","3.138","0.148","",""
"crew_manifest","1","6","auto","","10","10","4.3","4.3","4.3","3.138","0.156","",""
"crew_manifest","1","7","auto","","10","10","4.3","4.3","4.3","3.138","0.158","",""
"crew_manifest","1","8","auto","","10","10","4.3","4.3","4.3","3.138","0.158","",""
"crew_manifest","1","9","auto","","10","10","4.3","4.3","4.3","3.138","0.145","",""
"crew_manifest","1","10","auto","","10","10","4.3","4.3","4.3","3.138","0.155","",""
"crew_manifest","1","11","auto","","10","10","4.3","4.3","4.3","3.138","0.146","",""
"crew_manifest","1","12","auto","","10","10","4.3","4.3","4.3","3.138","0.144","",""
"crew_manifest","1","13","auto","","10","10","4.3","4.3","4.3","3.138","0.147","",""
"crew_manifest","1","14","auto","","10","10","4.3","4.3","4.3","3.138","0.146","",""
"crew_manifest","1","15","auto","","10","10","4.3","4.3","4.3","3.138","0.15","",""
"crew_manifest","1","16","auto","","10","10","4.3","4.3","4.3","3.138","0.159","",""
"crew_manifest","1","17","auto","","10","10","4.3","4.3","4.3","3.138","0.153","",""
"crew_manifest","1","18","auto","","10","10","4.3","4.3","4.3","3.138","0.161","",""
"crew_manifest","1","19","auto","","10","10","4.3","4.3","4.3","3.138","0.137","",""
"crew_manifest","1","20","auto","","10","10","4.3","4.3","4.3","3.138","0.135","",""
"crew_manifest","2","1","auto","","10","10","4.3","4.3","4.3","3.138","0.144","",""
"crew_manifest","2","2","auto","","10","10","4.3","4.3","4.3","3.138","0.133","",""
"crew_manifest","2","3","auto","","10","10","4.3","4.3","4.3","3.138","0.159","",""
"crew_manifest","2","4","auto","","10","10","4.3","4.3","4.3","3.138","0.142","",""
"crew_manifest","2","5","auto","","10","10","4.3","4.3","4.3","3.138","0.144","",""
"crew_manifest","2","6","auto","","10","10","4.550824180875219","4.550824180875219","4.550824180875219","3.310289214233104","0.172","",""
"crew_manifest","2","7","auto","","10","10","4.550824180875219","4.550824180875219","4.550824180875219","3.310289214233104","0.171","",""
"crew_manifest","2","8","auto","","10","10","4.550824180875219","4.550824180875219","4.550824180875219","3.310289214233104","0.155","",""
"crew_manifest","2","9","auto","","10","10","4.550824180875219","4.550824180875219","4.550824180875219","3.310289214233104","0.214","",""
"crew_manifest","2","10","auto","","10","10","4.550824180875219","4.550824180875219","4.550824180875219","3.310289214233104","0.198","",""
"crew_manifest","2","11","auto","","10","10","4.550824180875219","4.550824180875219","4.550824180875219","3.310289214233104","0.204","",""
"crew_manifest","2","12","auto","","10","10","4.550824180875219","4.550824180875219","4.550824180875219","3.310289214233104","0.175","",""
"crew_manifest","2","13","auto","","10","10","4.550824180875219","4.550824180875219","4.550824180875219","3.310289214233104","0.178","",""
"crew_manifest","2","14","auto","","10","10","4.550824180875219","4.550824180875219","4.550824180875219","3.310289214233104","0.216","",""
"crew_manifest","2","15","auto","","10","10","4.550824180875219","4.550824180875219","4.550824180875219","3.310289214233104","0.246","",""
"crew_manifest","2","16","auto","","10","10","4.550824180875219","4.550824180875219","4.550824180875219","3.310289214233104","0.272","",""
"crew_manifest","2","17","auto","","10","10","4.550824180875219","4.550824180875219","4.550824180875219","3.310289214233104","0.229","",""
"crew_manifest","2","18","auto","","10","10","4.550824180875219","4.550824180875219","4.550824180875219","3.310289214233104","0.173","",""
"crew_manifest","2","19","auto","","10","10","4.550824180875219","4.550824180875219","4.550824180875219","3.310289214233104","0.197","",""
"crew_manifest","2","20","auto","","10","10","4.550824180875219","4.550824180875219","4.550824180875219","3.310289214233104","0.253","",""
"crew_manifest","3","1","auto","","10","10","4.550824180875219","4.550824180875219","4.550824180875219","3.310289214233104","0.256","",""
"crew_manifest","3","2","auto","","10","10","4.550824180875219","4.550824180875219","4.550824180875219","3.310289214233104","0.251","",""
"crew_manifest","3","3","auto","","10","10","4.550824180875219","4.550824180875219","4.550824180875219","3.310289214233104","0.297","",""
"crew_manifest","3","4","auto","","10","10","4.788691750158654","4.788691750158654","4.788691750158654","3.4737443751081734","0.489","",""
"crew_manifest","3","5","auto","","10","10","4.788691750158654","4.788691750158654","4.788691750158654","3.4737443751081734","0.446","",""
"crew_manifest","3","6","auto","","10","10","4.788691750158654","4.788691750158654","4.788691750158654","3.4737443751081734","0.487","",""
"crew_manifest","3","7","auto","","10","10","4.788691750158654","4.788691750158654","4.788691750158654","3.4737443751081734","0.406","",""
"crew_manifest","3","8","auto","","10","10","4.788691750158654","4.788691750158654","4.788691750158654","3.4737443751081734","0.4","",""
"crew_manifest","3","9","auto","","10","10","4.788691750158654","4.788691750158654","4.788691750158654","3.4737443751081734","0.38","",""
"crew_manifest","3","10","auto","","10","10","4.788691750158654","4.788691750158654","4.788691750158654","3.4737443751081734","0.316","",""
"crew_manifest","3","11","auto","","10","10","4.788691750158654","4.788691750158654","4.788691750158654","3.4737443751081734","1.761","",""
"crew_manifest","3","12","auto","","10","10","4.788691750158654","4.788691750158654","4.788691750158654","3.4737443751081734","0.374","",""
"crew_manifest","3","13","auto","","10","10","4.788691750158654","4.788691750158654","4.788691750158654","3.4737443751081734","0.327","",""
"crew_manifest","3","14","auto","","10","10","4.788691750158654","4.788691750158654","4.788691750158654","3.4737443751081734","0.355","",""
"crew_manifest","3","15","auto","","10","10","4.788691750158654","4.788691750158654","4.788691750158654","3.4737443751081734","0.332","",""
"crew_manifest","3","16","auto","","10","10","4.788691750158654","4.788691750158654","4.788691750158654","3.4737443751081734","0.387","",""
"crew_manifest","3","17","auto","","10","10","4.788691750158654","4.788691750158654","4.788691750158654","3.4737443751081734","0.342","",""
"crew_manifest","3","18","auto","","10","10","4.788691750158654","4.788691750158654","4.788691750158654","3.4737443751081734","0.416","",""
"crew_manifest","3","19","auto","","10","10","4.788691750158654","4.788691750158654","4.788691750158654","3.4737443751081734","0.437","",""
"crew_manifest","3","20","auto","","10","10","4.788691750158654","4.788691750158654","4.788691750158654","3.4737443751081734","0.378","",""
"crew_manifest","4","1","auto","","10","10","4.550824180875219","4.550824180875219","4.550824180875219","3.310289214233104","0.165","",""
"crew_manifest","4","2","auto","","10","10","4.550824180875219","4.550824180875219","4.550824180875219","3.310289214233104","0.206","",""
"crew_manifest","4","3","auto","","10","10","4.550824180875219","4.550824180875219","4.550824180875219","3.310289214233104","0.19","",""
"crew_manifest","4","4","auto","","10","10","4.550824180875219","4.550824180875219","4.550824180875219","3.310289214233104","0.178","",""
"crew_manifest","4","5","auto","","10","10","4.550824180875219","4.550824180875219","4.550824180875219","3.310289214233104","0.177","",""
"crew_manifest","4","6","auto","","10","10","4.788691750158654","4.788691750158654","4.788691750158654","3.4737443751081734","0.407","",""
"crew_manifest","4","7","auto","","10","10","4.788691750158654","4.788691750158654","4.788691750158654","3.4737443751081734","0.352","",""
"crew_manifest","4","8","auto","","10","10","4.788691750158654","4.788691750158654","4.788691750158654","3.4737443751081734","0.344","",""
"crew_manifest","4","9","auto","","10","10","4.788691750158654","4.788691750158654","4.788691750158654","3.4737443751081734","0.32","",""
"crew_manifest","4","10","auto","","10","10","4.788691750158654","4.788691750158654","4.788691750158654","3.4737443751081734","0.354","",""
"crew_manifest","4","11","auto","","10","10","4.788691750158654","4.788691750158654","4.788691750158654","3.4737443751081734","0.329","",""
"crew_manifest","4","12","auto","","10","10","4.788691750158654","4.788691750158654","4.788691750158654","3.4737443751081734","0.33","",""
"crew_manifest","4","13","auto","","10","10","4.788691750158654","4.788691750158654","4.788691750158654","3.4737443751081734","0.316","",""
"crew_manifest","4","14","auto","","10","10","4.788691750158654","4.788691750158654","4.788691750158654","3.4737443751081734","0.378","",""
"crew_manifest","4","15","auto","","10","10","4.788691750158654","4.788691750158654","4.788691750158654","3.4737443751081734","0.345","",""
"crew_manifest","4","16","auto","","10","10","4.788691750158654","4.788691750158654","4.788691750158654","3.4737443751081734","0.357","",""
"crew_manifest","4","17","auto","","10","10","4.788691750158654","4.788691750158654","4.788691750158654","3.4737443751081734","0.354","",""
"crew_manifest","4","18","auto","","10","10","4.788691750158654","4.788691750158654","4.788691750158654","3.4737443751081734","0.373","",""
"crew_manifest","4","19","auto","","10","10","4.788691750158654","4.788691750158654","4.788691750158654","3.4737443751081734","0.356","",""
"crew_manifest","4","20","auto","","10","10","4.788691750158654","4.788691750158654","4.788691750158654","3.4737443751081734","0.342","",""
"crew_manifest","5","1","auto","","10","10","4.550824180875219","4.550824180875219","4.550824180875219","3.310289214233104","0.256","",""
"crew_manifest","5","2","auto","","10","10","4.550824180875219","4.550824180875219","4.550824180875219","3.310289214233104","0.182","",""
"crew_manifest","5","3","auto","","10","10","4.550824180875219","4.550824180875219","4.550824180875219","3.310289214233104","0.231","",""
"crew_manifest","5","4","auto","","10","10","4.550824180875219","4.550824180875219","4.550824180875219","3.310289214233104","0.197","",""
"crew_manifest","5","5","auto","","10","10","4.550824180875219","4.550824180875219","4.550824180875219","3.310289214233104","0.236","",""
"crew_manifest","5","6","auto","","10","10","4.788691750158654","4.788691750158654","4.788691750158654","3.4737443751081734","0.339","",""
"crew_manifest","5","7","auto","","10","10","4.788691750158654","4.788691750158654","4.788691750158654","3.4737443751081734","0.374","",""
"crew_manifest","5","8","auto","","10","10","4.788691750158654","4.788691750158654","4.788691750158654","3.4737443751081734","0.32","",""
"crew_manifest","5","9","auto","","10","10","4.788691750158654","4.788691750158654","4.788691750158654","3.4737443751081734","0.363","",""
"crew_manifest","5","10","auto","","10","10","4.788691750158654","4.788691750158654","4.788691750158654","3.4737443751081734","0.443","",""
"crew_manifest","5","11","auto","","10","10","4.788691750158654","4.788691750158654","4.788691750158654","3.4737443751081734","0.364","",""
"crew_manifest","5","12","auto","","10","10","4.788691750158654","4.788691750158654","4.788691750158654","3.4737443751081734","0.368","",""
"crew_manifest","5","13","auto","","10","10","4.788691750158654","4.788691750158654","4.788691750158654","3.4737443751081734","0.345","",""
"crew_manifest","5","14","auto","","10","10","4.788691750158654","4.788691750158654","4.788691750158654","3.4737443751081734","0.357","",""
"crew_manifest","5","15","auto","","10","10","4.788691750158654","4.788691750158654","4.788691750158654","3.4737443751081734","0.56","",""
"crew_manifest","5","16","auto","","10","10","4.788691750158654","4.788691750158654","4.788691750158654","3.4737443751081734","0.353","",""
"crew_manifest","5","17","auto","","10","10","4.788691750158654","4.788691750158654","4.788691750158654","3.4737443751081734","0.319","",""
"crew_manifest","5","18","auto","","10","10","4.788691750158654","4.788691750158654","4.788691750158654","3.4737443751081734","0.303","",""
"crew_manifest","5","19","auto","","10","10","4.788691750158654","4.788691750158654","4.788691750158654","3.4737443751081734","0.352","",""
"crew_manifest","5","20","auto","","10","10","4.788691750158654","4.788691750158654","4.788691750158654","3.4737443751081734","0.299","",""
"crew_manifest","6","1","auto","","10","10","4.550824180875219","4.550824180875219","4.550824180875219","3.310289214233104","0.175","",""
"crew_manifest","6","2","auto","","10","10","4.550824180875219","4.550824180875219","4.550824180875219","3.310289214233104","0.175","",""
"crew_manifest","6","3","auto","","10","10","4.550824180875219","4.550824180875219","4.550824180875219","3.310289214233104","0.239","",""
"crew_manifest","6","4","auto","","10","10","4.550824180875219","4.550824180875219","4.550824180875219","3.310289214233104","0.169","",""
"crew_manifest","6","5","auto","","10","10","4.550824180875219","4.550824180875219","4.550824180875219","3.310289214233104","0.249","",""
"crew_manifest","6","6","auto","","10","10","4.788691750158654","4.788691750158654","4.788691750158654","3.4737443751081734","0.436","",""
"crew_manifest","6","7","auto","","10","10","4.788691750158654","4.788691750158654","4.788691750158654","3.4737443751081734","0.308","",""
"crew_manifest","6","8","auto","","10","10","4.788691750158654","4.788691750158654","4.788691750158654","3.4737443751081734","0.369","",""
"crew_manifest","6","9","auto","","10","10","4.788691750158654","4.788691750158654","4.788691750158654","3.4737443751081734","0.468","",""
"crew_manifest","6","10","auto","","10","10","4.788691750158654","4.788691750158654","4.788691750158654","3.4737443751081734","0.33","",""
"crew_manifest","6","11","auto","","10","10","4.788691750158654","4.788691750158654","4.788691750158654","3.4737443751081734","0.321","",""
"crew_manifest","6","12","auto","","10","10","4.788691750158654","4.788691750158654","4.788691750158654","3.4737443751081734","0.334","",""
"crew_manifest","6","13","auto","","10","10","4.788691750158654","4.788691750158654","4.788691750158654","3.4737443751081734","0.334","",""
"crew_manifest","6","14","auto","","10","10","4.788691750158654","4.788691750158654","4.788691750158654","3.4737443751081734","0.328","",""
"crew_manifest","6","15","auto","","10","10","4.788691750158654","4.788691750158654","4.788691750158654","3.4737443751081734","0.322","",""
"crew_manifest","6","16","auto","","10","10","4.788691750158654","4.788691750158654","4.788691750158654","3.4737443751081734","0.344","",""
"crew_manifest","6","17","auto","","10","10","4.788691750158654","4.788691750158654","4.788691750158654","3.4737443751081734","0.426","",""
"crew_manifest","6","18","auto","","10","10","4.788691750158654","4.788691750158654","4.788691750158654","3.4737443751081734","0.402","",""
"crew_manifest","6","19","auto","","10","10","4.788691750158654","4.788691750158654","4.788691750158654","3.4737443751081734","0.407","",""
"crew_manifest","6","20","auto","","10","10","4.788691750158654","4.788691750158654","4.788691750158654","3.4737443751081734","0.368","",""
"alien_tribunal","1","1","auto","","10","10","4.3","4.3","4.3","3.138","0.207","",""
"alien_tribunal","1","2","auto","","10","10","4.3","4.3","4.3","3.138","0.219","",""
"alien_tribunal","1","3","auto","","10","10","4.3","4.3","4.3","3.138","0.218","",""
"alien_tribunal","1","4","auto","","10","10","4.3","4.3","4.3","3.138","0.215","",""
"alien_tribunal","1","5","auto","","10","10","4.3","4.3","4.3","3.138","0.232","",""
"alien_tribunal","1","6","auto","","10","10","4.3","4.3","4.3","3.138","0.161","",""
"alien_tribunal","1","7","auto","","10","10","4.3","4.3","4.3","3.138","0.218","",""
"alien_tribunal","1","8","auto","","10","10","4.3","4.3","4.3","3.138","0.206","",""
"alien_tribunal","1","9","auto","","10","10","4.3","4.3","4.3","3.138","0.176","",""
"alien_tribunal","1","10","auto","","10","10","4.3","4.3","4.3","3.138","0.172","",""
"alien_tribunal","1","11","auto","","10","10","4.3","4.3","4.3","3.138","0.189","",""
"alien_tribunal","1","12","auto","","10","10","4.3","4.3","4.3","3.138","0.207","",""
"alien_tribunal","1","13","auto","","10","10","4.3","4.3","4.3","3.138","0.198","",""
"alien_tribunal","1","14","auto","","10","10","4.3","4.3","4.3","3.138","0.195","",""
"alien_tribunal","1","15","auto","","10","10","4.3","4.3","4.3","3.138","0.218","",""
"alien_tribunal","1","16","auto","","10","10","4.3","4.3","4.3","3.138","0.203","",""
"alien_tribunal","1","17","auto","","10","10","4.3","4.3","4.3","3.138","0.22","",""
"alien_tribunal","1","18","auto","","10","10","4.3","4.3","4.3","3.138","0.208","",""
"alien_tribunal","1","19","auto","","10","10","4.3","4.3","4.3","3.138","0.229","",""
"alien_tribunal","1","20","auto","","10","10","4.3","4.3","4.3","3.138","0.188","",""
"alien_tribunal","2","1","auto","","10","10","4.3","4.3","4.3","3.138","0.196","",""
"alien_tribunal","2","2","auto","","10","10","4.3","4.3","4.3","3.138","0.205","",""
"alien_tribunal","2","3","auto","","10","10","4.3","4.3","4.3","3.138","0.189","",""
"alien_tribunal","2","4","auto","","10","10","4.3","4.3","4.3","3.138","0.188","",""
"alien_tribunal","2","5","auto","","10","10","4.3","4.3","4.3","3.138","0.185","",""
"alien_tribunal","2","6","auto","","10","10","4.550824180875219","4.550824180875219","4.550824180875219","3.310289214233104","0.219","",""
"alien_tribunal","2","7","auto","","10","10","4.550824180875219","4.550824180875219","4.550824180875219","3.310289214233104","0.216","",""
"alien_tribunal","2","8","auto","","10","10","4.550824180875219","4.550824180875219","4.550824180875219","3.310289214233104","0.222","",""
"alien_tribunal","2","9","auto","","10","10","4.550824180875219","4.550824180875219","4.550824180875219","3.310289214233104","0.221","",""
"alien_tribunal","2","10","auto","","10","10","4.550824180875219","4.550824180875219","4.550824180875219","3.310289214233104","0.179","",""
"alien_tribunal","2","11","auto","","10","10","4.550824180875219","4.550824180875219","4.550824180875219","3.310289214233104","0.352","",""
"alien_tribunal","2","12","auto","","10","10","4.550824180875219","4.550824180875219","4.550824180875219","3.310289214233104","0.207","",""
"alien_tribunal","2","13","auto","","10","10","4.550824180875219","4.550824180875219","4.550824180875219","3.310289214233104","0.191","",""
"alien_tribunal","2","14","auto","","10","10","4.550824180875219","4.550824180875219","4.550824180875219","3.310289214233104","0.239","",""
"alien_tribunal","2","15","auto","","10","10","4.550824180875219","4.550824180875219","4.550824180875219","3.310289214233104","0.379","",""
"alien_tribunal","2","16","auto","","10","10","4.550824180875219","4.550824180875219","4.550824180875219","3.310289214233104","0.204","",""
"alien_tribunal","2","17","auto","","10","10","4.550824180875219","4.550824180875219","4.550824180875219","3.310289214233104","0.277","",""
"alien_tribunal","2","18","auto","","10","10","4.550824180875219","4.550824180875219","4.550824180875219","3.310289214233104","0.249","",""
"alien_tribunal","2","19","auto","","10","10","4.550824180875219","4.550824180875219","4.550824180875219","3.310289214233104","0.227","",""
"alien_tribunal","2","20","auto","","10","10","4.550824180875219","4.550824180875219","4.550824180875219","3.310289214233104","0.23","",""
"alien_tribunal","3","1","auto","","10","10","4.550824180875219","4.550824180875219","4.550824180875219","3.310289214233104","0.206","",""
"alien_tribunal","3","2","auto","","10","10","4.550824180875219","4.550824180875219","4.550824180875219","3.310289214233104","0.216","",""
"alien_tribunal","3","3","auto","","10","10","4.550824180875219","4.550824180875219","4.550824180875219","3.310289214233104","0.199","",""
"alien_tribunal","3","4","auto","","10","10","4.788691750158654","4.788691750158654","4.788691750158654","3.4737443751081734","0.365","",""
"alien_tribunal","3","5","auto","","10","10","4.788691750158654","4.788691750158654","4.788691750158654","3.4737443751081734","0.252","",""
"alien_tribunal","3","6","auto","","10","10","4.788691750158654","4.788691750158654","4.788691750158654","3.4737443751081734","0.234","",""
"alien_tribunal","3","7","auto","","10","10","4.788691750158654","4.788691750158654","4.788691750158654","3.4737443751081734","0.235","",""
"alien_tribunal","3","8","auto","","10","10","4.788691750158654","4.788691750158654","4.788691750158654","3.4737443751081734","0.219","",""
"alien_tribunal","3","9","auto","","10","10","4.788691750158654","4.788691750158654","4.788691750158654","3.4737443751081734","0.241","",""
"alien_tribunal","3","10","auto","","10","10","4.788691750158654","4.788691750158654","4.788691750158654","3.4737443751081734","0.341","",""
"alien_tribunal","3","11","auto","","10","10","4.788691750158654","4.788691750158654","4.788691750158654","3.4737443751081734","0.279","",""
"alien_tribunal","3","12","auto","","10","10","4.788691750158654","4.788691750158654","4.788691750158654","3.4737443751081734","0.258","",""
"alien_tribunal","3","13","auto","","10","10","4.788691750158654","4.788691750158654","4.788691750158654","3.4737443751081734","0.277","",""
"alien_tribunal","3","14","auto","","10","10","4.788691750158654","4.788691750158654","4.788691750158654","3.4737443751081734","0.206","",""
"alien_tribunal","3","15","auto","","10","10","4.788691750158654","4.788691750158654","4.788691750158654","3.4737443751081734","0.234","",""
"alien_tribunal","3","16","auto","","10","10","4.788691750158654","4.788691750158654","4.788691750158654","3.4737443751081734","0.277","",""
"alien_tribunal","3","17","auto","","10","10","4.788691750158654","4.788691750158654","4.788691750158654","3.4737443751081734","0.223","",""
"alien_tribunal","3","18","auto","","10","10","4.788691750158654","4.788691750158654","4.788691750158654","3.4737443751081734","0.243","",""
"alien_tribunal","3","19","auto","","10","10","4.788691750158654","4.788691750158654","4.788691750158654","3.4737443751081734","0.331","",""
"alien_tribunal","3","20","auto","","10","10","4.788691750158654","4.788691750158654","4.788691750158654","3.4737443751081734","0.29","",""
"alien_tribunal","4","1","auto","","10","10","4.550824180875219","4.550824180875219","4.550824180875219","3.310289214233104","0.287","",""
"alien_tribunal","4","2","auto","","10","10","4.550824180875219","4.550824180875219","4.550824180875219","3.310289214233104","0.249","",""
"alien_tribunal","4","3","auto","","10","10","4.550824180875219","4.550824180875219","4.550824180875219","3.310289214233104","0.23","",""
"alien_tribunal","4","4","auto","","10","10","4.550824180875219","4.550824180875219","4.550824180875219","3.310289214233104","0.224","",""
"alien_tribunal","4","5","auto","","10","10","4.550824180875219","4.550824180875219","4.550824180875219","3.310289214233104","0.198","",""
"alien_tribunal","4","6","auto","","10","10","4.788691750158654","4.788691750158654","4.788691750158654","3.4737443751081734","0.283","",""
"alien_tribunal","4","7","auto","","10","10","4.788691750158654","4.788691750158654","4.788691750158654","3.4737443751081734","0.239","",""
"alien_tribunal","4","8","auto","","10","10","4.788691750158654","4.788691750158654","4.788691750158654","3.4737443751081734","0.225","",""
"alien_tribunal","4","9","auto","","10","10","4.788691750158654","4.788691750158654","4.788691750158654","3.4737443751081734","0.442","",""
"alien_tribunal","4","10","auto","","10","10","4.788691750158654","4.788691750158654","4.788691750158654","3.4737443751081734","0.27","",""
"alien_tribunal","4","11","auto","","10","10","4.788691750158654","4.788691750158654","4.788691750158654","3.4737443751081734","0.397","",""
"alien_tribunal","4","12","auto","","10","10","4.788691750158654","4.788691750158654","4.788691750158654","3.4737443751081734","0.271","",""
"alien_tribunal","4","13","auto","","10","10","4.788691750158654","4.788691750158654","4.788691750158654","3.4737443751081734","0.234","",""
"alien_tribunal","4","14","auto","","10","10","4.788691750158654","4.788691750158654","4.788691750158654","3.4737443751081734","0.212","",""
"alien_tribunal","4","15","auto","","10","10","4.788691750158654","4.788691750158654","4.788691750158654","3.4737443751081734","0.276","",""
"alien_tribunal","4","16","auto","","10","10","4.788691750158654","4.788691750158654","4.788691750158654","3.4737443751081734","0.297","",""
"alien_tribunal","4","17","auto","","10","10","4.788691750158654","4.788691750158654","4.788691750158654","3.4737443751081734","0.307","",""
"alien_tribunal","4","18","auto","","10","10","4.788691750158654","4.788691750158654","4.788691750158654","3.4737443751081734","0.246","",""
"alien_tribunal","4","19","auto","","10","10","4.788691750158654","4.788691750158654","4.788691750158654","3.4737443751081734","0.232","",""
"alien_tribunal","4","20","auto","","10","10","4.788691750158654","4.788691750158654","4.788691750158654","3.4737443751081734","0.389","",""
"alien_tribunal","5","1","auto","","10","10","4.550824180875219","4.550824180875219","4.550824180875219","3.310289214233104","0.279","",""
"alien_tribunal","5","2","auto","","10","10","4.550824180875219","4.550824180875219","4.550824180875219","3.310289214233104","0.322","",""
"alien_tribunal","5","3","auto","","10","10","4.550824180875219","4.550824180875219","4.550824180875219","3.310289214233104","0.243","",""
"alien_tribunal","5","4","auto","","10","10","4.550824180875219","4.550824180875219","4.550824180875219","3.310289214233104","0.231","",""
"alien_tribunal","5","5","auto","","10","10","4.550824180875219","4.550824180875219","4.550824180875219","3.310289214233104","0.219","",""
"alien_tribunal","5","6","auto","","10","10","4.788691750158654","4.788691750158654","4.788691750158654","3.4737443751081734","0.245","",""
"alien_tribunal","5","7","auto","","10","10","4.788691750158654","4.788691750158654","4.788691750158654","3.4737443751081734","0.372","",""
"alien_tribunal","5","8","auto","","10","10","4.788691750158654","4.788691750158654","4.788691750158654","3.4737443751081734","0.286","",""
"alien_tribunal","5","9","auto","","10","10","4.788691750158654","4.788691750158654","4.788691750158654","3.4737443751081734","0.281","",""
"alien_tribunal","5","10","auto","","10","10","4.788691750158654","4.788691750158654","4.788691750158654","3.4737443751081734","0.398","",""
"alien_tribunal","5","11","auto","","10","10","4.788691750158654","4.788691750158654","4.788691750158654","3.4737443751081734","0.46","",""
"alien_tribunal","5","12","auto","","10","10","4.788691750158654","4.788691750158654","4.788691750158654","3.4737443751081734","0.371","",""
"alien_tribunal","5","13","auto","","10","10","4.788691750158654","4.788691750158654","4.788691750158654","3.4737443751081734","0.243","",""
"alien_tribunal","5","14","auto","","10","10","4.788691750158654","4.788691750158654","4.788691750158654","3.4737443751081734","0.255","",""
"alien_tribunal","5","15","auto","","10","10","4.788691750158654","4.788691750158654","4.788691750158654","3.4737443751081734","0.247","",""
"alien_tribunal","5","16","auto","","10","10","4.788691750158654","4.788691750158654","4.788691750158654","3.4737443751081734","0.22","",""
"alien_tribunal","5","17","auto","","10","10","4.788691750158654","4.788691750158654","4.788691750158654","3.4737443751081734","0.254","",""
"alien_tribunal","5","18","auto","","10","10","4.788691750158654","4.788691750158654","4.788691750158654","3.4737443751081734","0.261","",""
"alien_tribunal","5","19","auto","","10","10","4.788691750158654","4.788691750158654","4.788691750158654","3.4737443751081734","0.329","",""
"alien_tribunal","5","20","auto","","10","10","4.788691750158654","4.788691750158654","4.788691750158654","3.4737443751081734","0.22","",""
"alien_tribunal","6","1","auto","","10","10","4.550824180875219","4.550824180875219","4.550824180875219","3.310289214233104","0.215","",""
"alien_tribunal","6","2","auto","","10","10","4.550824180875219","4.550824180875219","4.550824180875219","3.310289214233104","0.181","",""
"alien_tribunal","6","3","auto","","10","10","4.550824180875219","4.550824180875219","4.550824180875219","3.310289214233104","0.225","",""
"alien_tribunal","6","4","auto","","10","10","4.550824180875219","4.550824180875219","4.550824180875219","3.310289214233104","0.237","",""
"alien_tribunal","6","5","auto","","10","10","4.550824180875219","4.550824180875219","4.550824180875219","3.310289214233104","0.196","",""
"alien_tribunal","6","6","auto","","10","10","4.788691750158654","4.788691750158654","4.788691750158654","3.4737443751081734","0.263","",""
"alien_tribunal","6","7","auto","","10","10","4.788691750158654","4.788691750158654","4.788691750158654","3.4737443751081734","0.255","",""
"alien_tribunal","6","8","auto","","10","10","4.788691750158654","4.788691750158654","4.788691750158654","3.4737443751081734","0.255","",""
"alien_tribunal","6","9","auto","","10","10","4.788691750158654","4.788691750158654","4.788691750158654","3.4737443751081734","0.266","",""
"alien_tribunal","6","10","auto","","10","10","4.788691750158654","4.788691750158654","4.788691750158654","3.4737443751081734","0.238","",""
"alien_tribunal","6","11","auto","","10","10","4.788691750158654","4.788691750158654","4.788691750158654","3.4737443751081734","0.293","",""
"alien_tribunal","6","12","auto","","10","10","4.788691750158654","4.788691750158654","4.788691750158654","3.4737443751081734","0.338","",""
"alien_tribunal","6","13","auto","","10","10","4.788691750158654","4.788691750158654","4.788691750158654","3.4737443751081734","0.394","",""
"alien_tribunal","6","14","auto","","10","10","4.788691750158654","4.788691750158654","4.788691750158654","3.4737443751081734","0.195","",""
"alien_tribunal","6","15","auto","","10","10","4.788691750158654","4.788691750158654","4.788691750158654","3.4737443751081734","0.239","",""
"alien_tribunal","6","16","auto","","10","10","4.788691750158654","4.788691750158654","4.788691750158654","3.4737443751081734","0.251","",""
"alien_tribunal","6","17","auto","","10","10","4.788691750158654","4.788691750158654","4.788691750158654","3.4737443751081734","0.27","",""
"alien_tribunal","6","18","auto","","10","10","4.788691750158654","4.788691750158654","4.788691750158654","3.4737443751081734","0.519","",""
"alien_tribunal","6","19","auto","","10","10","4.788691750158654","4.788691750158654","4.788691750158654","3.4737443751081734","0.34","",""
"alien_tribunal","6","20","auto","","10","10","4.788691750158654","4.788691750158654","4.788691750158654","3.4737443751081734","0.275","",""
"gravity_well","1","1","auto","","10","10","4.319999999999999","4.319999999999999","4.319999999999999","3.05","0.147","",""
"gravity_well","1","2","auto","","10","10","4.319999999999999","4.319999999999999","4.319999999999999","3.05","0.152","",""
"gravity_well","1","3","auto","","10","10","4.319999999999999","4.319999999999999","4.319999999999999","3.05","0.141","",""
"gravity_well","1","4","auto","","10","10","4.319999999999999","4.319999999999999","4.319999999999999","3.05","0.129","",""
"gravity_well","1","5","auto","","10","10","4.319999999999999","4.319999999999999","4.319999999999999","3.05","0.157","",""
"gravity_well","1","6","auto","","10","10","4.319999999999999","4.319999999999999","4.319999999999999","3.05","0.162","",""
"gravity_well","1","7","auto","","10","10","4.319999999999999","4.319999999999999","4.319999999999999","3.05","0.14","",""
"gravity_well","1","8","auto","","10","10","4.319999999999999","4.319999999999999","4.319999999999999","3.05","0.132","",""
"gravity_well","1","9","auto","","10","10","4.319999999999999","4.319999999999999","4.319999999999999","3.05","0.151","",""
"gravity_well","1","10","auto","","10","10","4.319999999999999","4.319999999999999","4.319999999999999","3.05","0.143","",""
"gravity_well","1","11","auto","","10","10","4.319999999999999","4.319999999999999","4.319999999999999","3.05","0.15","",""
"gravity_well","1","12","auto","","10","10","4.319999999999999","4.319999999999999","4.319999999999999","3.05","0.154","",""
"gravity_well","1","13","auto","","10","10","4.319999999999999","4.319999999999999","4.319999999999999","3.05","0.192","",""
"gravity_well","1","14","auto","","10","10","4.319999999999999","4.319999999999999","4.319999999999999","3.05","0.194","",""
"gravity_well","1","15","auto","","10","10","4.319999999999999","4.319999999999999","4.319999999999999","3.05","0.186","",""
"gravity_well","1","16","auto","","10","10","4.319999999999999","4.319999999999999","4.319999999999999","3.05","0.177","",""
"gravity_well","1","17","auto","","10","10","4.319999999999999","4.319999999999999","4.319999999999999","3.05","0.137","",""
"gravity_well","1","18","auto","","10","10","4.319999999999999","4.319999999999999","4.319999999999999","3.05","0.13","",""
"gravity_well","1","19","auto","","10","10","4.319999999999999","4.319999999999999","4.319999999999999","3.05","0.14","",""
"gravity_well","1","20","auto","","10","10","4.319999999999999","4.319999999999999","4.319999999999999","3.05","0.14","",""
"gravity_well","2","1","auto","","10","10","4.319999999999999","4.319999999999999","4.319999999999999","3.05","0.16","",""
"gravity_well","2","2","auto","","10","10","4.319999999999999","4.319999999999999","4.319999999999999","3.05","0.175","",""
"gravity_well","2","3","auto","","10","10","4.319999999999999","4.319999999999999","4.319999999999999","3.05","0.142","",""
"gravity_well","2","4","auto","","10","10","4.319999999999999","4.319999999999999","4.319999999999999","3.05","0.147","",""
"gravity_well","2","5","auto","","10","10","4.319999999999999","4.319999999999999","4.319999999999999","3.05","0.146","",""
"gravity_well","2","6","auto","","10","10","4.628691750158653","4.628691750158653","4.628691750158653","3.2617443751081736","0.162","",""
"gravity_well","2","7","auto","","10","10","4.628691750158653","4.628691750158653","4.628691750158653","3.2617443751081736","0.139","",""
"gravity_well","2","8","auto","","10","10","4.628691750158653","4.628691750158653","4.628691750158653","3.2617443751081736","0.142","",""
"gravity_well","2","9","auto","","10","10","4.628691750158653","4.628691750158653","4.628691750158653","3.2617443751081736","0.144","",""
"gravity_well","2","10","auto","","10","10","4.628691750158653","4.628691750158653","4.628691750158653","3.2617443751081736","0.176","",""
"gravity_well","2","11","auto","","10","10","4.628691750158653","4.628691750158653","4.628691750158653","3.2617443751081736","0.141","",""
"gravity_well","2","12","auto","","10","10","4.628691750158653","4.628691750158653","4.628691750158653","3.2617443751081736","0.147","",""
"gravity_well","2","13","auto","","10","10","4.628691750158653","4.628691750158653","4.628691750158653","3.2617443751081736","0.148","",""
"gravity_well","2","14","auto","","10","10","4.628691750158653","4.628691750158653","4.628691750158653","3.2617443751081736","0.182","",""
"gravity_well","2","15","auto","","10","10","4.628691750158653","4.628691750158653","4.628691750158653","3.2617443751081736","0.133","",""
"gravity_well","2","16","auto","","10","10","4.628691750158653","4.628691750158653","4.628691750158653","3.2617443751081736","0.136","",""
"gravity_well","2","17","auto","","10","10","4.628691750158653","4.628691750158653","4.628691750158653","3.2617443751081736","0.122","",""
"gravity_well","2","18","auto","","10","10","4.628691750158653","4.628691750158653","4.628691750158653","3.2617443751081736","0.119","",""
"gravity_well","2","19","auto","","10","10","4.628691750158653","4.628691750158653","4.628691750158653","3.2617443751081736","0.132","",""
"gravity_well","2","20","auto","","10","10","4.628691750158653","4.628691750158653","4.628691750158653","3.2617443751081736","0.156","",""
"gravity_well","3","1","auto","","10","10","4.628691750158653","4.628691750158653","4.628691750158653","3.2617443751081736","0.278","",""
"gravity_well","3","2","auto","","10","10","4.628691750158653","4.628691750158653","4.628691750158653","3.2617443751081736","0.16","",""
"gravity_well","3","3","auto","","10","10","4.628691750158653","4.628691750158653","4.628691750158653","3.2617443751081736","0.144","",""
"gravity_well","3","4","auto","","10","10","4.628691750158653","4.628691750158653","4.628691750158653","3.2617443751081736","0.17","",""
"gravity_well","3","5","auto","","10","10","4.628691750158653","4.628691750158653","4.628691750158653","3.2617443751081736","0.202","",""
"gravity_well","3","6","auto","","10","10","4.628691750158653","4.628691750158653","4.628691750158653","3.2617443751081736","0.178","",""
"gravity_well","3","7","auto","","10","10","4.628691750158653","4.628691750158653","4.628691750158653","3.2617443751081736","0.163","",""
"gravity_well","3","8","auto","","10","10","4.628691750158653","4.628691750158653","4.628691750158653","3.2617443751081736","0.156","",""
"gravity_well","3","9","auto","","10","10","4.628691750158653","4.628691750158653","4.628691750158653","3.2617443751081736","0.185","",""
"gravity_well","3","10","auto","","10","10","4.628691750158653","4.628691750158653","4.628691750158653","3.2617443751081736","0.223","",""
"gravity_well","3","11","auto","","10","10","4.628691750158653","4.628691750158653","4.628691750158653","3.2617443751081736","0.165","",""
"gravity_well","3","12","auto","","10","10","4.628691750158653","4.628691750158653","4.628691750158653","3.2617443751081736","0.168","",""
"gravity_well","3","13","auto","","10","10","4.628691750158653","4.628691750158653","4.628691750158653","3.2617443751081736","0.173","",""
"gravity_well","3","14","auto","","10","10","4.628691750158653","4.628691750158653","4.628691750158653","3.2617443751081736","0.175","",""
"gravity_well","3","15","auto","","10","10","4.628691750158653","4.628691750158653","4.628691750158653","3.2617443751081736","0.235","",""
"gravity_well","3","16","auto","","10","10","4.628691750158653","4.628691750158653","4.628691750158653","3.2617443751081736","0.178","",""
"gravity_well","3","17","auto","","10","10","4.628691750158653","4.628691750158653","4.628691750158653","3.2617443751081736","0.199","",""
"gravity_well","3","18","auto","","10","10","4.628691750158653","4.628691750158653","4.628691750158653","3.2617443751081736","0.164","",""
"gravity_well","3","19","auto","","10","10","4.628691750158653","4.628691750158653","4.628691750158653","3.2617443751081736","0.158","",""
"gravity_well","3","20","auto","","10","10","4.628691750158653","4.628691750158653","4.628691750158653","3.2617443751081736","0.153","",""
"gravity_well","4","1","auto","","10","10","4.628691750158653","4.628691750158653","4.628691750158653","3.2617443751081736","0.17","",""
"gravity_well","4","2","auto","","10","10","4.628691750158653","4.628691750158653","4.628691750158653","3.2617443751081736","0.169","",""
"gravity_well","4","3","auto","","10","10","4.628691750158653","4.628691750158653","4.628691750158653","3.2617443751081736","0.168","",""
"gravity_well","4","4","auto","","10","10","4.628691750158653","4.628691750158653","4.628691750158653","3.2617443751081736","0.179","",""
"gravity_well","4","5","auto","","10","10","4.628691750158653","4.628691750158653","4.628691750158653","3.2617443751081736","0.216","",""
"gravity_well","4","6","auto","","10","10","4.8999999999999995","4.8999999999999995","4.8999999999999995","3.4479999999999995","0.173","",""
"gravity_well","4","7","auto","","10","10","4.8999999999999995","4.8999999999999995","4.8999999999999995","3.4479999999999995","0.2","",""
"gravity_well","4","8","auto","","10","10","4.8999999999999995","4.8999999999999995","4.8999999999999995","3.4479999999999995","0.196","",""
"gravity_well","4","9","auto","","10","10","4.8999999999999995","4.8999999999999995","4.8999999999999995","3.4479999999999995","0.153","",""
"gravity_well","4","10","auto","","10","10","4.8999999999999995","4.8999999999999995","4.8999999999999995","3.4479999999999995","0.181","",""
"gravity_well","4","11","auto","","10","10","4.8999999999999995","4.8999999999999995","4.8999999999999995","3.4479999999999995","0.188","",""
"gravity_well","4","12","auto","","10","10","4.8999999999999995","4.8999999999999995","4.8999999999999995","3.4479999999999995","0.195","",""
"gravity_well","4","13","auto","","10","10","4.8999999999999995","4.8999999999999995","4.8999999999999995","3.4479999999999995","0.235","",""
"gravity_well","4","14","auto","","10","10","4.8999999999999995","4.8999999999999995","4.8999999999999995","3.4479999999999995","0.188","",""
"gravity_well","4","15","auto","","10","10","4.8999999999999995","4.8999999999999995","4.8999999999999995","3.4479999999999995","0.201","",""
"gravity_well","4","16","auto","","10","10","4.8999999999999995","4.8999999999999995","4.8999999999999995","3.4479999999999995","0.214","",""
"gravity_well","4","17","auto","","10","10","4.8999999999999995","4.8999999999999995","4.8999999999999995","3.4479999999999995","0.179","",""
"gravity_well","4","18","auto","","10","10","4.8999999999999995","4.8999999999999995","4.8999999999999995","3.4479999999999995","0.182","",""
"gravity_well","4","19","auto","","10","10","4.8999999999999995","4.8999999999999995","4.8999999999999995","3.4479999999999995","0.207","",""
"gravity_well","4","20","auto","","10","10","4.8999999999999995","4.8999999999999995","4.8999999999999995","3.4479999999999995","0.19","",""
"gravity_well","5","1","auto","","10","10","4.628691750158653","4.628691750158653","4.628691750158653","3.2617443751081736","0.184","",""
"gravity_well","5","2","auto","","10","10","4.628691750158653","4.628691750158653","4.628691750158653","3.2617443751081736","0.159","",""
"gravity_well","5","3","auto","","10","10","4.628691750158653","4.628691750158653","4.628691750158653","3.2617443751081736","0.17","",""
"gravity_well","5","4","auto","","10","10","4.628691750158653","4.628691750158653","4.628691750158653","3.2617443751081736","0.205","",""
"gravity_well","5","5","auto","","10","10","4.628691750158653","4.628691750158653","4.628691750158653","3.2617443751081736","0.164","",""
"gravity_well","5","6","auto","","10","10","4.8999999999999995","4.8999999999999995","4.8999999999999995","3.4479999999999995","0.154","",""
"gravity_well","5","7","auto","","10","10","4.8999999999999995","4.8999999999999995","4.8999999999999995","3.4479999999999995","0.181","",""
"gravity_well","5","8","auto","","10","10","4.8999999999999995","4.8999999999999995","4.8999999999999995","3.4479999999999995","0.141","",""
"gravity_well","5","9","auto","","10","10","4.8999999999999995","4.8999999999999995","4.8999999999999995","3.4479999999999995","0.149","",""
"gravity_well","5","10","auto","","10","10","4.8999999999999995","4.8999999999999995","4.8999999999999995","3.4479999999999995","0.156","",""
"gravity_well","5","11","auto","","10","10","4.8999999999999995","4.8999999999999995","4.8999999999999995","3.4479999999999995","0.207","",""
"gravity_well","5","12","auto","","10","10","4.8999999999999995","4.8999999999999995","4.8999999999999995","3.4479999999999995","0.184","",""
"gravity_well","5","13","auto","","10","10","4.8999999999999995","4.8999999999999995","4.8999999999999995","3.4479999999999995","0.192","",""
"gravity_well","5","14","auto","","10","10","4.8999999999999995","4.8999999999999995","4.8999999999999995","3.4479999999999995","0.176","",""
"gravity_well","5","15","auto","","10","10","4.8999999999999995","4.8999999999999995","4.8999999999999995","3.4479999999999995","0.2","",""
"gravity_well","5","16","auto","","10","10","4.8999999999999995","4.8999999999999995","4.8999999999999995","3.4479999999999995","0.19","",""
"gravity_well","5","17","auto","","10","10","4.8999999999999995","4.8999999999999995","4.8999999999999995","3.4479999999999995","0.17","",""
"gravity_well","5","18","auto","","10","10","4.8999999999999995","4.8999999999999995","4.8999999999999995","3.4479999999999995","0.197","",""
"gravity_well","5","19","auto","","10","10","4.8999999999999995","4.8999999999999995","4.8999999999999995","3.4479999999999995","0.178","",""
"gravity_well","5","20","auto","","10","10","4.8999999999999995","4.8999999999999995","4.8999999999999995","3.4479999999999995","0.187","",""
"gravity_well","6","1","auto","","10","10","4.628691750158653","4.628691750158653","4.628691750158653","3.2617443751081736","0.174","",""
"gravity_well","6","2","auto","","10","10","4.628691750158653","4.628691750158653","4.628691750158653","3.2617443751081736","0.173","",""
"gravity_well","6","3","auto","","10","10","4.628691750158653","4.628691750158653","4.628691750158653","3.2617443751081736","0.204","",""
"gravity_well","6","4","auto","","10","10","4.628691750158653","4.628691750158653","4.628691750158653","3.2617443751081736","0.167","",""
"gravity_well","6","5","auto","","10","10","4.628691750158653","4.628691750158653","4.628691750158653","3.2617443751081736","0.168","",""
"gravity_well","6","6","auto","","10","10","4.8999999999999995","4.8999999999999995","4.8999999999999995","3.4479999999999995","0.179","",""
"gravity_well","6","7","auto","","10","10","4.8999999999999995","4.8999999999999995","4.8999999999999995","3.4479999999999995","0.181","",""
"gravity_well","6","8","auto","","10","10","4.8999999999999995","4.8999999999999995","4.8999999999999995","3.4479999999999995","0.152","",""
"gravity_well","6","9","auto","","10","10","4.8999999999999995","4.8999999999999995","4.8999999999999995","3.4479999999999995","0.147","",""
"gravity_well","6","10","auto","","10","10","4.8999999999999995","4.8999999999999995","4.8999999999999995","3.4479999999999995","0.194","",""
"gravity_well","6","11","auto","","10","10","4.8999999999999995","4.8999999999999995","4.8999999999999995","3.4479999999999995","0.182","",""
"gravity_well","6","12","auto","","10","10","4.8999999999999995","4.8999999999999995","4.8999999999999995","3.4479999999999995","0.184","",""
"gravity_well","6","13","auto","","10","10","4.8999999999999995","4.8999999999999995","4.8999999999999995","3.4479999999999995","0.185","",""
"gravity_well","6","14","auto","","10","10","4.8999999999999995","4.8999999999999995","4.8999999999999995","3.4479999999999995","0.186","",""
"gravity_well","6","15","auto","","10","10","4.8999999999999995","4.8999999999999995","4.8999999999999995","3.4479999999999995","0.177","",""
"gravity_well","6","16","auto","","10","10","4.8999999999999995","4.8999999999999995","4.8999999999999995","3.4479999999999995","0.191","",""
"gravity_well","6","17","auto","","10","10","4.8999999999999995","4.8999999999999995","4.8999999999999995","3.4479999999999995","0.188","",""
"gravity_well","6","18","auto","","10","10","4.8999999999999995","4.8999999999999995","4.8999999999999995","3.4479999999999995","0.19","",""
"gravity_well","6","19","auto","","10","10","4.8999999999999995","4.8999999999999995","4.8999999999999995","3.4479999999999995","0.24","",""
"gravity_well","6","20","auto","","10","10","4.8999999999999995","4.8999999999999995","4.8999999999999995","3.4479999999999995","0.173","",""
"sector_painter","1","1","auto","","10","10","3.6676180828526728","3.6676180828526728","3.6676180828526728","2.8751032383086406","0.223","",""
"sector_painter","1","2","auto","","10","10","3.6676180828526728","3.6676180828526728","3.6676180828526728","2.8751032383086406","0.271","",""
"sector_painter","1","3","auto","","10","10","3.6676180828526728","3.6676180828526728","3.6676180828526728","2.8751032383086406","0.213","",""
"sector_painter","1","4","auto","","10","10","3.6676180828526728","3.6676180828526728","3.6676180828526728","2.8751032383086406","0.198","",""
"sector_painter","1","5","auto","","10","10","3.6676180828526728","3.6676180828526728","3.6676180828526728","2.8751032383086406","0.206","",""
"sector_painter","1","6","auto","","10","10","3.6676180828526728","3.6676180828526728","3.6676180828526728","2.8751032383086406","0.191","",""
"sector_painter","1","7","auto","","10","10","3.6676180828526728","3.6676180828526728","3.6676180828526728","2.8751032383086406","0.212","",""
"sector_painter","1","8","auto","","10","10","3.6676180828526728","3.6676180828526728","3.6676180828526728","2.8751032383086406","0.227","",""
"sector_painter","1","9","auto","","10","10","3.6676180828526728","3.6676180828526728","3.6676180828526728","2.8751032383086406","0.19","",""
"sector_painter","1","10","auto","","10","10","3.6676180828526728","3.6676180828526728","3.6676180828526728","2.8751032383086406","0.247","",""
"sector_painter","1","11","auto","","10","10","3.6676180828526728","3.6676180828526728","3.6676180828526728","2.8751032383086406","0.255","",""
"sector_painter","1","12","auto","","10","10","3.6676180828526728","3.6676180828526728","3.6676180828526728","2.8751032383086406","0.186","",""
"sector_painter","1","13","auto","","10","10","3.6676180828526728","3.6676180828526728","3.6676180828526728","2.8751032383086406","0.157","",""
"sector_painter","1","14","auto","","10","10","3.6676180828526728","3.6676180828526728","3.6676180828526728","2.8751032383086406","0.172","",""
"sector_painter","1","15","auto","","10","10","3.6676180828526728","3.6676180828526728","3.6676180828526728","2.8751032383086406","0.208","",""
"sector_painter","1","16","auto","","10","10","3.6676180828526728","3.6676180828526728","3.6676180828526728","2.8751032383086406","0.197","",""
"sector_painter","1","17","auto","","10","10","3.6676180828526728","3.6676180828526728","3.6676180828526728","2.8751032383086406","0.209","",""
"sector_painter","1","18","auto","","10","10","3.6676180828526728","3.6676180828526728","3.6676180828526728","2.8751032383086406","0.274","",""
"sector_painter","1","19","auto","","10","10","3.6676180828526728","3.6676180828526728","3.6676180828526728","2.8751032383086406","0.174","",""
"sector_painter","1","20","auto","","10","10","3.6676180828526728","3.6676180828526728","3.6676180828526728","2.8751032383086406","0.19","",""
"sector_painter","2","1","auto","","10","10","3.71","3.71","3.71","2.904","1.087","",""
"sector_painter","2","2","auto","","10","10","3.71","3.71","3.71","2.904","0.327","",""
"sector_painter","2","3","auto","","10","10","3.71","3.71","3.71","2.904","0.278","",""
"sector_painter","2","4","auto","","10","10","3.71","3.71","3.71","2.904","0.999","",""
"sector_painter","2","5","auto","","10","10","3.71","3.71","3.71","2.904","0.364","",""
"sector_painter","2","6","auto","","10","10","3.7473835003173086","3.7473835003173086","3.7473835003173086","2.929488750216347","0.773","",""
"sector_painter","2","7","auto","","10","10","3.7473835003173086","3.7473835003173086","3.7473835003173086","2.929488750216347","0.544","",""
"sector_painter","2","8","auto","","10","10","3.7473835003173086","3.7473835003173086","3.7473835003173086","2.929488750216347","0.618","",""
"sector_painter","2","9","auto","","10","10","3.7473835003173086","3.7473835003173086","3.7473835003173086","2.929488750216347","0.793","",""
"sector_painter","2","10","auto","","10","10","3.7473835003173086","3.7473835003173086","3.7473835003173086","2.929488750216347","0.326","",""
"sector_painter","2","11","auto","","10","10","3.7473835003173086","3.7473835003173086","3.7473835003173086","2.929488750216347","0.936","",""
"sector_painter","2","12","auto","","10","10","3.7473835003173086","3.7473835003173086","3.7473835003173086","2.929488750216347","0.409","",""
"sector_painter","2","13","auto","","10","10","3.7473835003173086","3.7473835003173086","3.7473835003173086","2.929488750216347","0.572","",""
"sector_painter","2","14","auto","","10","10","3.7473835003173086","3.7473835003173086","3.7473835003173086","2.929488750216347","0.656","",""
"sector_painter","2","15","auto","","10","10","3.7473835003173086","3.7473835003173086","3.7473835003173086","2.929488750216347","0.343","",""
"sector_painter","2","16","auto","","10","10","3.7473835003173086","3.7473835003173086","3.7473835003173086","2.929488750216347","0.287","",""
"sector_painter","2","17","auto","","10","10","3.7473835003173086","3.7473835003173086","3.7473835003173086","2.929488750216347","0.456","",""
"sector_painter","2","18","auto","","10","10","3.7473835003173086","3.7473835003173086","3.7473835003173086","2.929488750216347","0.7","",""
"sector_painter","2","19","auto","","10","10","3.7473835003173086","3.7473835003173086","3.7473835003173086","2.929488750216347","0.471","",""
"sector_painter","2","20","auto","","10","10","3.7473835003173086","3.7473835003173086","3.7473835003173086","2.929488750216347","0.524","",""
"sector_painter","3","1","auto","","10","10","3.7808241808752197","3.7808241808752197","3.7808241808752197","2.9522892142331045","0.449","",""
"sector_painter","3","2","auto","","10","10","3.7808241808752197","3.7808241808752197","3.7808241808752197","2.9522892142331045","0.329","",""
"sector_painter","3","3","auto","","10","10","3.7808241808752197","3.7808241808752197","3.7808241808752197","2.9522892142331045","0.558","",""
"sector_painter","3","4","auto","","10","10","3.7808241808752197","3.7808241808752197","3.7808241808752197","2.9522892142331045","0.499","",""
"sector_painter","3","5","auto","","10","10","3.7808241808752197","3.7808241808752197","3.7808241808752197","2.9522892142331045","1.093","",""
"sector_painter","3","6","auto","","10","10","3.8110749561002053","3.8110749561002053","3.8110749561002053","2.972914742795595","1.156","",""
"sector_painter","3","7","auto","","10","10","3.8110749561002053","3.8110749561002053","3.8110749561002053","2.972914742795595","0.634","",""
"sector_painter","3","8","auto","","10","10","3.8110749561002053","3.8110749561002053","3.8110749561002053","2.972914742795595","0.606","",""
"sector_painter","3","9","auto","","10","10","3.8110749561002053","3.8110749561002053","3.8110749561002053","2.972914742795595","0.296","",""
"sector_painter","3","10","auto","","10","10","3.8110749561002053","3.8110749561002053","3.8110749561002053","2.972914742795595","0.374","",""
"sector_painter","3","11","auto","","10","10","3.8110749561002053","3.8110749561002053","3.8110749561002053","2.972914742795595","0.273","",""
"sector_painter","3","12","auto","","10","10","3.8110749561002053","3.8110749561002053","3.8110749561002053","2.972914742795595","0.321","",""
"sector_painter","3","13","auto","","10","10","3.8110749561002053","3.8110749561002053","3.8110749561002053","2.972914742795595","0.288","",""
"sector_painter","3","14","auto","","10","10","3.8110749561002053","3.8110749561002053","3.8110749561002053","2.972914742795595","0.277","",""
"sector_painter","3","15","auto","","10","10","3.8110749561002053","3.8110749561002053","3.8110749561002053","2.972914742795595","0.288","",""
"sector_painter","3","16","auto","","10","10","3.8110749561002053","3.8110749561002053","3.8110749561002053","2.972914742795595","0.289","",""
"sector_painter","3","17","auto","","10","10","3.8110749561002053","3.8110749561002053","3.8110749561002053","2.972914742795595","0.265","",""
"sector_painter","3","18","auto","","10","10","3.8110749561002053","3.8110749561002053","3.8110749561002053","2.972914742795595","0.288","",""
"sector_painter","3","19","auto","","10","10","3.8110749561002053","3.8110749561002053","3.8110749561002053","2.972914742795595","0.358","",""
"sector_painter","3","20","auto","","10","10","3.8110749561002053","3.8110749561002053","3.8110749561002053","2.972914742795595","0.387","",""
"sector_painter","4","1","auto","","10","10","3.8110749561002053","3.8110749561002053","3.8110749561002053","2.972914742795595","0.282","",""
"sector_painter","4","2","auto","","10","10","3.8110749561002053","3.8110749561002053","3.8110749561002053","2.972914742795595","0.335","",""
"sector_painter","4","3","auto","","10","10","3.838691750158654","3.838691750158654","3.838691750158654","2.9917443751081736","0.32","",""
"sector_painter","4","4","auto","","10","10","3.838691750158654","3.838691750158654","3.838691750158654","2.9917443751081736","0.33","",""
"sector_painter","4","5","auto","","10","10","3.838691750158654","3.838691750158654","3.838691750158654","2.9917443751081736","0.396","",""
"sector_painter","4","6","auto","","10","10","3.8640967379910403","3.8640967379910403","3.8640967379910403","3.0090659577211643","0.418","",""
"sector_painter","4","7","auto","","10","10","3.8640967379910403","3.8640967379910403","3.8640967379910403","3.0090659577211643","0.377","",""
"sector_painter","4","8","auto","","10","10","3.8640967379910403","3.8640967379910403","3.8640967379910403","3.0090659577211643","0.339","",""
"sector_painter","4","9","auto","","10","10","3.8876180828526725","3.8876180828526725","3.8876180828526725","3.025103238308641","0.382","",""
"sector_painter","4","10","auto","","10","10","3.8876180828526725","3.8876180828526725","3.8876180828526725","3.025103238308641","0.446","",""
"sector_painter","4","11","auto","","10","10","3.8876180828526725","3.8876180828526725","3.8876180828526725","3.025103238308641","0.398","",""
"sector_painter","4","12","auto","","10","10","3.909515931033874","3.909515931033874","3.909515931033874","3.040033589341278","0.438","",""
"sector_painter","4","13","auto","","10","10","3.909515931033874","3.909515931033874","3.909515931033874","3.040033589341278","0.394","",""
"sector_painter","4","14","auto","","10","10","3.909515931033874","3.909515931033874","3.909515931033874","3.040033589341278","0.409","",""
"sector_painter","4","15","auto","","10","10","3.9299999999999997","3.9299999999999997","3.9299999999999997","3.0540000000000003","0.504","",""
"sector_painter","4","16","auto","","10","10","3.9299999999999997","3.9299999999999997","3.9299999999999997","3.0540000000000003","0.508","",""
"sector_painter","4","17","auto","","10","10","3.9299999999999997","3.9299999999999997","3.9299999999999997","3.0540000000000003","0.521","",""
"sector_painter","4","18","auto","","10","10","3.9299999999999997","3.9299999999999997","3.9299999999999997","3.0540000000000003","0.569","",""
"sector_painter","4","19","auto","","10","10","3.9299999999999997","3.9299999999999997","3.9299999999999997","3.0540000000000003","0.573","",""
"sector_painter","4","20","auto","","10","10","3.9299999999999997","3.9299999999999997","3.9299999999999997","3.0540000000000003","0.562","",""
"sector_painter","5","1","auto","","10","10","3.8110749561002053","3.8110749561002053","3.8110749561002053","2.972914742795595","0.313","",""
"sector_painter","5","2","auto","","10","10","3.8110749561002053","3.8110749561002053","3.8110749561002053","2.972914742795595","0.322","",""
"sector_painter","5","3","auto","","10","10","3.838691750158654","3.838691750158654","3.838691750158654","2.9917443751081736","0.316","",""
"sector_painter","5","4","auto","","10","10","3.838691750158654","3.838691750158654","3.838691750158654","2.9917443751081736","0.354","",""
"sector_painter","5","5","auto","","10","10","3.838691750158654","3.838691750158654","3.838691750158654","2.9917443751081736","0.317","",""
"sector_painter","5","6","auto","","10","10","3.8640967379910403","3.8640967379910403","3.8640967379910403","3.0090659577211643","0.331","",""
"sector_painter","5","7","auto","","10","10","3.8640967379910403","3.8640967379910403","3.8640967379910403","3.0090659577211643","0.356","",""
"sector_painter","5","8","auto","","10","10","3.8640967379910403","3.8640967379910403","3.8640967379910403","3.0090659577211643","0.353","",""
"sector_painter","5","9","auto","","10","10","3.8876180828526725","3.8876180828526725","3.8876180828526725","3.025103238308641","0.985","",""
"sector_painter","5","10","auto","","10","10","3.8876180828526725","3.8876180828526725","3.8876180828526725","3.025103238308641","0.375","",""
"sector_painter","5","11","auto","","10","10","3.8876180828526725","3.8876180828526725","3.8876180828526725","3.025103238308641","0.337","",""
"sector_painter","5","12","auto","","10","10","3.909515931033874","3.909515931033874","3.909515931033874","3.040033589341278","0.346","",""
"sector_painter","5","13","auto","","10","10","3.909515931033874","3.909515931033874","3.909515931033874","3.040033589341278","0.37","",""
"sector_painter","5","14","auto","","10","10","3.909515931033874","3.909515931033874","3.909515931033874","3.040033589341278","0.389","",""
"sector_painter","5","15","auto","","10","10","3.9299999999999997","3.9299999999999997","3.9299999999999997","3.0540000000000003","0.422","",""
"sector_painter","5","16","auto","","10","10","3.9299999999999997","3.9299999999999997","3.9299999999999997","3.0540000000000003","0.561","",""
"sector_painter","5","17","auto","","10","10","3.9299999999999997","3.9299999999999997","3.9299999999999997","3.0540000000000003","0.482","",""
"sector_painter","5","18","auto","","10","10","3.9299999999999997","3.9299999999999997","3.9299999999999997","3.0540000000000003","0.409","",""
"sector_painter","5","19","auto","","10","10","3.9299999999999997","3.9299999999999997","3.9299999999999997","3.0540000000000003","0.575","",""
"sector_painter","5","20","auto","","10","10","3.9299999999999997","3.9299999999999997","3.9299999999999997","3.0540000000000003","0.499","",""
"sector_painter","6","1","auto","","10","10","3.8110749561002053","3.8110749561002053","3.8110749561002053","2.972914742795595","0.265","",""
"sector_painter","6","2","auto","","10","10","3.8110749561002053","3.8110749561002053","3.8110749561002053","2.972914742795595","0.257","",""
"sector_painter","6","3","auto","","10","10","3.838691750158654","3.838691750158654","3.838691750158654","2.9917443751081736","0.271","",""
"sector_painter","6","4","auto","","10","10","3.838691750158654","3.838691750158654","3.838691750158654","2.9917443751081736","0.407","",""
"sector_painter","6","5","auto","","10","10","3.838691750158654","3.838691750158654","3.838691750158654","2.9917443751081736","0.395","",""
"sector_painter","6","6","auto","","10","10","3.8640967379910403","3.8640967379910403","3.8640967379910403","3.0090659577211643","0.402","",""
"sector_painter","6","7","auto","","10","10","3.8640967379910403","3.8640967379910403","3.8640967379910403","3.0090659577211643","0.347","",""
"sector_painter","6","8","auto","","10","10","3.8640967379910403","3.8640967379910403","3.8640967379910403","3.0090659577211643","0.37","",""
"sector_painter","6","9","auto","","10","10","3.8876180828526725","3.8876180828526725","3.8876180828526725","3.025103238308641","0.365","",""
"sector_painter","6","10","auto","","10","10","3.8876180828526725","3.8876180828526725","3.8876180828526725","3.025103238308641","0.4","",""
"sector_painter","6","11","auto","","10","10","3.8876180828526725","3.8876180828526725","3.8876180828526725","3.025103238308641","0.605","",""
"sector_painter","6","12","auto","","10","10","3.909515931033874","3.909515931033874","3.909515931033874","3.040033589341278","0.533","",""
"sector_painter","6","13","auto","","10","10","3.909515931033874","3.909515931033874","3.909515931033874","3.040033589341278","0.415","",""
"sector_painter","6","14","auto","","10","10","3.909515931033874","3.909515931033874","3.909515931033874","3.040033589341278","0.403","",""
"sector_painter","6","15","auto","","10","10","3.9299999999999997","3.9299999999999997","3.9299999999999997","3.0540000000000003","0.499","",""
"sector_painter","6","16","auto","","10","10","3.9299999999999997","3.9299999999999997","3.9299999999999997","3.0540000000000003","0.429","",""
"sector_painter","6","17","auto","","10","10","3.9299999999999997","3.9299999999999997","3.9299999999999997","3.0540000000000003","0.606","",""
"sector_painter","6","18","auto","","10","10","3.9299999999999997","3.9299999999999997","3.9299999999999997","3.0540000000000003","0.495","",""
"sector_painter","6","19","auto","","10","10","3.9299999999999997","3.9299999999999997","3.9299999999999997","3.0540000000000003","0.514","",""
"sector_painter","6","20","auto","","10","10","3.9299999999999997","3.9299999999999997","3.9299999999999997","3.0540000000000003","0.507","",""
"warp_fold","1","1","auto","","10","10","2.8750000000000004","2.8750000000000004","2.8750000000000004","2.37","0.186","",""
"warp_fold","1","2","auto","","10","10","2.8750000000000004","2.8750000000000004","2.8750000000000004","2.37","0.189","",""
"warp_fold","1","3","auto","","10","10","2.8750000000000004","2.8750000000000004","2.8750000000000004","2.37","0.196","",""
"warp_fold","1","4","auto","","10","10","2.8750000000000004","2.8750000000000004","2.8750000000000004","2.37","0.164","",""
"warp_fold","1","5","auto","","10","10","2.8750000000000004","2.8750000000000004","2.8750000000000004","2.37","0.165","",""
"warp_fold","1","6","auto","","10","10","2.8750000000000004","2.8750000000000004","2.8750000000000004","2.37","0.327","",""
"warp_fold","1","7","auto","","10","10","2.8750000000000004","2.8750000000000004","2.8750000000000004","2.37","0.191","",""
"warp_fold","1","8","auto","","10","10","2.8750000000000004","2.8750000000000004","2.8750000000000004","2.37","0.2","",""
"warp_fold","1","9","auto","","10","10","2.8750000000000004","2.8750000000000004","2.8750000000000004","2.37","0.219","",""
"warp_fold","1","10","auto","","10","10","2.8750000000000004","2.8750000000000004","2.8750000000000004","2.37","0.192","",""
"warp_fold","1","11","auto","","10","10","2.8750000000000004","2.8750000000000004","2.8750000000000004","2.37","0.203","",""
"warp_fold","1","12","auto","","10","10","2.8750000000000004","2.8750000000000004","2.8750000000000004","2.37","0.176","",""
"warp_fold","1","13","auto","","10","10","2.8750000000000004","2.8750000000000004","2.8750000000000004","2.37","0.243","",""
"warp_fold","1","14","auto","","10","10","2.8750000000000004","2.8750000000000004","2.8750000000000004","2.37","0.214","",""
"warp_fold","1","15","auto","","10","10","2.8750000000000004","2.8750000000000004","2.8750000000000004","2.37","0.19","",""
"warp_fold","1","16","auto","","10","10","2.8750000000000004","2.8750000000000004","2.8750000000000004","2.37","0.209","",""
"warp_fold","1","17","auto","","10","10","2.8750000000000004","2.8750000000000004","2.8750000000000004","2.37","0.19","",""
"warp_fold","1","18","auto","","10","10","2.8750000000000004","2.8750000000000004","2.8750000000000004","2.37","0.196","",""
"warp_fold","1","19","auto","","10","10","2.8750000000000004","2.8750000000000004","2.8750000000000004","2.37","0.223","",""
"warp_fold","1","20","auto","","10","10","2.8750000000000004","2.8750000000000004","2.8750000000000004","2.37","0.192","",""
"warp_fold","2","1","auto","","10","10","2.8750000000000004","2.8750000000000004","2.8750000000000004","2.37","0.332","",""
"warp_fold","2","2","auto","","10","10","2.8750000000000004","2.8750000000000004","2.8750000000000004","2.37","0.316","",""
"warp_fold","2","3","auto","","10","10","2.8750000000000004","2.8750000000000004","2.8750000000000004","2.37","0.349","",""
"warp_fold","2","4","auto","","10","10","2.8750000000000004","2.8750000000000004","2.8750000000000004","2.37","0.296","",""
"warp_fold","2","5","auto","","10","10","2.8750000000000004","2.8750000000000004","2.8750000000000004","2.37","0.281","",""
"warp_fold","2","6","auto","","10","10","3.78","3.78","3.78","3.0300000000000002","0.325","",""
"warp_fold","2","7","auto","","10","10","3.78","3.78","3.78","3.0300000000000002","0.28","",""
"warp_fold","2","8","auto","","10","10","3.78","3.78","3.78","3.0300000000000002","0.325","",""
"warp_fold","2","9","auto","","10","10","3.78","3.78","3.78","3.0300000000000002","0.318","",""
"warp_fold","2","10","auto","","10","10","3.78","3.78","3.78","3.0300000000000002","0.246","",""
"warp_fold","2","11","auto","","10","10","3.78","3.78","3.78","3.0300000000000002","0.528","",""
"warp_fold","2","12","auto","","10","10","3.78","3.78","3.78","3.0300000000000002","0.315","",""
"warp_fold","2","13","auto","","10","10","3.78","3.78","3.78","3.0300000000000002","0.258","",""
"warp_fold","2","14","auto","","10","10","3.78","3.78","3.78","3.0300000000000002","0.256","",""
"warp_fold","2","15","auto","","10","10","3.78","3.78","3.78","3.0300000000000002","0.264","",""
"warp_fold","2","16","auto","","10","10","3.78","3.78","3.78","3.0300000000000002","0.297","",""
"warp_fold","2","17","auto","","10","10","3.78","3.78","3.78","3.0300000000000002","0.254","",""
"warp_fold","2","18","auto","","10","10","3.78","3.78","3.78","3.0300000000000002","0.3","",""
"warp_fold","2","19","auto","","10","10","3.78","3.78","3.78","3.0300000000000002","0.305","",""
"warp_fold","2","20","auto","","10","10","3.78","3.78","3.78","3.0300000000000002","0.339","",""
"warp_fold","3","1","auto","","10","10","3.78","3.78","3.78","3.0300000000000002","0.273","",""
"warp_fold","3","2","auto","","10","10","3.78","3.78","3.78","3.0300000000000002","0.289","",""
"warp_fold","3","3","auto","","10","10","3.78","3.78","3.78","3.0300000000000002","0.246","",""
"warp_fold","3","4","auto","","10","10","3.78","3.78","3.78","3.0300000000000002","0.273","",""
"warp_fold","3","5","auto","","10","10","3.78","3.78","3.78","3.0300000000000002","0.302","",""
"warp_fold","3","6","auto","","10","10","3.78","3.78","3.78","3.0300000000000002","0.291","",""
"warp_fold","3","7","auto","","10","10","3.78","3.78","3.78","3.0300000000000002","0.303","",""
"warp_fold","3","8","auto","","10","10","3.78","3.78","3.78","3.0300000000000002","0.315","",""
"warp_fold","3","9","auto","","10","10","3.78","3.78","3.78","3.0300000000000002","0.277","",""
"warp_fold","3","10","auto","","10","10","3.78","3.78","3.78","3.0300000000000002","0.355","",""
"warp_fold","3","11","auto","","10","10","3.78","3.78","3.78","3.0300000000000002","0.323","",""
"warp_fold","3","12","auto","","10","10","3.78","3.78","3.78","3.0300000000000002","0.392","",""
"warp_fold","3","13","auto","","10","10","3.78","3.78","3.78","3.0300000000000002","0.297","",""
"warp_fold","3","14","auto","","10","10","3.78","3.78","3.78","3.0300000000000002","0.396","",""
"warp_fold","3","15","auto","","10","10","3.78","3.78","3.78","3.0300000000000002","0.292","",""
"warp_fold","3","16","auto","","10","10","3.78","3.78","3.78","3.0300000000000002","0.32","",""
"warp_fold","3","17","auto","","10","10","3.78","3.78","3.78","3.0300000000000002","0.292","",""
"warp_fold","3","18","auto","","10","10","3.78","3.78","3.78","3.0300000000000002","0.245","",""
"warp_fold","3","19","auto","","10","10","3.78","3.78","3.78","3.0300000000000002","0.246","",""
"warp_fold","3","20","auto","","10","10","3.78","3.78","3.78","3.0300000000000002","0.254","",""
"warp_fold","4","1","auto","","10","10","3.78","3.78","3.78","3.0300000000000002","0.287","",""
"warp_fold","4","2","auto","","10","10","3.78","3.78","3.78","3.0300000000000002","0.267","",""
"warp_fold","4","3","auto","","10","10","3.78","3.78","3.78","3.0300000000000002","0.249","",""
"warp_fold","4","4","auto","","10","10","3.78","3.78","3.78","3.0300000000000002","0.24","",""
"warp_fold","4","5","auto","","10","10","3.78","3.78","3.78","3.0300000000000002","0.275","",""
"warp_fold","4","6","auto","","10","10","3.78","3.78","3.78","3.0300000000000002","0.27","",""
"warp_fold","4","7","auto","","10","10","3.78","3.78","3.78","3.0300000000000002","0.297","",""
"warp_fold","4","8","auto","","10","10","3.78","3.78","3.78","3.0300000000000002","0.257","",""
"warp_fold","4","9","auto","","10","10","4.685","4.685","4.685","3.69","0.26","",""
"warp_fold","4","10","auto","","10","10","4.685","4.685","4.685","3.69","0.241","",""
"warp_fold","4","11","auto","","10","10","4.685","4.685","4.685","3.69","0.254","",""
"warp_fold","4","12","auto","","10","10","4.685","4.685","4.685","3.69","0.276","",""
"warp_fold","4","13","auto","","10","10","4.685","4.685","4.685","3.69","0.311","",""
"warp_fold","4","14","auto","","10","10","4.685","4.685","4.685","3.69","0.257","",""
"warp_fold","4","15","auto","","10","10","4.685","4.685","4.685","3.69","0.356","",""
"warp_fold","4","16","auto","","10","10","4.685","4.685","4.685","3.69","0.342","",""
"warp_fold","4","17","auto","","10","10","4.685","4.685","4.685","3.69","0.251","",""
"warp_fold","4","18","auto","","10","10","4.685","4.685","4.685","3.69","0.279","",""
"warp_fold","4","19","auto","","10","10","4.685","4.685","4.685","3.69","0.343","",""
"warp_fold","4","20","auto","","10","10","4.685","4.685","4.685","3.69","0.285","",""
"warp_fold","5","1","auto","","10","10","3.78","3.78","3.78","3.0300000000000002","0.269","",""
"warp_fold","5","2","auto","","10","10","3.78","3.78","3.78","3.0300000000000002","0.268","",""
"warp_fold","5","3","auto","","10","10","3.78","3.78","3.78","3.0300000000000002","0.335","",""
"warp_fold","5","4","auto","","10","10","3.78","3.78","3.78","3.0300000000000002","0.287","",""
"warp_fold","5","5","auto","","10","10","3.78","3.78","3.78","3.0300000000000002","0.278","",""
"warp_fold","5","6","auto","","10","10","3.78","3.78","3.78","3.0300000000000002","0.333","",""
"warp_fold","5","7","auto","","10","10","3.78","3.78","3.78","3.0300000000000002","0.411","",""
"warp_fold","5","8","auto","","10","10","3.78","3.78","3.78","3.0300000000000002","0.374","",""
"warp_fold","5","9","auto","","10","10","4.685","4.685","4.685","3.69","0.356","",""
"warp_fold","5","10","auto","","10","10","4.685","4.685","4.685","3.69","0.318","",""
"warp_fold","5","11","auto","","10","10","4.685","4.685","4.685","3.69","0.268","",""
"warp_fold","5","12","auto","","10","10","4.685","4.685","4.685","3.69","0.282","",""
"warp_fold","5","13","auto","","10","10","4.685","4.685","4.685","3.69","0.38","",""
"warp_fold","5","14","auto","","10","10","4.685","4.685","4.685","3.69","0.265","",""
"warp_fold","5","15","auto","","10","10","4.685","4.685","4.685","3.69","0.264","",""
"warp_fold","5","16","auto","","10","10","4.685","4.685","4.685","3.69","0.295","",""
"warp_fold","5","17","auto","","10","10","4.685","4.685","4.685","3.69","0.287","",""
"warp_fold","5","18","auto","","10","10","4.685","4.685","4.685","3.69","0.271","",""
"warp_fold","5","19","auto","","10","10","4.685","4.685","4.685","3.69","0.417","",""
"warp_fold","5","20","auto","","10","10","4.685","4.685","4.685","3.69","0.251","",""
"warp_fold","6","1","auto","","10","10","3.78","3.78","3.78","3.0300000000000002","0.235","",""
"warp_fold","6","2","auto","","10","10","3.78","3.78","3.78","3.0300000000000002","0.312","",""
"warp_fold","6","3","auto","","10","10","3.78","3.78","3.78","3.0300000000000002","0.334","",""
"warp_fold","6","4","auto","","10","10","3.78","3.78","3.78","3.0300000000000002","0.269","",""
"warp_fold","6","5","auto","","10","10","3.78","3.78","3.78","3.0300000000000002","0.328","",""
"warp_fold","6","6","auto","","10","10","3.78","3.78","3.78","3.0300000000000002","0.29","",""
"warp_fold","6","7","auto","","10","10","3.78","3.78","3.78","3.0300000000000002","0.282","",""
"warp_fold","6","8","auto","","10","10","3.78","3.78","3.78","3.0300000000000002","0.249","",""
"warp_fold","6","9","auto","","10","10","4.685","4.685","4.685","3.69","0.267","",""
"warp_fold","6","10","auto","","10","10","4.685","4.685","4.685","3.69","0.488","",""
"warp_fold","6","11","auto","","10","10","4.685","4.685","4.685","3.69","0.277","",""
"warp_fold","6","12","auto","","10","10","4.685","4.685","4.685","3.69","0.269","",""
"warp_fold","6","13","auto","","10","10","4.685","4.685","4.685","3.69","0.299","",""
"warp_fold","6","14","auto","","10","10","4.685","4.685","4.685","3.69","0.248","",""
"warp_fold","6","15","auto","","10","10","4.685","4.685","4.685","3.69","0.271","",""
"warp_fold","6","16","auto","","10","10","4.685","4.685","4.685","3.69","0.284","",""
"warp_fold","6","17","auto","","10","10","4.685","4.685","4.685","3.69","0.32","",""
"warp_fold","6","18","auto","","10","10","4.685","4.685","4.685","3.69","0.282","",""
"warp_fold","6","19","auto","","10","10","4.685","4.685","4.685","3.69","0.271","",""
"warp_fold","6","20","auto","","10","10","4.685","4.685","4.685","3.69","0.272","",""
"cube_scanner","1","1","auto","","10","10","2.7450000000000006","2.7450000000000006","2.7450000000000006","2.27","0.109","",""
"cube_scanner","1","2","auto","","10","10","2.7450000000000006","2.7450000000000006","2.7450000000000006","2.27","0.114","",""
"cube_scanner","1","3","auto","","10","10","2.7450000000000006","2.7450000000000006","2.7450000000000006","2.27","0.125","",""
"cube_scanner","1","4","auto","","10","10","2.7450000000000006","2.7450000000000006","2.7450000000000006","2.27","0.126","",""
"cube_scanner","1","5","auto","","10","10","2.7450000000000006","2.7450000000000006","2.7450000000000006","2.27","0.118","",""
"cube_scanner","1","6","auto","","10","10","2.7450000000000006","2.7450000000000006","2.7450000000000006","2.27","0.123","",""
"cube_scanner","1","7","auto","","10","10","2.7450000000000006","2.7450000000000006","2.7450000000000006","2.27","0.134","",""
"cube_scanner","1","8","auto","","10","10","2.7450000000000006","2.7450000000000006","2.7450000000000006","2.27","0.142","",""
"cube_scanner","1","9","auto","","10","10","2.7450000000000006","2.7450000000000006","2.7450000000000006","2.27","0.107","",""
"cube_scanner","1","10","auto","","10","10","2.7450000000000006","2.7450000000000006","2.7450000000000006","2.27","0.119","",""
"cube_scanner","1","11","auto","","10","10","2.7450000000000006","2.7450000000000006","2.7450000000000006","2.27","0.121","",""
"cube_scanner","1","12","auto","","10","10","2.7450000000000006","2.7450000000000006","2.7450000000000006","2.27","0.118","",""
"cube_scanner","1","13","auto","","10","10","2.7450000000000006","2.7450000000000006","2.7450000000000006","2.27","0.118","",""
"cube_scanner","1","14","auto","","10","10","2.7450000000000006","2.7450000000000006","2.7450000000000006","2.27","0.113","",""
"cube_scanner","1","15","auto","","10","10","2.7450000000000006","2.7450000000000006","2.7450000000000006","2.27","0.113","",""
"cube_scanner","1","16","auto","","10","10","2.7450000000000006","2.7450000000000006","2.7450000000000006","2.27","0.099","",""
"cube_scanner","1","17","auto","","10","10","2.7450000000000006","2.7450000000000006","2.7450000000000006","2.27","0.1","",""
"cube_scanner","1","18","auto","","10","10","2.7450000000000006","2.7450000000000006","2.7450000000000006","2.27","0.131","",""
"cube_scanner","1","19","auto","","10","10","2.7450000000000006","2.7450000000000006","2.7450000000000006","2.27","0.11","",""
"cube_scanner","1","20","auto","","10","10","2.7450000000000006","2.7450000000000006","2.7450000000000006","2.27","0.108","",""
"cube_scanner","2","1","auto","","10","10","2.7450000000000006","2.7450000000000006","2.7450000000000006","2.27","0.106","",""
"cube_scanner","2","2","auto","","10","10","2.7450000000000006","2.7450000000000006","2.7450000000000006","2.27","0.116","",""
"cube_scanner","2","3","auto","","10","10","2.7450000000000006","2.7450000000000006","2.7450000000000006","2.27","0.117","",""
"cube_scanner","2","4","auto","","10","10","2.7450000000000006","2.7450000000000006","2.7450000000000006","2.27","0.125","",""
"cube_scanner","2","5","auto","","10","10","2.7450000000000006","2.7450000000000006","2.7450000000000006","2.27","0.113","",""
"cube_scanner","2","6","auto","","10","10","2.7450000000000006","2.7450000000000006","2.7450000000000006","2.27","0.146","",""
"cube_scanner","2","7","auto","","10","10","2.7450000000000006","2.7450000000000006","2.7450000000000006","2.27","0.123","",""
"cube_scanner","2","8","auto","","10","10","2.7450000000000006","2.7450000000000006","2.7450000000000006","2.27","0.112","",""
"cube_scanner","2","9","auto","","10","10","2.7450000000000006","2.7450000000000006","2.7450000000000006","2.27","0.133","",""
"cube_scanner","2","10","auto","","10","10","2.7450000000000006","2.7450000000000006","2.7450000000000006","2.27","0.107","",""
"cube_scanner","2","11","auto","","10","10","2.7450000000000006","2.7450000000000006","2.7450000000000006","2.27","0.124","",""
"cube_scanner","2","12","auto","","10","10","2.7450000000000006","2.7450000000000006","2.7450000000000006","2.27","0.124","",""
"cube_scanner","2","13","auto","","10","10","2.7450000000000006","2.7450000000000006","2.7450000000000006","2.27","0.124","",""
"cube_scanner","2","14","auto","","10","10","2.7450000000000006","2.7450000000000006","2.7450000000000006","2.27","0.117","",""
"cube_scanner","2","15","auto","","10","10","2.7450000000000006","2.7450000000000006","2.7450000000000006","2.27","0.113","",""
"cube_scanner","2","16","auto","","10","10","2.7450000000000006","2.7450000000000006","2.7450000000000006","2.27","0.147","",""
"cube_scanner","2","17","auto","","10","10","2.7450000000000006","2.7450000000000006","2.7450000000000006","2.27","0.131","",""
"cube_scanner","2","18","auto","","10","10","2.7450000000000006","2.7450000000000006","2.7450000000000006","2.27","0.104","",""
"cube_scanner","2","19","auto","","10","10","2.7450000000000006","2.7450000000000006","2.7450000000000006","2.27","0.135","",""
"cube_scanner","2","20","auto","","10","10","2.7450000000000006","2.7450000000000006","2.7450000000000006","2.27","0.132","",""
"cube_scanner","3","1","auto","","10","10","2.7450000000000006","2.7450000000000006","3.0700000000000003","2.27","0.123","",""
"cube_scanner","3","2","auto","","10","10","2.7450000000000006","3.0700000000000003","3.0700000000000003","2.52","0.136","",""
"cube_scanner","3","3","auto","","10","10","2.7450000000000006","3.0700000000000003","3.0700000000000003","2.52","0.126","",""
"cube_scanner","3","4","auto","","10","10","2.7450000000000006","2.7450000000000006","3.0700000000000003","2.27","0.134","",""
"cube_scanner","3","5","auto","","10","10","2.7450000000000006","3.0700000000000003","3.0700000000000003","2.52","0.178","",""
"cube_scanner","3","6","auto","","10","10","2.7450000000000006","2.7450000000000006","3.0700000000000003","2.27","0.125","",""
"cube_scanner","3","7","auto","","10","10","2.7450000000000006","3.0700000000000003","3.0700000000000003","2.52","0.117","",""
"cube_scanner","3","8","auto","","10","10","2.7450000000000006","3.0700000000000003","3.0700000000000003","2.52","0.124","",""
"cube_scanner","3","9","auto","","10","10","2.7450000000000006","3.0700000000000003","3.0700000000000003","2.52","0.142","",""
"cube_scanner","3","10","auto","","10","10","2.7450000000000006","3.0700000000000003","3.0700000000000003","2.52","0.114","",""
"cube_scanner","3","11","auto","","10","10","2.7450000000000006","2.7450000000000006","3.0700000000000003","2.27","0.14","",""
"cube_scanner","3","12","auto","","10","10","2.7450000000000006","2.7450000000000006","3.0700000000000003","2.27","0.11","",""
"cube_scanner","3","13","auto","","10","10","2.7450000000000006","3.0700000000000003","3.0700000000000003","2.52","0.108","",""
"cube_scanner","3","14","auto","","10","10","2.7450000000000006","2.7450000000000006","3.0700000000000003","2.27","0.124","",""
"cube_scanner","3","15","auto","","10","10","2.7450000000000006","2.7450000000000006","3.0700000000000003","2.27","0.111","",""
"cube_scanner","3","16","auto","","10","10","2.7450000000000006","3.0700000000000003","3.0700000000000003","2.52","0.151","",""
"cube_scanner","3","17","auto","","10","10","2.7450000000000006","3.0700000000000003","3.0700000000000003","2.52","0.14","",""
"cube_scanner","3","18","auto","","10","10","2.7450000000000006","2.7450000000000006","2.7450000000000006","2.27","0.116","",""
"cube_scanner","3","19","auto","","10","10","2.7450000000000006","2.7450000000000006","3.0700000000000003","2.27","0.114","",""
"cube_scanner","3","20","auto","","10","10","2.7450000000000006","2.7450000000000006","3.0700000000000003","2.27","0.113","",""
"cube_scanner","4","1","auto","","10","10","2.7450000000000006","3.0700000000000003","3.0700000000000003","2.52","0.124","",""
"cube_scanner","4","2","auto","","10","10","2.7450000000000006","3.0700000000000003","3.3950000000000005","2.52","0.132","",""
"cube_scanner","4","3","auto","","10","10","3.0700000000000003","3.3950000000000005","3.3950000000000005","2.77","0.126","",""
"cube_scanner","4","4","auto","","10","10","2.7450000000000006","3.3950000000000005","3.3950000000000005","2.77","0.131","",""
"cube_scanner","4","5","auto","","10","10","2.7450000000000006","3.3950000000000005","3.3950000000000005","2.77","0.142","",""
"cube_scanner","4","6","auto","","10","10","2.7450000000000006","3.0700000000000003","3.3950000000000005","2.52","0.137","",""
"cube_scanner","4","7","auto","","10","10","2.7450000000000006","3.0700000000000003","3.3950000000000005","2.52","0.126","",""
"cube_scanner","4","8","auto","","10","10","2.7450000000000006","3.3950000000000005","3.3950000000000005","2.77","0.133","",""
"cube_scanner","4","9","auto","","10","10","2.7450000000000006","3.0700000000000003","3.3950000000000005","2.52","0.164","",""
"cube_scanner","4","10","auto","","10","10","2.7450000000000006","3.3950000000000005","3.3950000000000005","2.77","0.125","",""
"cube_scanner","4","11","auto","","10","10","2.7450000000000006","3.0700000000000003","3.3950000000000005","2.52","0.125","",""
"cube_scanner","4","12","auto","","10","10","2.7450000000000006","3.0700000000000003","3.3950000000000005","2.52","0.128","",""
"cube_scanner","4","13","auto","","10","10","2.7450000000000006","3.0700000000000003","3.3950000000000005","2.52","0.139","",""
"cube_scanner","4","14","auto","","10","10","2.7450000000000006","3.0700000000000003","3.0700000000000003","2.52","0.156","",""
"cube_scanner","4","15","auto","","10","10","2.7450000000000006","2.7450000000000006","3.3950000000000005","2.27","0.17","",""
"cube_scanner","4","16","auto","","10","10","2.7450000000000006","3.0700000000000003","3.3950000000000005","2.52","0.107","",""
"cube_scanner","4","17","auto","","10","10","2.7450000000000006","3.0700000000000003","3.3950000000000005","2.52","0.138","",""
"cube_scanner","4","18","auto","","10","10","2.7450000000000006","3.0700000000000003","3.3950000000000005","2.52","0.15","",""
"cube_scanner","4","19","auto","","10","10","2.7450000000000006","3.0700000000000003","3.3950000000000005","2.52","0.148","",""
"cube_scanner","4","20","auto","","10","10","2.7450000000000006","3.3950000000000005","3.3950000000000005","2.77","0.125","",""
"cube_scanner","5","1","auto","","10","10","2.7450000000000006","3.0700000000000003","3.3950000000000005","2.52","0.129","",""
"cube_scanner","5","2","auto","","10","10","2.7450000000000006","3.0700000000000003","3.3950000000000005","2.52","0.125","",""
"cube_scanner","5","3","auto","","10","10","2.7450000000000006","3.3950000000000005","3.3950000000000005","2.77","0.146","",""
"cube_scanner","5","4","auto","","10","10","2.7450000000000006","3.0700000000000003","3.3950000000000005","2.52","0.139","",""
"cube_scanner","5","5","auto","","10","10","2.7450000000000006","3.0700000000000003","3.3950000000000005","2.52","0.129","",""
"cube_scanner","5","6","auto","","10","10","2.7450000000000006","3.0700000000000003","3.0700000000000003","2.52","0.142","",""
"cube_scanner","5","7","auto","","10","10","2.7450000000000006","3.0700000000000003","3.3950000000000005","2.52","0.131","",""
"cube_scanner","5","8","auto","","10","10","2.7450000000000006","3.0700000000000003","3.3950000000000005","2.52","0.151","",""
"cube_scanner","5","9","auto","","10","10","2.7450000000000006","3.0700000000000003","3.3950000000000005","2.52","0.138","",""
"cube_scanner","5","10","auto","","10","10","2.7450000000000006","3.0700000000000003","3.3950000000000005","2.52","0.165","",""
"cube_scanner","5","11","auto","","10","10","2.7450000000000006","3.0700000000000003","3.3950000000000005","2.52","0.122","",""
"cube_scanner","5","12","auto","","10","10","3.0700000000000003","3.0700000000000003","3.3950000000000005","2.52","0.124","",""
"cube_scanner","5","13","auto","","10","10","2.7450000000000006","3.0700000000000003","3.3950000000000005","2.52","0.152","",""
"cube_scanner","5","14","auto","","10","10","2.7450000000000006","3.3950000000000005","3.3950000000000005","2.77","0.131","",""
"cube_scanner","5","15","auto","","10","10","2.7450000000000006","3.0700000000000003","3.3950000000000005","2.52","0.143","",""
"cube_scanner","5","16","auto","","10","10","2.7450000000000006","3.3950000000000005","3.3950000000000005","2.77","0.14","",""
"cube_scanner","5","17","auto","","10","10","2.7450000000000006","3.3950000000000005","3.3950000000000005","2.77","0.134","",""
"cube_scanner","5","18","auto","","10","10","2.7450000000000006","3.3950000000000005","3.3950000000000005","2.77","0.15","",""
"cube_scanner","5","19","auto","","10","10","3.0700000000000003","3.3950000000000005","3.3950000000000005","2.77","0.132","",""
"cube_scanner","5","20","auto","","10","10","2.7450000000000006","3.0700000000000003","3.3950000000000005","2.52","0.166","",""
"cube_scanner","6","1","auto","","10","10","2.7450000000000006","3.0700000000000003","3.3950000000000005","2.52","0.128","",""
"cube_scanner","6","2","auto","","10","10","3.0700000000000003","3.0700000000000003","3.3950000000000005","2.52","0.117","",""
"cube_scanner","6","3","auto","","10","10","2.7450000000000006","3.0700000000000003","3.3950000000000005","2.52","0.146","",""
"cube_scanner","6","4","auto","","10","10","2.7450000000000006","3.3950000000000005","3.3950000000000005","2.77","0.112","",""
"cube_scanner","6","5","auto","","10","10","2.7450000000000006","3.0700000000000003","3.3950000000000005","2.52","0.135","",""
"cube_scanner","6","6","auto","","10","10","2.7450000000000006","3.0700000000000003","3.0700000000000003","2.52","0.12","",""
"cube_scanner","6","7","auto","","10","10","2.7450000000000006","3.3950000000000005","3.3950000000000005","2.77","0.118","",""
"cube_scanner","6","8","auto","","10","10","2.7450000000000006","3.0700000000000003","3.3950000000000005","2.52","0.109","",""
"cube_scanner","6","9","auto","","10","10","3.0700000000000003","3.3950000000000005","3.3950000000000005","2.77","0.108","",""
"cube_scanner","6","10","auto","","10","10","2.7450000000000006","3.0700000000000003","3.0700000000000003","2.52","0.101","",""
"cube_scanner","6","11","auto","","10","10","2.7450000000000006","3.3950000000000005","3.3950000000000005","2.77","0.107","",""
"cube_scanner","6","12","auto","","10","10","3.0700000000000003","3.3950000000000005","3.3950000000000005","2.77","0.11","",""
"cube_scanner","6","13","auto","","10","10","3.0700000000000003","3.3950000000000005","3.3950000000000005","2.77","0.111","",""
"cube_scanner","6","14","auto","","10","10","2.7450000000000006","3.0700000000000003","3.3950000000000005","2.52","0.127","",""
"cube_scanner","6","15","auto","","10","10","2.7450000000000006","3.0700000000000003","3.3950000000000005","2.52","0.11","",""
"cube_scanner","6","16","auto","","10","10","2.7450000000000006","3.0700000000000003","3.3950000000000005","2.52","0.102","",""
"cube_scanner","6","17","auto","","10","10","2.7450000000000006","3.0700000000000003","3.3950000000000005","2.52","0.112","",""
"cube_scanner","6","18","auto","","10","10","2.7450000000000006","3.3950000000000005","3.3950000000000005","2.77","0.117","",""
"cube_scanner","6","19","auto","","10","10","2.7450000000000006","3.3950000000000005","3.3950000000000005","2.77","0.113","",""
"cube_scanner","6","20","auto","","10","10","2.7450000000000006","3.0700000000000003","3.3950000000000005","2.52","0.115","",""
"circuit_repair","1","1","auto","","10","10","3.05","3.05","3.05","2.466","0.113","",""
"circuit_repair","1","2","auto","","10","10","3.05","3.05","3.05","2.466","0.116","",""
"circuit_repair","1","3","auto","","10","10","3.05","3.05","3.05","2.466","0.098","",""
"circuit_repair","1","4","auto","","10","10","3.05","3.05","3.05","2.466","0.101","",""
"circuit_repair","1","5","auto","","10","10","3.05","3.05","3.05","2.466","0.11","",""
"circuit_repair","1","6","auto","","10","10","3.05","3.05","3.05","2.466","0.098","",""
"circuit_repair","1","7","auto","","10","10","3.05","3.05","3.05","2.466","0.107","",""
"circuit_repair","1","8","auto","","10","10","3.05","3.05","3.05","2.466","0.085","",""
"circuit_repair","1","9","auto","","10","10","3.05","3.05","3.05","2.466","0.126","",""
"circuit_repair","1","10","auto","","10","10","3.05","3.05","3.05","2.466","0.143","",""
"circuit_repair","1","11","auto","","10","10","3.05","3.05","3.05","2.466","0.121","",""
"circuit_repair","1","12","auto","","10","10","3.05","3.05","3.05","2.466","0.1","",""
"circuit_repair","1","13","auto","","10","10","3.05","3.05","3.05","2.466","0.109","",""
"circuit_repair","1","14","auto","","10","10","3.05","3.05","3.05","2.466","0.1","",""
"circuit_repair","1","15","auto","","10","10","3.05","3.05","3.05","2.466","0.091","",""
"circuit_repair","1","16","auto","","10","10","3.05","3.05","3.05","2.466","0.083","",""
"circuit_repair","1","17","auto","","10","10","3.05","3.05","3.05","2.466","0.092","",""
"circuit_repair","1","18","auto","","10","10","3.05","3.05","3.05","2.466","0.085","",""
"circuit_repair","1","19","auto","","10","10","3.05","3.05","3.05","2.466","0.092","",""
"circuit_repair","1","20","auto","","10","10","3.05","3.05","3.05","2.466","0.075","",""
"circuit_repair","2","1","auto","","10","10","3.05","3.05","3.05","2.466","0.077","",""
"circuit_repair","2","2","auto","","10","10","3.05","3.05","3.05","2.466","0.086","",""
"circuit_repair","2","3","auto","","10","10","3.05","3.05","3.05","2.466","0.092","",""
"circuit_repair","2","4","auto","","10","10","3.05","3.05","3.05","2.466","0.082","",""
"circuit_repair","2","5","auto","","10","10","3.05","3.05","3.05","2.466","0.093","",""
"circuit_repair","2","6","auto","","10","10","3.05","3.05","3.05","2.466","0.083","",""
"circuit_repair","2","7","auto","","10","10","3.05","3.05","3.05","2.466","0.097","",""
"circuit_repair","2","8","auto","","10","10","3.05","3.05","3.05","2.466","0.093","",""
"circuit_repair","2","9","auto","","10","10","3.05","3.05","3.05","2.466","0.089","",""
"circuit_repair","2","10","auto","","10","10","3.05","3.05","3.05","2.466","0.077","",""
"circuit_repair","2","11","auto","","10","10","3.05","3.05","3.05","2.466","0.076","",""
"circuit_repair","2","12","auto","","10","10","3.05","3.05","3.05","2.466","0.086","",""
"circuit_repair","2","13","auto","","10","10","3.05","3.05","3.05","2.466","0.093","",""
"circuit_repair","2","14","auto","","10","10","3.05","3.05","3.05","2.466","0.073","",""
"circuit_repair","2","15","auto","","10","10","3.05","3.05","3.05","2.466","0.087","",""
"circuit_repair","2","16","auto","","10","10","3.05","3.05","3.05","2.466","0.117","",""
"circuit_repair","2","17","auto","","10","10","3.05","3.05","3.05","2.466","0.103","",""
"circuit_repair","2","18","auto","","10","10","3.05","3.05","3.05","2.466","0.108","",""
"circuit_repair","2","19","auto","","10","10","3.05","3.05","3.05","2.466","0.104","",""
"circuit_repair","2","20","auto","","10","10","3.05","3.05","3.05","2.466","0.097","",""
"circuit_repair","3","1","auto","","10","10","3.05","3.05","3.05","2.466","0.141","",""
"circuit_repair","3","2","auto","","10","10","3.05","3.05","3.05","2.466","0.144","",""
"circuit_repair","3","3","auto","","10","10","3.05","3.05","3.05","2.466","0.103","",""
"circuit_repair","3","4","auto","","10","10","3.05","3.05","3.05","2.466","0.099","",""
"circuit_repair","3","5","auto","","10","10","3.05","3.05","3.05","2.466","0.099","",""
"circuit_repair","3","6","auto","","10","10","3.05","3.05","3.05","2.466","0.101","",""
"circuit_repair","3","7","auto","","10","10","3.05","3.05","3.05","2.466","0.115","",""
"circuit_repair","3","8","auto","","10","10","3.05","3.05","3.05","2.466","0.138","",""
"circuit_repair","3","9","auto","","10","10","3.05","3.05","3.05","2.466","0.118","",""
"circuit_repair","3","10","auto","","10","10","3.05","3.05","3.05","2.466","0.148","",""
"circuit_repair","3","11","auto","","10","10","3.05","3.05","3.05","2.466","0.118","",""
"circuit_repair","3","12","auto","","10","10","3.05","3.05","3.05","2.466","0.125","",""
"circuit_repair","3","13","auto","","10","10","3.05","3.05","3.05","2.466","0.099","",""
"circuit_repair","3","14","auto","","10","10","3.05","3.05","3.05","2.466","0.093","",""
"circuit_repair","3","15","auto","","10","10","3.05","3.05","3.05","2.466","0.099","",""
"circuit_repair","3","16","auto","","10","10","3.05","3.05","3.05","2.466","0.09","",""
"circuit_repair","3","17","auto","","10","10","3.05","3.05","3.05","2.466","0.119","",""
"circuit_repair","3","18","auto","","10","10","3.05","3.05","3.05","2.466","0.092","",""
"circuit_repair","3","19","auto","","10","10","3.05","3.05","3.05","2.466","0.094","",""
"circuit_repair","3","20","auto","","10","10","3.05","3.05","3.05","2.466","0.095","",""
"circuit_repair","4","1","auto","","10","10","3.05","3.05","3.05","2.466","0.088","",""
"circuit_repair","4","2","auto","","10","10","3.05","3.05","3.05","2.466","0.092","",""
"circuit_repair","4","3","auto","","10","10","3.05","3.05","3.05","2.466","0.104","",""
"circuit_repair","4","4","auto","","10","10","3.05","3.05","3.05","2.466","0.098","",""
"circuit_repair","4","5","auto","","10","10","3.05","3.05","3.05","2.466","0.124","",""
"circuit_repair","4","6","auto","","10","10","3.05","3.05","3.05","2.466","0.111","",""
"circuit_repair","4","7","auto","","10","10","3.05","3.05","3.05","2.466","0.151","",""
"circuit_repair","4","8","auto","","10","10","3.05","3.05","3.05","2.466","0.119","",""
"circuit_repair","4","9","auto","","10","10","3.05","3.05","3.05","2.466","0.169","",""
"circuit_repair","4","10","auto","","10","10","3.05","3.05","3.05","2.466","0.109","",""
"circuit_repair","4","11","auto","","10","10","3.05","3.05","3.05","2.466","0.106","",""
"circuit_repair","4","12","auto","","10","10","3.05","3.05","3.05","2.466","0.096","",""
"circuit_repair","4","13","auto","","10","10","3.05","3.05","3.05","2.466","0.106","",""
"circuit_repair","4","14","auto","","10","10","3.05","3.05","3.05","2.466","0.11","",""
"circuit_repair","4","15","auto","","10","10","3.05","3.05","3.05","2.466","0.112","",""
"circuit_repair","4","16","auto","","10","10","3.05","3.05","3.05","2.466","0.103","",""
"circuit_repair","4","17","auto","","10","10","3.05","3.05","3.05","2.466","0.119","",""
"circuit_repair","4","18","auto","","10","10","3.05","3.05","3.05","2.466","0.094","",""
"circuit_repair","4","19","auto","","10","10","3.05","3.05","3.05","2.466","0.121","",""
"circuit_repair","4","20","auto","","10","10","3.05","3.05","3.05","2.466","0.116","",""
"circuit_repair","5","1","auto","","10","10","3.05","3.05","3.05","2.466","0.106","",""
"circuit_repair","5","2","auto","","10","10","3.05","3.05","3.05","2.466","0.127","",""
"circuit_repair","5","3","auto","","10","10","3.05","3.05","3.05","2.466","0.125","",""
"circuit_repair","5","4","auto","","10","10","3.05","3.05","3.05","2.466","0.136","",""
"circuit_repair","5","5","auto","","10","10","3.05","3.05","3.05","2.466","0.119","",""
"circuit_repair","5","6","auto","","10","10","3.05","3.05","3.05","2.466","0.102","",""
"circuit_repair","5","7","auto","","10","10","3.05","3.05","3.05","2.466","0.115","",""
"circuit_repair","5","8","auto","","10","10","3.05","3.05","3.05","2.466","0.096","",""
"circuit_repair","5","9","auto","","10","10","3.05","3.05","3.05","2.466","0.094","",""
"circuit_repair","5","10","auto","","10","10","3.05","3.05","3.05","2.466","0.089","",""
"circuit_repair","5","11","auto","","10","10","3.05","3.05","3.05","2.466","0.084","",""
"circuit_repair","5","12","auto","","10","10","3.05","3.05","3.05","2.466","0.109","",""
"circuit_repair","5","13","auto","","10","10","3.05","3.05","3.05","2.466","0.098","",""
"circuit_repair","5","14","auto","","10","10","3.05","3.05","3.05","2.466","0.103","",""
"circuit_repair","5","15","auto","","10","10","3.05","3.05","3.05","2.466","0.099","",""
"circuit_repair","5","16","auto","","10","10","3.05","3.05","3.05","2.466","0.103","",""
"circuit_repair","5","17","auto","","10","10","3.05","3.05","3.05","2.466","0.104","",""
"circuit_repair","5","18","auto","","10","10","3.05","3.05","3.05","2.466","0.113","",""
"circuit_repair","5","19","auto","","10","10","3.05","3.05","3.05","2.466","0.103","",""
"circuit_repair","5","20","auto","","10","10","3.05","3.05","3.05","2.466","0.114","",""
"circuit_repair","6","1","auto","","10","10","3.05","3.05","3.05","2.466","0.097","",""
"circuit_repair","6","2","auto","","10","10","3.05","3.05","3.05","2.466","0.101","",""
"circuit_repair","6","3","auto","","10","10","3.05","3.05","3.05","2.466","0.096","",""
"circuit_repair","6","4","auto","","10","10","3.05","3.05","3.05","2.466","0.092","",""
"circuit_repair","6","5","auto","","10","10","3.05","3.05","3.05","2.466","0.103","",""
"circuit_repair","6","6","auto","","10","10","3.05","3.05","3.05","2.466","0.104","",""
"circuit_repair","6","7","auto","","10","10","3.05","3.05","3.05","2.466","0.106","",""
"circuit_repair","6","8","auto","","10","10","3.05","3.05","3.05","2.466","0.101","",""
"circuit_repair","6","9","auto","","10","10","3.05","3.05","3.05","2.466","0.104","",""
"circuit_repair","6","10","auto","","10","10","3.05","3.05","3.05","2.466","0.096","",""
"circuit_repair","6","11","auto","","10","10","3.05","3.05","3.05","2.466","0.126","",""
"circuit_repair","6","12","auto","","10","10","3.05","3.05","3.05","2.466","0.118","",""
"circuit_repair","6","13","auto","","10","10","3.05","3.05","3.05","2.466","0.096","",""
"circuit_repair","6","14","auto","","10","10","3.05","3.05","3.05","2.466","0.112","",""
"circuit_repair","6","15","auto","","10","10","3.05","3.05","3.05","2.466","0.099","",""
"circuit_repair","6","16","auto","","10","10","3.05","3.05","3.05","2.466","0.099","",""
"circuit_repair","6","17","auto","","10","10","3.05","3.05","3.05","2.466","0.154","",""
"circuit_repair","6","18","auto","","10","10","3.05","3.05","3.05","2.466","0.117","",""
"circuit_repair","6","19","auto","","10","10","3.05","3.05","3.05","2.466","0.115","",""
"circuit_repair","6","20","auto","","10","10","3.05","3.05","3.05","2.466","0.102","",""
"dark_matter_grid","1","1","auto","","10","10","4.95082418087522","4.95082418087522","4.95082418087522","3.758289214233104","0.126","4",""
"dark_matter_grid","1","2","auto","","10","10","4.95082418087522","4.95082418087522","4.95082418087522","3.758289214233104","0.129","5",""
"dark_matter_grid","1","3","auto","","10","10","4.95082418087522","4.95082418087522","4.95082418087522","3.758289214233104","0.112","6",""
"dark_matter_grid","1","4","auto","","10","10","4.95082418087522","4.95082418087522","4.95082418087522","3.758289214233104","0.108","7",""
"dark_matter_grid","1","5","auto","","10","10","4.95082418087522","4.95082418087522","4.95082418087522","3.758289214233104","0.149","8",""
"dark_matter_grid","1","6","auto","","10","10","4.95082418087522","4.95082418087522","4.95082418087522","3.758289214233104","0.124","8",""
"dark_matter_grid","1","7","auto","","10","10","4.95082418087522","4.95082418087522","4.95082418087522","3.758289214233104","0.127","8",""
"dark_matter_grid","1","8","auto","","10","10","4.95082418087522","4.95082418087522","4.95082418087522","3.758289214233104","0.121","8",""
"dark_matter_grid","1","9","auto","","10","10","4.95082418087522","4.95082418087522","4.95082418087522","3.758289214233104","0.122","8",""
"dark_matter_grid","1","10","auto","","10","10","4.95082418087522","4.95082418087522","4.95082418087522","3.758289214233104","0.123","8",""
"dark_matter_grid","1","11","auto","","10","10","4.95082418087522","4.95082418087522","4.95082418087522","3.758289214233104","0.156","8",""
"dark_matter_grid","1","12","auto","","10","10","4.95082418087522","4.95082418087522","4.95082418087522","3.758289214233104","0.141","8",""
"dark_matter_grid","1","13","auto","","10","10","4.95082418087522","4.95082418087522","4.95082418087522","3.758289214233104","0.152","8",""
"dark_matter_grid","1","14","auto","","10","10","4.95082418087522","4.95082418087522","4.95082418087522","3.758289214233104","0.156","8",""
"dark_matter_grid","1","15","auto","","10","10","4.95082418087522","4.95082418087522","4.95082418087522","3.758289214233104","0.153","8",""
"dark_matter_grid","1","16","auto","","10","10","4.95082418087522","4.95082418087522","4.95082418087522","3.758289214233104","0.159","8",""
"dark_matter_grid","1","17","auto","","10","10","4.95082418087522","4.95082418087522","4.95082418087522","3.758289214233104","0.117","8",""
"dark_matter_grid","1","18","auto","","10","10","4.95082418087522","4.95082418087522","4.95082418087522","3.758289214233104","0.12","8",""
"dark_matter_grid","1","19","auto","","10","10","4.95082418087522","4.95082418087522","4.95082418087522","3.758289214233104","0.136","8",""
"dark_matter_grid","1","20","auto","","10","10","4.95082418087522","4.95082418087522","4.95082418087522","3.758289214233104","0.118","8",""
"dark_matter_grid","2","1","auto","","10","10","5.119241825075075","5.119241825075075","5.119241825075075","3.873119426187551","0.126","5",""
"dark_matter_grid","2","2","auto","","10","10","5.119241825075075","5.119241825075075","5.119241825075075","3.873119426187551","0.156","6",""
"dark_matter_grid","2","3","auto","","10","10","5.119241825075075","5.119241825075075","5.119241825075075","3.873119426187551","0.139","7",""
"dark_matter_grid","2","4","auto","","10","10","5.119241825075075","5.119241825075075","5.119241825075075","3.873119426187551","0.159","8",""
"dark_matter_grid","2","5","auto","","10","10","5.119241825075075","5.119241825075075","5.119241825075075","3.873119426187551","0.142","9",""
"dark_matter_grid","2","6","auto","","10","10","5.119241825075075","5.119241825075075","5.119241825075075","3.873119426187551","0.138","10",""
"dark_matter_grid","2","7","auto","","10","10","5.119241825075075","5.119241825075075","5.119241825075075","3.873119426187551","0.152","11",""
"dark_matter_grid","2","8","auto","","10","10","5.119241825075075","5.119241825075075","5.119241825075075","3.873119426187551","0.153","12",""
"dark_matter_grid","2","9","auto","","10","10","5.119241825075075","5.119241825075075","5.119241825075075","3.873119426187551","0.164","13",""
"dark_matter_grid","2","10","auto","","10","10","5.119241825075075","5.119241825075075","5.119241825075075","3.873119426187551","0.161","14",""
"dark_matter_grid","2","11","auto","","10","10","5.119241825075075","5.119241825075075","5.119241825075075","3.873119426187551","0.141","15",""
"dark_matter_grid","2","12","auto","","10","10","5.119241825075075","5.119241825075075","5.119241825075075","3.873119426187551","0.146","15",""
"dark_matter_grid","2","13","auto","","10","10","5.119241825075075","5.119241825075075","5.119241825075075","3.873119426187551","0.153","15",""
"dark_matter_grid","2","14","auto","","10","10","5.119241825075075","5.119241825075075","5.119241825075075","3.873119426187551","0.15","15",""
"dark_matter_grid","2","15","auto","","10","10","5.119241825075075","5.119241825075075","5.119241825075075","3.873119426187551","0.16","15",""
"dark_matter_grid","2","16","auto","","10","10","5.119241825075075","5.119241825075075","5.119241825075075","3.873119426187551","0.171","15",""
"dark_matter_grid","2","17","auto","","10","10","5.119241825075075","5.119241825075075","5.119241825075075","3.873119426187551","0.168","15",""
"dark_matter_grid","2","18","auto","","10","10","5.119241825075075","5.119241825075075","5.119241825075075","3.873119426187551","0.158","15",""
"dark_matter_grid","2","19","auto","","10","10","5.119241825075075","5.119241825075075","5.119241825075075","3.873119426187551","0.138","15",""
"dark_matter_grid","2","20","auto","","10","10","5.119241825075075","5.119241825075075","5.119241825075075","3.873119426187551","0.138","15",""
"dark_matter_grid","3","1","auto","","10","10","5.25409673799104","5.25409673799104","5.25409673799104","3.9650659577211638","0.202","6",""
"dark_matter_grid","3","2","auto","","10","10","5.25409673799104","5.25409673799104","5.25409673799104","3.9650659577211638","0.195","7",""
"dark_matter_grid","3","3","auto","","10","10","5.25409673799104","5.25409673799104","5.25409673799104","3.9650659577211638","0.208","8",""
"dark_matter_grid","3","4","auto","","10","10","5.25409673799104","5.25409673799104","5.25409673799104","3.9650659577211638","0.209","9",""
"dark_matter_grid","3","5","auto","","10","10","5.25409673799104","5.25409673799104","5.25409673799104","3.9650659577211638","0.201","10",""
"dark_matter_grid","3","6","auto","","10","10","5.25409673799104","5.25409673799104","5.25409673799104","3.9650659577211638","0.218","11",""
"dark_matter_grid","3","7","auto","","10","10","5.25409673799104","5.25409673799104","5.25409673799104","3.9650659577211638","0.228","12",""
"dark_matter_grid","3","8","auto","","10","10","5.25409673799104","5.25409673799104","5.25409673799104","3.9650659577211638","0.286","13",""
"dark_matter_grid","3","9","auto","","10","10","5.25409673799104","5.25409673799104","5.25409673799104","3.9650659577211638","0.299","14",""
"dark_matter_grid","3","10","auto","","10","10","5.25409673799104","5.25409673799104","5.25409673799104","3.9650659577211638","0.304","15",""
"dark_matter_grid","3","11","auto","","10","10","5.25409673799104","5.25409673799104","5.25409673799104","3.9650659577211638","0.288","16",""
"dark_matter_grid","3","12","auto","","10","10","5.25409673799104","5.25409673799104","5.25409673799104","3.9650659577211638","0.198","17",""
"dark_matter_grid","3","13","auto","","10","10","5.25409673799104","5.25409673799104","5.25409673799104","3.9650659577211638","0.206","18",""
"dark_matter_grid","3","14","auto","","10","10","5.25409673799104","5.25409673799104","5.25409673799104","3.9650659577211638","0.198","19",""
"dark_matter_grid","3","15","auto","","10","10","5.25409673799104","5.25409673799104","5.25409673799104","3.9650659577211638","0.281","20",""
"dark_matter_grid","3","16","auto","","10","10","5.25409673799104","5.25409673799104","5.25409673799104","3.9650659577211638","0.223","21",""
"dark_matter_grid","3","17","auto","","10","10","5.25409673799104","5.25409673799104","5.25409673799104","3.9650659577211638","0.269","22",""
"dark_matter_grid","3","18","auto","","10","10","5.25409673799104","5.25409673799104","5.25409673799104","3.9650659577211638","0.232","23",""
"dark_matter_grid","3","19","auto","","10","10","5.25409673799104","5.25409673799104","5.25409673799104","3.9650659577211638","0.283","24",""
"dark_matter_grid","3","20","auto","","10","10","5.25409673799104","5.25409673799104","5.25409673799104","3.9650659577211638","0.337","24",""
"dark_matter_grid","4","1","auto","","10","10","5.25409673799104","5.25409673799104","5.25409673799104","3.9650659577211638","0.267","6",""
"dark_matter_grid","4","2","auto","","10","10","5.25409673799104","5.25409673799104","5.25409673799104","3.9650659577211638","0.351","7",""
"dark_matter_grid","4","3","auto","","10","10","5.25409673799104","5.25409673799104","5.25409673799104","3.9650659577211638","0.184","8",""
"dark_matter_grid","4","4","auto","","10","10","5.25409673799104","5.25409673799104","5.25409673799104","3.9650659577211638","0.198","9",""
"dark_matter_grid","4","5","auto","","10","10","5.25409673799104","5.25409673799104","5.25409673799104","3.9650659577211638","0.196","10",""
"dark_matter_grid","4","6","auto","","10","10","5.25409673799104","5.25409673799104","5.25409673799104","3.9650659577211638","0.188","11",""
"dark_matter_grid","4","7","auto","","10","10","5.25409673799104","5.25409673799104","5.25409673799104","3.9650659577211638","0.217","12",""
"dark_matter_grid","4","8","auto","","10","10","5.25409673799104","5.25409673799104","5.25409673799104","3.9650659577211638","0.196","13",""
"dark_matter_grid","4","9","auto","","10","10","5.25409673799104","5.25409673799104","5.25409673799104","3.9650659577211638","0.253","14",""
"dark_matter_grid","4","10","auto","","10","10","5.25409673799104","5.25409673799104","5.25409673799104","3.9650659577211638","0.193","15",""
"dark_matter_grid","4","11","auto","","10","10","5.25409673799104","5.25409673799104","5.25409673799104","3.9650659577211638","0.34","16",""
"dark_matter_grid","4","12","auto","","10","10","5.25409673799104","5.25409673799104","5.25409673799104","3.9650659577211638","0.232","17",""
"dark_matter_grid","4","13","auto","","10","10","5.25409673799104","5.25409673799104","5.25409673799104","3.9650659577211638","0.272","18",""
"dark_matter_grid","4","14","auto","","10","10","5.25409673799104","5.25409673799104","5.25409673799104","3.9650659577211638","0.244","19",""
"dark_matter_grid","4","15","auto","","10","10","5.25409673799104","5.25409673799104","5.25409673799104","3.9650659577211638","0.22","20",""
"dark_matter_grid","4","16","auto","","10","10","5.25409673799104","5.25409673799104","5.25409673799104","3.9650659577211638","0.207","21",""
"dark_matter_grid","4","17","auto","","10","10","5.25409673799104","5.25409673799104","5.25409673799104","3.9650659577211638","0.236","22",""
"dark_matter_grid","4","18","auto","","10","10","5.25409673799104","5.25409673799104","5.25409673799104","3.9650659577211638","0.231","23",""
"dark_matter_grid","4","19","auto","","10","10","5.25409673799104","5.25409673799104","5.25409673799104","3.9650659577211638","0.232","24",""
"dark_matter_grid","4","20","auto","","10","10","5.25409673799104","5.25409673799104","5.25409673799104","3.9650659577211638","0.237","24",""
"dark_matter_grid","5","1","auto","","10","10","5.25409673799104","5.25409673799104","5.25409673799104","3.9650659577211638","0.178","6",""
"dark_matter_grid","5","2","auto","","10","10","5.25409673799104","5.25409673799104","5.25409673799104","3.9650659577211638","0.191","7",""
"dark_matter_grid","5","3","auto","","10","10","5.25409673799104","5.25409673799104","5.25409673799104","3.9650659577211638","0.193","8",""
"dark_matter_grid","5","4","auto","","10","10","5.25409673799104","5.25409673799104","5.25409673799104","3.9650659577211638","0.19","9",""
"dark_matter_grid","5","5","auto","","10","10","5.25409673799104","5.25409673799104","5.25409673799104","3.9650659577211638","0.209","10",""
"dark_matter_grid","5","6","auto","","10","10","5.25409673799104","5.25409673799104","5.25409673799104","3.9650659577211638","0.289","11",""
"dark_matter_grid","5","7","auto","","10","10","5.25409673799104","5.25409673799104","5.25409673799104","3.9650659577211638","0.199","12",""
"dark_matter_grid","5","8","auto","","10","10","5.25409673799104","5.25409673799104","5.25409673799104","3.9650659577211638","0.199","13",""
"dark_matter_grid","5","9","auto","","10","10","5.25409673799104","5.25409673799104","5.25409673799104","3.9650659577211638","0.195","14",""
"dark_matter_grid","5","10","auto","","10","10","5.25409673799104","5.25409673799104","5.25409673799104","3.9650659577211638","0.226","15",""
"dark_matter_grid","5","11","auto","","10","10","5.25409673799104","5.25409673799104","5.25409673799104","3.9650659577211638","0.205","16",""
"dark_matter_grid","5","12","auto","","10","10","5.25409673799104","5.25409673799104","5.25409673799104","3.9650659577211638","0.266","17",""
"dark_matter_grid","5","13","auto","","10","10","5.25409673799104","5.25409673799104","5.25409673799104","3.9650659577211638","0.29","18",""
"dark_matter_grid","5","14","auto","","10","10","5.25409673799104","5.25409673799104","5.25409673799104","3.9650659577211638","0.201","19",""
"dark_matter_grid","5","15","auto","","10","10","5.25409673799104","5.25409673799104","5.25409673799104","3.9650659577211638","0.2","20",""
"dark_matter_grid","5","16","auto","","10","10","5.25409673799104","5.25409673799104","5.25409673799104","3.9650659577211638","0.199","21",""
"dark_matter_grid","5","17","auto","","10","10","5.25409673799104","5.25409673799104","5.25409673799104","3.9650659577211638","0.265","22",""
"dark_matter_grid","5","18","auto","","10","10","5.25409673799104","5.25409673799104","5.25409673799104","3.9650659577211638","0.281","23",""
"dark_matter_grid","5","19","auto","","10","10","5.25409673799104","5.25409673799104","5.25409673799104","3.9650659577211638","0.251","24",""
"dark_matter_grid","5","20","auto","","10","10","5.25409673799104","5.25409673799104","5.25409673799104","3.9650659577211638","0.345","24",""
"dark_matter_grid","6","1","auto","","10","10","5.25409673799104","5.25409673799104","5.25409673799104","3.9650659577211638","0.211","6",""
"dark_matter_grid","6","2","auto","","10","10","5.25409673799104","5.25409673799104","5.25409673799104","3.9650659577211638","0.239","7",""
"dark_matter_grid","6","3","auto","","10","10","5.25409673799104","5.25409673799104","5.25409673799104","3.9650659577211638","0.236","8",""
"dark_matter_grid","6","4","auto","","10","10","5.25409673799104","5.25409673799104","5.25409673799104","3.9650659577211638","0.251","9",""
"dark_matter_grid","6","5","auto","","10","10","5.25409673799104","5.25409673799104","5.25409673799104","3.9650659577211638","0.253","10",""
"dark_matter_grid","6","6","auto","","10","10","5.25409673799104","5.25409673799104","5.25409673799104","3.9650659577211638","0.208","11",""
"dark_matter_grid","6","7","auto","","10","10","5.25409673799104","5.25409673799104","5.25409673799104","3.9650659577211638","0.344","12",""
"dark_matter_grid","6","8","auto","","10","10","5.25409673799104","5.25409673799104","5.25409673799104","3.9650659577211638","0.211","13",""
"dark_matter_grid","6","9","auto","","10","10","5.25409673799104","5.25409673799104","5.25409673799104","3.9650659577211638","0.284","14",""
"dark_matter_grid","6","10","auto","","10","10","5.25409673799104","5.25409673799104","5.25409673799104","3.9650659577211638","0.188","15",""
"dark_matter_grid","6","11","auto","","10","10","5.25409673799104","5.25409673799104","5.25409673799104","3.9650659577211638","0.2","16",""
"dark_matter_grid","6","12","auto","","10","10","5.25409673799104","5.25409673799104","5.25409673799104","3.9650659577211638","0.23","17",""
"dark_matter_grid","6","13","auto","","10","10","5.25409673799104","5.25409673799104","5.25409673799104","3.9650659577211638","0.24","18",""
"dark_matter_grid","6","14","auto","","10","10","5.25409673799104","5.25409673799104","5.25409673799104","3.9650659577211638","0.258","19",""
"dark_matter_grid","6","15","auto","","10","10","5.25409673799104","5.25409673799104","5.25409673799104","3.9650659577211638","0.213","20",""
"dark_matter_grid","6","16","auto","","10","10","5.25409673799104","5.25409673799104","5.25409673799104","3.9650659577211638","0.25","21",""
"dark_matter_grid","6","17","auto","","10","10","5.25409673799104","5.25409673799104","5.25409673799104","3.9650659577211638","0.245","22",""
"dark_matter_grid","6","18","auto","","10","10","5.25409673799104","5.25409673799104","5.25409673799104","3.9650659577211638","0.214","23",""
"dark_matter_grid","6","19","auto","","10","10","5.25409673799104","5.25409673799104","5.25409673799104","3.9650659577211638","0.434","24",""
"dark_matter_grid","6","20","auto","","10","10","5.25409673799104","5.25409673799104","5.25409673799104","3.9650659577211638","0.272","24",""
"ion_chain","1","1","auto","","10","10","3.398691750158654","3.398691750158654","3.398691750158654","2.6917443751081738","0.153","",""
"ion_chain","1","2","auto","","10","10","3.398691750158654","3.398691750158654","3.398691750158654","2.6917443751081738","0.129","",""
"ion_chain","1","3","auto","","10","10","3.398691750158654","3.398691750158654","3.398691750158654","2.6917443751081738","0.113","",""
"ion_chain","1","4","auto","","10","10","3.398691750158654","3.398691750158654","3.398691750158654","2.6917443751081738","0.167","",""
"ion_chain","1","5","auto","","10","10","3.398691750158654","3.398691750158654","3.398691750158654","2.6917443751081738","0.132","",""
"ion_chain","1","6","auto","","10","10","3.398691750158654","3.398691750158654","3.398691750158654","2.6917443751081738","0.148","",""
"ion_chain","1","7","auto","","10","10","3.398691750158654","3.398691750158654","3.398691750158654","2.6917443751081738","0.128","",""
"ion_chain","1","8","auto","","10","10","3.398691750158654","3.398691750158654","3.398691750158654","2.6917443751081738","0.132","",""
"ion_chain","1","9","auto","","10","10","3.398691750158654","3.398691750158654","3.398691750158654","2.6917443751081738","0.127","",""
"ion_chain","1","10","auto","","10","10","3.398691750158654","3.398691750158654","3.398691750158654","2.6917443751081738","0.159","",""
"ion_chain","1","11","auto","","10","10","3.398691750158654","3.398691750158654","3.398691750158654","2.6917443751081738","0.177","",""
"ion_chain","1","12","auto","","10","10","3.398691750158654","3.398691750158654","3.398691750158654","2.6917443751081738","0.138","",""
"ion_chain","1","13","auto","","10","10","3.398691750158654","3.398691750158654","3.398691750158654","2.6917443751081738","0.185","",""
"ion_chain","1","14","auto","","10","10","3.398691750158654","3.398691750158654","3.398691750158654","2.6917443751081738","0.138","",""
"ion_chain","1","15","auto","","10","10","3.398691750158654","3.398691750158654","3.398691750158654","2.6917443751081738","0.154","",""
"ion_chain","1","16","auto","","10","10","3.398691750158654","3.398691750158654","3.398691750158654","2.6917443751081738","0.161","",""
"ion_chain","1","17","auto","","10","10","3.398691750158654","3.398691750158654","3.398691750158654","2.6917443751081738","0.126","",""
"ion_chain","1","18","auto","","10","10","3.398691750158654","3.398691750158654","3.398691750158654","2.6917443751081738","0.133","",""
"ion_chain","1","19","auto","","10","10","3.398691750158654","3.398691750158654","3.398691750158654","2.6917443751081738","0.124","",""
"ion_chain","1","20","auto","","10","10","3.398691750158654","3.398691750158654","3.398691750158654","2.6917443751081738","0.179","",""
"ion_chain","2","1","auto","","10","10","3.4899999999999998","3.4899999999999998","3.4899999999999998","2.754","0.111","",""
"ion_chain","2","2","auto","","10","10","3.4899999999999998","3.4899999999999998","3.4899999999999998","2.754","0.117","",""
"ion_chain","2","3","auto","","10","10","3.4899999999999998","3.4899999999999998","3.4899999999999998","2.754","0.128","",""
"ion_chain","2","4","auto","","10","10","3.4899999999999998","3.4899999999999998","3.4899999999999998","2.754","0.141","",""
"ion_chain","2","5","auto","","10","10","3.4899999999999998","3.4899999999999998","3.4899999999999998","2.754","0.137","",""
"ion_chain","2","6","auto","","10","10","3.4899999999999998","3.4899999999999998","3.4899999999999998","2.754","0.121","",""
"ion_chain","2","7","auto","","10","10","3.4899999999999998","3.4899999999999998","3.4899999999999998","2.754","0.132","",""
"ion_chain","2","8","auto","","10","10","3.4899999999999998","3.4899999999999998","3.4899999999999998","2.754","0.14","",""
"ion_chain","2","9","auto","","10","10","3.4899999999999998","3.4899999999999998","3.4899999999999998","2.754","0.115","",""
"ion_chain","2","10","auto","","10","10","3.4899999999999998","3.4899999999999998","3.4899999999999998","2.754","0.114","",""
"ion_chain","2","11","auto","","10","10","3.4899999999999998","3.4899999999999998","3.4899999999999998","2.754","0.119","",""
"ion_chain","2","12","auto","","10","10","3.4899999999999998","3.4899999999999998","3.4899999999999998","2.754","0.144","",""
"ion_chain","2","13","auto","","10","10","3.4899999999999998","3.4899999999999998","3.4899999999999998","2.754","0.184","",""
"ion_chain","2","14","auto","","10","10","3.4899999999999998","3.4899999999999998","3.4899999999999998","2.754","0.158","",""
"ion_chain","2","15","auto","","10","10","3.4899999999999998","3.4899999999999998","3.4899999999999998","2.754","0.136","",""
"ion_chain","2","16","auto","","10","10","3.4899999999999998","3.4899999999999998","3.4899999999999998","2.754","0.158","",""
"ion_chain","2","17","auto","","10","10","3.4899999999999998","3.4899999999999998","3.4899999999999998","2.754","0.126","",""
"ion_chain","2","18","auto","","10","10","3.4899999999999998","3.4899999999999998","3.4899999999999998","2.754","0.142","",""
"ion_chain","2","19","auto","","10","10","3.4899999999999998","3.4899999999999998","3.4899999999999998","2.754","0.143","",""
"ion_chain","2","20","auto","","10","10","3.4899999999999998","3.4899999999999998","3.4899999999999998","2.754","0.157","",""
"ion_chain","3","1","auto","","10","10","3.4899999999999998","3.4899999999999998","3.4899999999999998","2.754","0.152","",""
"ion_chain","3","2","auto","","10","10","3.4899999999999998","3.4899999999999998","3.4899999999999998","2.754","0.157","",""
"ion_chain","3","3","auto","","10","10","3.4899999999999998","3.4899999999999998","3.4899999999999998","2.754","0.129","",""
"ion_chain","3","4","auto","","10","10","3.4899999999999998","3.4899999999999998","3.4899999999999998","2.754","0.12","",""
"ion_chain","3","5","auto","","10","10","3.4899999999999998","3.4899999999999998","3.4899999999999998","2.754","0.128","",""
"ion_chain","3","6","auto","","10","10","3.5608241808752195","3.5608241808752195","3.5608241808752195","2.8022892142331046","0.156","",""
"ion_chain","3","7","auto","","10","10","3.5608241808752195","3.5608241808752195","3.5608241808752195","2.8022892142331046","0.149","",""
"ion_chain","3","8","auto","","10","10","3.5608241808752195","3.5608241808752195","3.5608241808752195","2.8022892142331046","0.165","",""
"ion_chain","3","9","auto","","10","10","3.5608241808752195","3.5608241808752195","3.5608241808752195","2.8022892142331046","0.197","",""
"ion_chain","3","10","auto","","10","10","3.5608241808752195","3.5608241808752195","3.5608241808752195","2.8022892142331046","0.221","",""
"ion_chain","3","11","auto","","10","10","3.5608241808752195","3.5608241808752195","3.5608241808752195","2.8022892142331046","0.189","",""
"ion_chain","3","12","auto","","10","10","3.5608241808752195","3.5608241808752195","3.5608241808752195","2.8022892142331046","0.158","",""
"ion_chain","3","13","auto","","10","10","3.5608241808752195","3.5608241808752195","3.5608241808752195","2.8022892142331046","0.154","",""
"ion_chain","3","14","auto","","10","10","3.5608241808752195","3.5608241808752195","3.5608241808752195","2.8022892142331046","0.141","",""
"ion_chain","3","15","auto","","10","10","3.5608241808752195","3.5608241808752195","3.5608241808752195","2.8022892142331046","0.151","",""
"ion_chain","3","16","auto","","10","10","3.5608241808752195","3.5608241808752195","3.5608241808752195","2.8022892142331046","0.149","",""
"ion_chain","3","17","auto","","10","10","3.5608241808752195","3.5608241808752195","3.5608241808752195","2.8022892142331046","0.14","",""
"ion_chain","3","18","auto","","10","10","3.5608241808752195","3.5608241808752195","3.5608241808752195","2.8022892142331046","0.174","",""
"ion_chain","3","19","auto","","10","10","3.5608241808752195","3.5608241808752195","3.5608241808752195","2.8022892142331046","0.14","",""
"ion_chain","3","20","auto","","10","10","3.5608241808752195","3.5608241808752195","3.5608241808752195","2.8022892142331046","0.143","",""
"ion_chain","4","1","auto","","10","10","3.4899999999999998","3.4899999999999998","3.4899999999999998","2.754","0.135","",""
"ion_chain","4","2","auto","","10","10","3.4899999999999998","3.4899999999999998","3.4899999999999998","2.754","0.134","",""
"ion_chain","4","3","auto","","10","10","3.4899999999999998","3.4899999999999998","3.4899999999999998","2.754","0.119","",""
"ion_chain","4","4","auto","","10","10","3.4899999999999998","3.4899999999999998","3.4899999999999998","2.754","0.112","",""
"ion_chain","4","5","auto","","10","10","3.4899999999999998","3.4899999999999998","3.4899999999999998","2.754","0.118","",""
"ion_chain","4","6","auto","","10","10","3.5608241808752195","3.5608241808752195","3.5608241808752195","2.8022892142331046","0.137","",""
"ion_chain","4","7","auto","","10","10","3.5608241808752195","3.5608241808752195","3.5608241808752195","2.8022892142331046","0.117","",""
"ion_chain","4","8","auto","","10","10","3.5608241808752195","3.5608241808752195","3.5608241808752195","2.8022892142331046","0.139","",""
"ion_chain","4","9","auto","","10","10","3.5608241808752195","3.5608241808752195","3.5608241808752195","2.8022892142331046","0.144","",""
"ion_chain","4","10","auto","","10","10","3.5608241808752195","3.5608241808752195","3.5608241808752195","2.8022892142331046","0.138","",""
"ion_chain","4","11","auto","","10","10","3.5608241808752195","3.5608241808752195","3.5608241808752195","2.8022892142331046","0.127","",""
"ion_chain","4","12","auto","","10","10","3.5608241808752195","3.5608241808752195","3.5608241808752195","2.8022892142331046","0.135","",""
"ion_chain","4","13","auto","","10","10","3.5608241808752195","3.5608241808752195","3.5608241808752195","2.8022892142331046","0.115","",""
"ion_chain","4","14","auto","","10","10","3.5608241808752195","3.5608241808752195","3.5608241808752195","2.8022892142331046","0.13","",""
"ion_chain","4","15","auto","","10","10","3.5608241808752195","3.5608241808752195","3.5608241808752195","2.8022892142331046","0.127","",""
"ion_chain","4","16","auto","","10","10","3.5608241808752195","3.5608241808752195","3.5608241808752195","2.8022892142331046","0.148","",""
"ion_chain","4","17","auto","","10","10","3.5608241808752195","3.5608241808752195","3.5608241808752195","2.8022892142331046","0.142","",""
"ion_chain","4","18","auto","","10","10","3.5608241808752195","3.5608241808752195","3.5608241808752195","2.8022892142331046","0.18","",""
"ion_chain","4","19","auto","","10","10","3.5608241808752195","3.5608241808752195","3.5608241808752195","2.8022892142331046","0.162","",""
"ion_chain","4","20","auto","","10","10","3.5608241808752195","3.5608241808752195","3.5608241808752195","2.8022892142331046","0.133","",""
"ion_chain","5","1","auto","","10","10","3.4899999999999998","3.4899999999999998","3.4899999999999998","2.754","0.108","",""
"ion_chain","5","2","auto","","10","10","3.4899999999999998","3.4899999999999998","3.4899999999999998","2.754","0.116","",""
"ion_chain","5","3","auto","","10","10","3.4899999999999998","3.4899999999999998","3.4899999999999998","2.754","0.139","",""
"ion_chain","5","4","auto","","10","10","3.4899999999999998","3.4899999999999998","3.4899999999999998","2.754","0.131","",""
"ion_chain","5","5","auto","","10","10","3.4899999999999998","3.4899999999999998","3.4899999999999998","2.754","0.136","",""
"ion_chain","5","6","auto","","10","10","3.5608241808752195","3.5608241808752195","3.5608241808752195","2.8022892142331046","0.125","",""
"ion_chain","5","7","auto","","10","10","3.5608241808752195","3.5608241808752195","3.5608241808752195","2.8022892142331046","0.138","",""
"ion_chain","5","8","auto","","10","10","3.5608241808752195","3.5608241808752195","3.5608241808752195","2.8022892142331046","0.127","",""
"ion_chain","5","9","auto","","10","10","3.5608241808752195","3.5608241808752195","3.5608241808752195","2.8022892142331046","0.118","",""
"ion_chain","5","10","auto","","10","10","3.5608241808752195","3.5608241808752195","3.5608241808752195","2.8022892142331046","0.111","",""
"ion_chain","5","11","auto","","10","10","3.5608241808752195","3.5608241808752195","3.5608241808752195","2.8022892142331046","0.132","",""
"ion_chain","5","12","auto","","10","10","3.5608241808752195","3.5608241808752195","3.5608241808752195","2.8022892142331046","0.113","",""
"ion_chain","5","13","auto","","10","10","3.5608241808752195","3.5608241808752195","3.5608241808752195","2.8022892142331046","0.128","",""
"ion_chain","5","14","auto","","10","10","3.5608241808752195","3.5608241808752195","3.5608241808752195","2.8022892142331046","0.112","",""
"ion_chain","5","15","auto","","10","10","3.5608241808752195","3.5608241808752195","3.5608241808752195","2.8022892142331046","0.125","",""
"ion_chain","5","16","auto","","10","10","3.5608241808752195","3.5608241808752195","3.5608241808752195","2.8022892142331046","0.111","",""
"ion_chain","5","17","auto","","10","10","3.5608241808752195","3.5608241808752195","3.5608241808752195","2.8022892142331046","0.123","",""
"ion_chain","5","18","auto","","10","10","3.5608241808752195","3.5608241808752195","3.5608241808752195","2.8022892142331046","0.115","",""
"ion_chain","5","19","auto","","10","10","3.5608241808752195","3.5608241808752195","3.5608241808752195","2.8022892142331046","0.119","",""
"ion_chain","5","20","auto","","10","10","3.5608241808752195","3.5608241808752195","3.5608241808752195","2.8022892142331046","0.108","",""
"ion_chain","6","1","auto","","10","10","3.4899999999999998","3.4899999999999998","3.4899999999999998","2.754","0.108","",""
"ion_chain","6","2","auto","","10","10","3.4899999999999998","3.4899999999999998","3.4899999999999998","2.754","0.106","",""
"ion_chain","6","3","auto","","10","10","3.4899999999999998","3.4899999999999998","3.4899999999999998","2.754","0.11","",""
"ion_chain","6","4","auto","","10","10","3.4899999999999998","3.4899999999999998","3.4899999999999998","2.754","0.12","",""
"ion_chain","6","5","auto","","10","10","3.4899999999999998","3.4899999999999998","3.4899999999999998","2.754","0.131","",""
"ion_chain","6","6","auto","","10","10","3.5608241808752195","3.5608241808752195","3.5608241808752195","2.8022892142331046","0.156","",""
"ion_chain","6","7","auto","","10","10","3.5608241808752195","3.5608241808752195","3.5608241808752195","2.8022892142331046","0.143","",""
"ion_chain","6","8","auto","","10","10","3.5608241808752195","3.5608241808752195","3.5608241808752195","2.8022892142331046","0.161","",""
"ion_chain","6","9","auto","","10","10","3.5608241808752195","3.5608241808752195","3.5608241808752195","2.8022892142331046","0.118","",""
"ion_chain","6","10","auto","","10","10","3.5608241808752195","3.5608241808752195","3.5608241808752195","2.8022892142331046","0.117","",""
"ion_chain","6","11","auto","","10","10","3.5608241808752195","3.5608241808752195","3.5608241808752195","2.8022892142331046","0.203","",""
"ion_chain","6","12","auto","","10","10","3.5608241808752195","3.5608241808752195","3.5608241808752195","2.8022892142331046","0.363","",""
"ion_chain","6","13","auto","","10","10","3.5608241808752195","3.5608241808752195","3.5608241808752195","2.8022892142331046","0.129","",""
"ion_chain","6","14","auto","","10","10","3.5608241808752195","3.5608241808752195","3.5608241808752195","2.8022892142331046","0.16","",""
"ion_chain","6","15","auto","","10","10","3.5608241808752195","3.5608241808752195","3.5608241808752195","2.8022892142331046","0.155","",""
"ion_chain","6","16","auto","","10","10","3.5608241808752195","3.5608241808752195","3.5608241808752195","2.8022892142331046","0.132","",""
"ion_chain","6","17","auto","","10","10","3.5608241808752195","3.5608241808752195","3.5608241808752195","2.8022892142331046","0.125","",""
"ion_chain","6","18","auto","","10","10","3.5608241808752195","3.5608241808752195","3.5608241808752195","2.8022892142331046","0.125","",""
"ion_chain","6","19","auto","","10","10","3.5608241808752195","3.5608241808752195","3.5608241808752195","2.8022892142331046","0.137","",""
"ion_chain","6","20","auto","","10","10","3.5608241808752195","3.5608241808752195","3.5608241808752195","2.8022892142331046","0.176","",""
"launch_sequence","1","1","candidate","","10","10","2.8936917501586543","2.8936917501586543","2.8936917501586543","2.3177443751081737","0.19","2",""
"launch_sequence","1","2","candidate","","10","10","2.8936917501586543","2.8936917501586543","2.8936917501586543","2.3177443751081737","0.099","2",""
"launch_sequence","1","3","candidate","","10","10","2.8936917501586543","2.8936917501586543","2.8936917501586543","2.3177443751081737","0.122","2",""
"launch_sequence","1","4","candidate","","10","10","2.8936917501586543","2.8936917501586543","2.8936917501586543","2.3177443751081737","0.131","2",""
"launch_sequence","1","5","candidate","","10","10","2.8936917501586543","2.8936917501586543","2.8936917501586543","2.3177443751081737","0.168","2",""
"launch_sequence","1","6","candidate","","10","10","2.8936917501586543","2.8936917501586543","2.8936917501586543","2.3177443751081737","0.213","2",""
"launch_sequence","1","7","candidate","","10","10","2.8936917501586543","2.8936917501586543","2.8936917501586543","2.3177443751081737","0.186","2",""
"launch_sequence","1","8","candidate","","10","10","3.0749999999999997","3.0749999999999997","3.0749999999999997","2.4419999999999997","0.176","3",""
"launch_sequence","1","9","candidate","","10","10","3.0749999999999997","3.0749999999999997","3.0749999999999997","2.4419999999999997","0.124","3",""
"launch_sequence","1","10","candidate","","10","10","3.0749999999999997","3.0749999999999997","3.0749999999999997","2.4419999999999997","0.133","3",""
"launch_sequence","1","11","candidate","","10","10","3.0749999999999997","3.0749999999999997","3.0749999999999997","2.4419999999999997","0.144","3",""
"launch_sequence","1","12","candidate","","10","10","3.0749999999999997","3.0749999999999997","3.0749999999999997","2.4419999999999997","0.171","3",""
"launch_sequence","1","13","candidate","","10","10","3.0749999999999997","3.0749999999999997","3.0749999999999997","2.4419999999999997","0.122","3",""
"launch_sequence","1","14","candidate","","10","10","3.2358241808752193","3.2358241808752193","3.2358241808752193","2.5522892142331046","0.148","4",""
"launch_sequence","1","15","candidate","","10","10","3.2358241808752193","3.2358241808752193","3.2358241808752193","2.5522892142331046","0.16","4",""
"launch_sequence","1","16","candidate","","10","10","3.2358241808752193","3.2358241808752193","3.2358241808752193","2.5522892142331046","0.094","4",""
"launch_sequence","1","17","candidate","","10","10","3.2358241808752193","3.2358241808752193","3.2358241808752193","2.5522892142331046","0.141","4",""
"launch_sequence","1","18","candidate","","10","10","3.2358241808752193","3.2358241808752193","3.2358241808752193","2.5522892142331046","0.142","4",""
"launch_sequence","1","19","candidate","","10","10","3.2358241808752193","3.2358241808752193","3.2358241808752193","2.5522892142331046","0.106","4",""
"launch_sequence","1","20","candidate","","10","10","3.383691750158654","3.383691750158654","3.383691750158654","2.6537443751081735","0.102","5",""
"launch_sequence","2","1","candidate","","10","10","3.0749999999999997","3.0749999999999997","3.0749999999999997","2.4419999999999997","0.087","3",""
"launch_sequence","2","2","candidate","","10","10","3.0749999999999997","3.0749999999999997","3.0749999999999997","2.4419999999999997","0.11","3",""
"launch_sequence","2","3","candidate","","10","10","3.0749999999999997","3.0749999999999997","3.0749999999999997","2.4419999999999997","0.115","3",""
"launch_sequence","2","4","candidate","","10","10","3.0749999999999997","3.0749999999999997","3.0749999999999997","2.4419999999999997","0.107","3",""
"launch_sequence","2","5","candidate","","10","10","3.2358241808752193","3.2358241808752193","3.2358241808752193","2.5522892142331046","0.1","4",""
"launch_sequence","2","6","candidate","","10","10","3.2358241808752193","3.2358241808752193","3.2358241808752193","2.5522892142331046","0.098","4",""
"launch_sequence","2","7","candidate","","10","10","3.2358241808752193","3.2358241808752193","3.2358241808752193","2.5522892142331046","0.098","4",""
"launch_sequence","2","8","candidate","","10","10","3.2358241808752193","3.2358241808752193","3.2358241808752193","2.5522892142331046","0.094","4",""
"launch_sequence","2","9","candidate","","10","10","3.383691750158654","3.383691750158654","3.383691750158654","2.6537443751081735","0.093","5",""
"launch_sequence","2","10","candidate","","10","10","3.383691750158654","3.383691750158654","3.383691750158654","2.6537443751081735","0.122","5",""
"launch_sequence","2","11","candidate","","10","10","3.383691750158654","3.383691750158654","3.383691750158654","2.6537443751081735","0.14","5",""
"launch_sequence","2","12","candidate","","10","10","3.383691750158654","3.383691750158654","3.383691750158654","2.6537443751081735","0.111","5",""
"launch_sequence","2","13","candidate","","10","10","3.5226180828526727","3.5226180828526727","3.5226180828526727","2.7491032383086402","0.111","6",""
"launch_sequence","2","14","candidate","","10","10","3.5226180828526727","3.5226180828526727","3.5226180828526727","2.7491032383086402","0.113","6",""
"launch_sequence","2","15","candidate","","10","10","3.5226180828526727","3.5226180828526727","3.5226180828526727","2.7491032383086402","0.106","6",""
"launch_sequence","2","16","candidate","","10","10","3.5226180828526727","3.5226180828526727","3.5226180828526727","2.7491032383086402","0.099","6",""
"launch_sequence","2","17","candidate","","10","10","3.655","3.655","3.655","2.84","0.12","7",""
"launch_sequence","2","18","candidate","","10","10","3.655","3.655","3.655","2.84","0.107","7",""
"launch_sequence","2","19","candidate","","10","10","3.655","3.655","3.655","2.84","0.109","7",""
"launch_sequence","2","20","candidate","","10","10","3.7823835003173087","3.7823835003173087","3.7823835003173087","2.9274887502163467","0.109","8",""
"launch_sequence","3","1","candidate","","10","10","3.383691750158654","3.383691750158654","3.383691750158654","2.6537443751081735","0.176","5",""
"launch_sequence","3","2","candidate","","10","10","3.383691750158654","3.383691750158654","3.383691750158654","2.6537443751081735","0.094","5",""
"launch_sequence","3","3","candidate","","10","10","3.383691750158654","3.383691750158654","3.383691750158654","2.6537443751081735","0.103","5",""
"launch_sequence","3","4","candidate","","10","10","3.5226180828526727","3.5226180828526727","3.5226180828526727","2.7491032383086402","0.08","6",""
"launch_sequence","3","5","candidate","","10","10","3.5226180828526727","3.5226180828526727","3.5226180828526727","2.7491032383086402","0.077","6",""
"launch_sequence","3","6","candidate","","10","10","3.655","3.655","3.655","2.84","0.108","7",""
"launch_sequence","3","7","candidate","","10","10","3.655","3.655","3.655","2.84","0.09","7",""
"launch_sequence","3","8","candidate","","10","10","3.7823835003173087","3.7823835003173087","3.7823835003173087","2.9274887502163467","0.087","8",""
"launch_sequence","3","9","candidate","","10","10","3.7823835003173087","3.7823835003173087","3.7823835003173087","2.9274887502163467","0.077","8",""
"launch_sequence","3","10","candidate","","10","10","3.90582418087522","3.90582418087522","3.90582418087522","3.0122892142331046","0.115","9",""
"launch_sequence","3","11","candidate","","10","10","3.90582418087522","3.90582418087522","3.90582418087522","3.0122892142331046","0.112","9",""
"launch_sequence","3","12","candidate","","10","10","4.026074956100205","4.026074956100205","4.026074956100205","3.094914742795594","0.092","10",""
"launch_sequence","3","13","candidate","","10","10","4.026074956100205","4.026074956100205","4.026074956100205","3.094914742795594","0.11","10",""
"launch_sequence","3","14","candidate","","10","10","4.143691750158655","4.143691750158655","4.143691750158655","3.1757443751081733","0.104","11",""
"launch_sequence","3","15","candidate","","10","10","4.143691750158655","4.143691750158655","4.143691750158655","3.1757443751081733","0.107","11",""
"launch_sequence","3","16","candidate","","10","10","4.25909673799104","4.25909673799104","4.25909673799104","3.255065957721164","0.085","12",""
"launch_sequence","3","17","candidate","","10","10","4.25909673799104","4.25909673799104","4.25909673799104","3.255065957721164","0.139","12",""
"launch_sequence","3","18","candidate","","10","10","4.372618082852672","4.372618082852672","4.372618082852672","3.3331032383086407","0.121","13",""
"launch_sequence","3","19","candidate","","10","10","4.372618082852672","4.372618082852672","4.372618082852672","3.3331032383086407","0.144","13",""
"launch_sequence","3","20","candidate","","10","10","4.484515931033874","4.484515931033874","4.484515931033874","3.4100335893412774","0.117","14",""
"launch_sequence","4","1","candidate","","10","10","3.655","3.655","3.655","2.84","0.095","7",""
"launch_sequence","4","2","candidate","","10","10","3.655","3.655","3.655","2.84","0.129","7",""
"launch_sequence","4","3","candidate","","10","10","3.7823835003173087","3.7823835003173087","3.7823835003173087","2.9274887502163467","0.13","8",""
"launch_sequence","4","4","candidate","","10","10","3.7823835003173087","3.7823835003173087","3.7823835003173087","2.9274887502163467","0.104","8",""
"launch_sequence","4","5","candidate","","10","10","3.90582418087522","3.90582418087522","3.90582418087522","3.0122892142331046","0.12","9",""
"launch_sequence","4","6","candidate","","10","10","3.90582418087522","3.90582418087522","3.90582418087522","3.0122892142331046","0.129","9",""
"launch_sequence","4","7","candidate","","10","10","4.026074956100205","4.026074956100205","4.026074956100205","3.094914742795594","0.102","10",""
"launch_sequence","4","8","candidate","","10","10","4.026074956100205","4.026074956100205","4.026074956100205","3.094914742795594","0.104","10",""
"launch_sequence","4","9","candidate","","10","10","4.143691750158655","4.143691750158655","4.143691750158655","3.1757443751081733","0.099","11",""
"launch_sequence","4","10","candidate","","10","10","4.143691750158655","4.143691750158655","4.143691750158655","3.1757443751081733","0.092","11",""
"launch_sequence","4","11","candidate","","10","10","4.25909673799104","4.25909673799104","4.25909673799104","3.255065957721164","0.121","12",""
"launch_sequence","4","12","candidate","","10","10","4.25909673799104","4.25909673799104","4.25909673799104","3.255065957721164","0.1","12",""
"launch_sequence","4","13","candidate","","10","10","4.372618082852672","4.372618082852672","4.372618082852672","3.3331032383086407","0.109","13",""
"launch_sequence","4","14","candidate","","10","10","4.372618082852672","4.372618082852672","4.372618082852672","3.3331032383086407","0.104","13",""
"launch_sequence","4","15","candidate","","10","10","4.484515931033874","4.484515931033874","4.484515931033874","3.4100335893412774","0.121","14",""
"launch_sequence","4","16","candidate","","10","10","4.484515931033874","4.484515931033874","4.484515931033874","3.4100335893412774","0.104","14",""
"launch_sequence","4","17","candidate","","10","10","4.595","4.595","4.595","3.4859999999999998","0.12","15",""
"launch_sequence","4","18","candidate","","10","10","4.595","4.595","4.595","3.4859999999999998","0.132","15",""
"launch_sequence","4","19","candidate","","10","10","4.7042418250750755","4.7042418250750755","4.7042418250750755","3.5611194261875507","0.098","16",""
"launch_sequence","4","20","candidate","","10","10","4.812383500317309","4.812383500317309","4.812383500317309","3.6354887502163464","0.126","17",""
"launch_sequence","5","1","candidate","","10","10","3.90582418087522","3.90582418087522","3.90582418087522","3.0122892142331046","0.084","9",""
"launch_sequence","5","2","candidate","","10","10","3.90582418087522","3.90582418087522","3.90582418087522","3.0122892142331046","0.089","9",""
"launch_sequence","5","3","candidate","","10","10","4.026074956100205","4.026074956100205","4.026074956100205","3.094914742795594","0.11","10",""
"launch_sequence","5","4","candidate","","10","10","4.026074956100205","4.026074956100205","4.026074956100205","3.094914742795594","0.096","10",""
"launch_sequence","5","5","candidate","","10","10","4.143691750158655","4.143691750158655","4.143691750158655","3.1757443751081733","0.083","11",""
"launch_sequence","5","6","candidate","","10","10","4.143691750158655","4.143691750158655","4.143691750158655","3.1757443751081733","0.087","11",""
"launch_sequence","5","7","candidate","","10","10","4.25909673799104","4.25909673799104","4.25909673799104","3.255065957721164","0.094","12",""
"launch_sequence","5","8","candidate","","10","10","4.372618082852672","4.372618082852672","4.372618082852672","3.3331032383086407","0.072","13",""
"launch_sequence","5","9","candidate","","10","10","4.372618082852672","4.372618082852672","4.372618082852672","3.3331032383086407","0.093","13",""
"launch_sequence","5","10","candidate","","10","10","4.484515931033874","4.484515931033874","4.484515931033874","3.4100335893412774","0.074","14",""
"launch_sequence","5","11","candidate","","10","10","4.484515931033874","4.484515931033874","4.484515931033874","3.4100335893412774","0.115","14",""
"launch_sequence","5","12","candidate","","10","10","4.595","4.595","4.595","3.4859999999999998","0.086","15",""
"launch_sequence","5","13","candidate","","10","10","4.595","4.595","4.595","3.4859999999999998","0.092","15",""
"launch_sequence","5","14","candidate","","10","10","4.7042418250750755","4.7042418250750755","4.7042418250750755","3.5611194261875507","0.09","16",""
"launch_sequence","5","15","candidate","","10","10","4.812383500317309","4.812383500317309","4.812383500317309","3.6354887502163464","0.118","17",""
"launch_sequence","5","16","candidate","","10","10","4.812383500317309","4.812383500317309","4.812383500317309","3.6354887502163464","0.097","17",""
"launch_sequence","5","17","candidate","","10","10","4.919544052957589","4.919544052957589","4.919544052957589","3.709189127016538","0.09","18",""
"launch_sequence","5","18","candidate","","10","10","4.919544052957589","4.919544052957589","4.919544052957589","3.709189127016538","0.093","18",""
"launch_sequence","5","19","candidate","","10","10","5.025824180875219","5.025824180875219","5.025824180875219","3.782289214233104","0.103","19",""
"launch_sequence","5","20","candidate","","10","10","5.131309833011327","5.131309833011327","5.131309833011327","3.8548476134168137","0.099","20",""
"launch_sequence","6","1","candidate","","10","10","4.143691750158655","4.143691750158655","4.143691750158655","3.1757443751081733","0.108","11",""
"launch_sequence","6","2","candidate","","10","10","4.143691750158655","4.143691750158655","4.143691750158655","3.1757443751081733","0.095","11",""
"launch_sequence","6","3","candidate","","10","10","4.25909673799104","4.25909673799104","4.25909673799104","3.255065957721164","0.094","12",""
"launch_sequence","6","4","candidate","","10","10","4.25909673799104","4.25909673799104","4.25909673799104","3.255065957721164","0.152","12",""
"launch_sequence","6","5","candidate","","10","10","4.372618082852672","4.372618082852672","4.372618082852672","3.3331032383086407","0.094","13",""
"launch_sequence","6","6","candidate","","10","10","4.484515931033874","4.484515931033874","4.484515931033874","3.4100335893412774","0.084","14",""
"launch_sequence","6","7","candidate","","10","10","4.484515931033874","4.484515931033874","4.484515931033874","3.4100335893412774","0.087","14",""
"launch_sequence","6","8","candidate","","10","10","4.595","4.595","4.595","3.4859999999999998","0.11","15",""
"launch_sequence","6","9","candidate","","10","10","4.7042418250750755","4.7042418250750755","4.7042418250750755","3.5611194261875507","0.109","16",""
"launch_sequence","6","10","candidate","","10","10","4.7042418250750755","4.7042418250750755","4.7042418250750755","3.5611194261875507","0.118","16",""
"launch_sequence","6","11","candidate","","10","10","4.812383500317309","4.812383500317309","4.812383500317309","3.6354887502163464","0.109","17",""
"launch_sequence","6","12","candidate","","10","10","4.812383500317309","4.812383500317309","4.812383500317309","3.6354887502163464","0.087","17",""
"launch_sequence","6","13","candidate","","10","10","4.919544052957589","4.919544052957589","4.919544052957589","3.709189127016538","0.105","18",""
"launch_sequence","6","14","candidate","","10","10","5.025824180875219","5.025824180875219","5.025824180875219","3.782289214233104","0.121","19",""
"launch_sequence","6","15","candidate","","10","10","5.025824180875219","5.025824180875219","5.025824180875219","3.782289214233104","0.101","19",""
"launch_sequence","6","16","candidate","","10","10","5.131309833011327","5.131309833011327","5.131309833011327","3.8548476134168137","0.082","20",""
"launch_sequence","6","17","candidate","","10","10","5.2360749561002065","5.2360749561002065","5.2360749561002065","3.926914742795595","0.132","21",""
"launch_sequence","6","18","candidate","","10","10","5.2360749561002065","5.2360749561002065","5.2360749561002065","3.926914742795595","0.106","21",""
"launch_sequence","6","19","candidate","","10","10","5.340183630332542","5.340183630332542","5.340183630332542","3.998534293408552","0.121","22",""
"launch_sequence","6","20","candidate","","10","10","5.443691750158655","5.443691750158655","5.443691750158655","4.069744375108173","0.119","23",""
"star_forge","1","1","auto","","10","10","3.7686917501586543","3.7686917501586543","3.7686917501586543","2.6447443751081736","0.149","","2"
"star_forge","1","2","auto","","10","10","3.7686917501586543","3.7686917501586543","3.7686917501586543","2.6447443751081736","0.141","","2"
"star_forge","1","3","auto","","10","10","3.924285714285714","3.924285714285714","3.924285714285714","2.7512857142857143","0.135","","3"
"star_forge","1","4","auto","","10","10","3.924285714285714","3.924285714285714","3.924285714285714","2.7512857142857143","0.124","","3"
"star_forge","1","5","auto","","10","10","3.924285714285714","3.924285714285714","3.924285714285714","2.7512857142857143","0.125","","3"
"star_forge","1","6","auto","","10","10","3.924285714285714","3.924285714285714","3.924285714285714","2.7512857142857143","0.133","","3"
"star_forge","1","7","auto","","10","10","4.08082418087522","4.08082418087522","4.08082418087522","2.858622547566438","0.144","","4"
"star_forge","1","8","auto","","10","10","4.08082418087522","4.08082418087522","4.08082418087522","2.858622547566438","0.124","","4"
"star_forge","1","9","auto","","10","10","4.08082418087522","4.08082418087522","4.08082418087522","2.858622547566438","0.127","","4"
"star_forge","1","10","auto","","10","10","4.258691750158654","4.258691750158654","4.258691750158654","2.9807443751081735","0.126","","5"
"star_forge","1","11","auto","","10","10","4.258691750158654","4.258691750158654","4.258691750158654","2.9807443751081735","0.143","","5"
"star_forge","1","12","auto","","10","10","4.258691750158654","4.258691750158654","4.258691750158654","2.9807443751081735","0.125","","5"
"star_forge","1","13","auto","","10","10","4.4876180828526735","4.4876180828526735","4.4876180828526735","3.1381032383086405","0.116","","6"
"star_forge","1","14","auto","","10","10","4.4876180828526735","4.4876180828526735","4.4876180828526735","3.1381032383086405","0.133","","6"
"star_forge","1","15","auto","","10","10","4.4876180828526735","4.4876180828526735","4.4876180828526735","3.1381032383086405","0.125","","6"
"star_forge","1","16","auto","","10","10","4.4876180828526735","4.4876180828526735","4.4876180828526735","3.1381032383086405","0.171","","6"
"star_forge","1","17","auto","","10","10","4.83","4.83","4.83","3.373666666666667","0.142","","7"
"star_forge","1","18","auto","","10","10","4.83","4.83","4.83","3.373666666666667","0.136","","7"
"star_forge","1","19","auto","","10","10","4.83","4.83","4.83","3.373666666666667","0.187","","7"
"star_forge","1","20","auto","","10","10","5.467383500317309","5.467383500317309","5.467383500317309","3.8124887502163465","0.139","","8"
"star_forge","2","1","auto","","10","10","3.924285714285714","3.924285714285714","3.924285714285714","2.7512857142857143","0.132","","3"
"star_forge","2","2","auto","","10","10","3.924285714285714","3.924285714285714","3.924285714285714","2.7512857142857143","0.142","","3"
"star_forge","2","3","auto","","10","10","4.08082418087522","4.08082418087522","4.08082418087522","2.858622547566438","0.132","","4"
"star_forge","2","4","auto","","10","10","4.08082418087522","4.08082418087522","4.08082418087522","2.858622547566438","0.135","","4"
"star_forge","2","5","auto","","10","10","4.08082418087522","4.08082418087522","4.08082418087522","2.858622547566438","0.139","","4"
"star_forge","2","6","auto","","10","10","4.258691750158654","4.258691750158654","4.258691750158654","2.9807443751081735","0.189","","5"
"star_forge","2","7","auto","","10","10","4.258691750158654","4.258691750158654","4.258691750158654","2.9807443751081735","0.18","","5"
"star_forge","2","8","auto","","10","10","4.258691750158654","4.258691750158654","4.258691750158654","2.9807443751081735","0.14","","5"
"star_forge","2","9","auto","","10","10","4.258691750158654","4.258691750158654","4.258691750158654","2.9807443751081735","0.124","","5"
"star_forge","2","10","auto","","10","10","4.4876180828526735","4.4876180828526735","4.4876180828526735","3.1381032383086405","0.12","","6"
"star_forge","2","11","auto","","10","10","4.4876180828526735","4.4876180828526735","4.4876180828526735","3.1381032383086405","0.136","","6"
"star_forge","2","12","auto","","10","10","4.4876180828526735","4.4876180828526735","4.4876180828526735","3.1381032383086405","0.106","","6"
"star_forge","2","13","auto","","10","10","4.83","4.83","4.83","3.373666666666667","0.122","","7"
"star_forge","2","14","auto","","10","10","4.83","4.83","4.83","3.373666666666667","0.116","","7"
"star_forge","2","15","auto","","10","10","4.83","4.83","4.83","3.373666666666667","0.122","","7"
"star_forge","2","16","auto","","10","10","4.83","4.83","4.83","3.373666666666667","0.107","","7"
"star_forge","2","17","auto","","10","10","5.467383500317309","5.467383500317309","5.467383500317309","3.8124887502163465","0.119","","8"
"star_forge","2","18","auto","","10","10","5.467383500317309","5.467383500317309","5.467383500317309","3.8124887502163465","0.137","","8"
"star_forge","2","19","auto","","10","10","5.467383500317309","5.467383500317309","5.467383500317309","3.8124887502163465","0.135","","8"
"star_forge","2","20","auto","","10","10","5.467383500317309","5.467383500317309","5.467383500317309","3.8124887502163465","0.128","","8"
"star_forge","3","1","auto","","10","10","4.155834607301512","4.155834607301512","4.155834607301512","2.9098872322510307","0.124","","5"
"star_forge","3","2","auto","","10","10","4.155834607301512","4.155834607301512","4.155834607301512","2.9098872322510307","0.117","","5"
"star_forge","3","3","auto","","10","10","4.155834607301512","4.155834607301512","4.155834607301512","2.9098872322510307","0.14","","5"
"star_forge","3","4","auto","","10","10","4.307618082852673","4.307618082852673","4.307618082852673","3.014103238308641","0.133","","6"
"star_forge","3","5","auto","","10","10","4.307618082852673","4.307618082852673","4.307618082852673","3.014103238308641","0.142","","6"
"star_forge","3","6","auto","","10","10","4.307618082852673","4.307618082852673","4.307618082852673","3.014103238308641","0.139","","6"
"star_forge","3","7","auto","","10","10","4.307618082852673","4.307618082852673","4.307618082852673","3.014103238308641","0.135","","6"
"star_forge","3","8","auto","","10","10","4.307618082852673","4.307618082852673","4.307618082852673","3.014103238308641","0.117","","6"
"star_forge","3","9","auto","","10","10","4.494","4.494","4.494","3.1422","0.137","","7"
"star_forge","3","10","auto","","10","10","4.494","4.494","4.494","3.1422","0.13","","7"
"star_forge","3","11","auto","","10","10","4.494","4.494","4.494","3.1422","0.138","","7"
"star_forge","3","12","auto","","10","10","4.494","4.494","4.494","3.1422","0.153","","7"
"star_forge","3","13","auto","","10","10","4.747383500317309","4.747383500317309","4.747383500317309","3.316488750216347","0.15","","8"
"star_forge","3","14","auto","","10","10","4.747383500317309","4.747383500317309","4.747383500317309","3.316488750216347","0.139","","8"
"star_forge","3","15","auto","","10","10","4.747383500317309","4.747383500317309","4.747383500317309","3.316488750216347","0.139","","8"
"star_forge","3","16","auto","","10","10","4.747383500317309","4.747383500317309","4.747383500317309","3.316488750216347","0.142","","8"
"star_forge","3","17","auto","","10","10","5.14082418087522","5.14082418087522","5.14082418087522","3.5872892142331043","0.151","","9"
"star_forge","3","18","auto","","10","10","5.14082418087522","5.14082418087522","5.14082418087522","3.5872892142331043","0.142","","9"
"star_forge","3","19","auto","","10","10","5.14082418087522","5.14082418087522","5.14082418087522","3.5872892142331043","0.133","","9"
"star_forge","3","20","auto","","10","10","5.14082418087522","5.14082418087522","5.14082418087522","3.5872892142331043","0.133","","9"
"star_forge","4","1","auto","","10","10","4.542618082852673","4.542618082852673","4.542618082852673","3.2021032383086405","0.148","","6"
"star_forge","4","2","auto","","10","10","4.542618082852673","4.542618082852673","4.542618082852673","3.2021032383086405","0.143","","6"
"star_forge","4","3","auto","","10","10","4.542618082852673","4.542618082852673","4.542618082852673","3.2021032383086405","0.157","","6"
"star_forge","4","4","auto","","10","10","4.542618082852673","4.542618082852673","4.542618082852673","3.2021032383086405","0.154","","6"
"star_forge","4","5","auto","","10","10","4.675000000000001","4.675000000000001","4.675000000000001","3.293","0.15","","7"
"star_forge","4","6","auto","","10","10","4.675000000000001","4.675000000000001","4.675000000000001","3.293","0.141","","7"
"star_forge","4","7","auto","","10","10","4.675000000000001","4.675000000000001","4.675000000000001","3.293","0.148","","7"
"star_forge","4","8","auto","","10","10","4.832383500317309","4.832383500317309","4.832383500317309","3.401155416883013","0.156","","8"
"star_forge","4","9","auto","","10","10","4.832383500317309","4.832383500317309","4.832383500317309","3.401155416883013","0.162","","8"
"star_forge","4","10","auto","","10","10","4.832383500317309","4.832383500317309","4.832383500317309","3.401155416883013","0.15","","8"
"star_forge","4","11","auto","","10","10","4.832383500317309","4.832383500317309","4.832383500317309","3.401155416883013","0.199","","8"
"star_forge","4","12","auto","","10","10","5.03382418087522","5.03382418087522","5.03382418087522","3.5396892142331047","0.149","","9"
"star_forge","4","13","auto","","10","10","5.03382418087522","5.03382418087522","5.03382418087522","3.5396892142331047","0.138","","9"
"star_forge","4","14","auto","","10","10","5.03382418087522","5.03382418087522","5.03382418087522","3.5396892142331047","0.176","","9"
"star_forge","4","15","auto","","10","10","5.316074956100206","5.316074956100206","5.316074956100206","3.7339147427955943","0.164","","10"
"star_forge","4","16","auto","","10","10","5.316074956100206","5.316074956100206","5.316074956100206","3.7339147427955943","0.15","","10"
"star_forge","4","17","auto","","10","10","5.316074956100206","5.316074956100206","5.316074956100206","3.7339147427955943","0.134","","10"
"star_forge","4","18","auto","","10","10","5.316074956100206","5.316074956100206","5.316074956100206","3.7339147427955943","0.112","","10"
"star_forge","4","19","auto","","10","10","5.763691750158655","5.763691750158655","5.763691750158655","4.042077708441507","0.111","","11"
"star_forge","4","20","auto","","10","10","5.763691750158655","5.763691750158655","5.763691750158655","4.042077708441507","0.11","","11"
"star_forge","5","1","auto","","10","10","4.542618082852673","4.542618082852673","4.542618082852673","3.2021032383086405","0.133","","6"
"star_forge","5","2","auto","","10","10","4.542618082852673","4.542618082852673","4.542618082852673","3.2021032383086405","0.124","","6"
"star_forge","5","3","auto","","10","10","4.542618082852673","4.542618082852673","4.542618082852673","3.2021032383086405","0.13","","6"
"star_forge","5","4","auto","","10","10","4.542618082852673","4.542618082852673","4.542618082852673","3.2021032383086405","0.143","","6"
"star_forge","5","5","auto","","10","10","4.675000000000001","4.675000000000001","4.675000000000001","3.293","0.132","","7"
"star_forge","5","6","auto","","10","10","4.675000000000001","4.675000000000001","4.675000000000001","3.293","0.119","","7"
"star_forge","5","7","auto","","10","10","4.675000000000001","4.675000000000001","4.675000000000001","3.293","0.153","","7"
"star_forge","5","8","auto","","10","10","4.832383500317309","4.832383500317309","4.832383500317309","3.401155416883013","0.165","","8"
"star_forge","5","9","auto","","10","10","4.832383500317309","4.832383500317309","4.832383500317309","3.401155416883013","0.148","","8"
"star_forge","5","10","auto","","10","10","4.832383500317309","4.832383500317309","4.832383500317309","3.401155416883013","0.13","","8"
"star_forge","5","11","auto","","10","10","4.832383500317309","4.832383500317309","4.832383500317309","3.401155416883013","0.146","","8"
"star_forge","5","12","auto","","10","10","5.03382418087522","5.03382418087522","5.03382418087522","3.5396892142331047","0.141","","9"
"star_forge","5","13","auto","","10","10","5.03382418087522","5.03382418087522","5.03382418087522","3.5396892142331047","0.148","","9"
"star_forge","5","14","auto","","10","10","5.03382418087522","5.03382418087522","5.03382418087522","3.5396892142331047","0.165","","9"
"star_forge","5","15","auto","","10","10","5.316074956100206","5.316074956100206","5.316074956100206","3.7339147427955943","0.158","","10"
"star_forge","5","16","auto","","10","10","5.316074956100206","5.316074956100206","5.316074956100206","3.7339147427955943","0.133","","10"
"star_forge","5","17","auto","","10","10","5.316074956100206","5.316074956100206","5.316074956100206","3.7339147427955943","0.126","","10"
"star_forge","5","18","auto","","10","10","5.316074956100206","5.316074956100206","5.316074956100206","3.7339147427955943","0.122","","10"
"star_forge","5","19","auto","","10","10","5.763691750158655","5.763691750158655","5.763691750158655","4.042077708441507","0.153","","11"
"star_forge","5","20","auto","","10","10","5.763691750158655","5.763691750158655","5.763691750158655","4.042077708441507","0.143","","11"
"star_forge","6","1","auto","","10","10","4.542618082852673","4.542618082852673","4.542618082852673","3.2021032383086405","0.144","","6"
"star_forge","6","2","auto","","10","10","4.542618082852673","4.542618082852673","4.542618082852673","3.2021032383086405","0.136","","6"
"star_forge","6","3","auto","","10","10","4.542618082852673","4.542618082852673","4.542618082852673","3.2021032383086405","0.148","","6"
"star_forge","6","4","auto","","10","10","4.542618082852673","4.542618082852673","4.542618082852673","3.2021032383086405","0.129","","6"
"star_forge","6","5","auto","","10","10","4.675000000000001","4.675000000000001","4.675000000000001","3.293","0.146","","7"
"star_forge","6","6","auto","","10","10","4.675000000000001","4.675000000000001","4.675000000000001","3.293","0.141","","7"
"star_forge","6","7","auto","","10","10","4.675000000000001","4.675000000000001","4.675000000000001","3.293","0.229","","7"
"star_forge","6","8","auto","","10","10","4.832383500317309","4.832383500317309","4.832383500317309","3.401155416883013","0.22","","8"
"star_forge","6","9","auto","","10","10","4.832383500317309","4.832383500317309","4.832383500317309","3.401155416883013","0.135","","8"
"star_forge","6","10","auto","","10","10","4.832383500317309","4.832383500317309","4.832383500317309","3.401155416883013","0.142","","8"
"star_forge","6","11","auto","","10","10","4.832383500317309","4.832383500317309","4.832383500317309","3.401155416883013","0.135","","8"
"star_forge","6","12","auto","","10","10","5.03382418087522","5.03382418087522","5.03382418087522","3.5396892142331047","0.148","","9"
"star_forge","6","13","auto","","10","10","5.03382418087522","5.03382418087522","5.03382418087522","3.5396892142331047","0.139","","9"
"star_forge","6","14","auto","","10","10","5.03382418087522","5.03382418087522","5.03382418087522","3.5396892142331047","0.129","","9"
"star_forge","6","15","auto","","10","10","5.316074956100206","5.316074956100206","5.316074956100206","3.7339147427955943","0.122","","10"
"star_forge","6","16","auto","","10","10","5.316074956100206","5.316074956100206","5.316074956100206","3.7339147427955943","0.135","","10"
"star_forge","6","17","auto","","10","10","5.316074956100206","5.316074956100206","5.316074956100206","3.7339147427955943","0.124","","10"
"star_forge","6","18","auto","","10","10","5.316074956100206","5.316074956100206","5.316074956100206","3.7339147427955943","0.122","","10"
"star_forge","6","19","auto","","10","10","5.763691750158655","5.763691750158655","5.763691750158655","4.042077708441507","0.142","","11"
"star_forge","6","20","auto","","10","10","5.763691750158655","5.763691750158655","5.763691750158655","4.042077708441507","0.14","","11"
"nebula_matrix","1","1","auto","","10","10","3.5308241808752197","3.5308241808752197","3.5308241808752197","2.73984476978866","0.142","","4"
"nebula_matrix","1","2","auto","","10","10","3.5308241808752197","3.5308241808752197","3.5308241808752197","2.73984476978866","0.117","","4"
"nebula_matrix","1","3","auto","","10","10","3.5308241808752197","3.5308241808752197","3.5308241808752197","2.73984476978866","0.131","","4"
"nebula_matrix","1","4","auto","","10","10","3.688691750158654","3.688691750158654","3.688691750158654","2.8481888195526177","0.154","","5"
"nebula_matrix","1","5","auto","","10","10","3.688691750158654","3.688691750158654","3.688691750158654","2.8481888195526177","0.153","","5"
"nebula_matrix","1","6","auto","","10","10","3.688691750158654","3.688691750158654","3.688691750158654","2.8481888195526177","0.146","","5"
"nebula_matrix","1","7","auto","","10","10","3.688691750158654","3.688691750158654","3.688691750158654","2.8481888195526177","0.164","","5"
"nebula_matrix","1","8","auto","","10","10","3.8376180828526727","3.8376180828526727","3.8376180828526727","2.9504365716419736","0.143","","6"
"nebula_matrix","1","9","auto","","10","10","3.8376180828526727","3.8376180828526727","3.8376180828526727","2.9504365716419736","0.153","","6"
"nebula_matrix","1","10","auto","","10","10","3.8376180828526727","3.8376180828526727","3.8376180828526727","2.9504365716419736","0.119","","6"
"nebula_matrix","1","11","auto","","10","10","3.8376180828526727","3.8376180828526727","3.8376180828526727","2.9504365716419736","0.13","","6"
"nebula_matrix","1","12","auto","","10","10","3.8376180828526727","3.8376180828526727","3.8376180828526727","2.9504365716419736","0.136","","6"
"nebula_matrix","1","13","auto","","10","10","3.8376180828526727","3.8376180828526727","3.8376180828526727","2.9504365716419736","0.113","","6"
"nebula_matrix","1","14","auto","","10","10","3.8376180828526727","3.8376180828526727","3.8376180828526727","2.9504365716419736","0.127","","6"
"nebula_matrix","1","15","auto","","10","10","3.8376180828526727","3.8376180828526727","3.8376180828526727","2.9504365716419736","0.179","","6"
"nebula_matrix","1","16","auto","","10","10","3.8376180828526727","3.8376180828526727","3.8376180828526727","2.9504365716419736","0.172","","6"
"nebula_matrix","1","17","auto","","10","10","3.8376180828526727","3.8376180828526727","3.8376180828526727","2.9504365716419736","0.135","","6"
"nebula_matrix","1","18","auto","","10","10","3.8376180828526727","3.8376180828526727","3.8376180828526727","2.9504365716419736","0.14","","6"
"nebula_matrix","1","19","auto","","10","10","3.8376180828526727","3.8376180828526727","3.8376180828526727","2.9504365716419736","0.135","","6"
"nebula_matrix","1","20","auto","","10","10","3.8376180828526727","3.8376180828526727","3.8376180828526727","2.9504365716419736","0.144","","6"
"nebula_matrix","2","1","auto","","10","10","3.7551180828526727","3.7551180828526727","3.7551180828526727","2.893603238308641","0.235","","6"
"nebula_matrix","2","2","auto","","10","10","3.7551180828526727","3.7551180828526727","3.7551180828526727","2.893603238308641","0.271","","6"
"nebula_matrix","2","3","auto","","10","10","3.7551180828526727","3.7551180828526727","3.7551180828526727","2.893603238308641","0.341","","6"
"nebula_matrix","2","4","auto","","10","10","3.85375","3.85375","3.85375","2.9612499999999997","0.214","","7"
"nebula_matrix","2","5","auto","","10","10","3.85375","3.85375","3.85375","2.9612499999999997","0.275","","7"
"nebula_matrix","2","6","auto","","10","10","3.85375","3.85375","3.85375","2.9612499999999997","0.265","","7"
"nebula_matrix","2","7","auto","","10","10","3.85375","3.85375","3.85375","2.9612499999999997","0.267","","7"
"nebula_matrix","2","8","auto","","10","10","3.947383500317309","3.947383500317309","3.947383500317309","3.0254887502163466","0.216","","8"
"nebula_matrix","2","9","auto","","10","10","3.947383500317309","3.947383500317309","3.947383500317309","3.0254887502163466","0.239","","8"
"nebula_matrix","2","10","auto","","10","10","3.947383500317309","3.947383500317309","3.947383500317309","3.0254887502163466","0.226","","8"
"nebula_matrix","2","11","auto","","10","10","3.947383500317309","3.947383500317309","3.947383500317309","3.0254887502163466","0.24","","8"
"nebula_matrix","2","12","auto","","10","10","4.03707418087522","4.03707418087522","4.03707418087522","3.0870392142331045","0.21","","9"
"nebula_matrix","2","13","auto","","10","10","4.03707418087522","4.03707418087522","4.03707418087522","3.0870392142331045","0.209","","9"
"nebula_matrix","2","14","auto","","10","10","4.03707418087522","4.03707418087522","4.03707418087522","3.0870392142331045","0.224","","9"
"nebula_matrix","2","15","auto","","10","10","4.03707418087522","4.03707418087522","4.03707418087522","3.0870392142331045","0.232","","9"
"nebula_matrix","2","16","auto","","10","10","4.123574956100205","4.123574956100205","4.123574956100205","3.146414742795595","0.258","","10"
"nebula_matrix","2","17","auto","","10","10","4.123574956100205","4.123574956100205","4.123574956100205","3.146414742795595","0.241","","10"
"nebula_matrix","2","18","auto","","10","10","4.123574956100205","4.123574956100205","4.123574956100205","3.146414742795595","0.286","","10"
"nebula_matrix","2","19","auto","","10","10","4.123574956100205","4.123574956100205","4.123574956100205","3.146414742795595","0.263","","10"
"nebula_matrix","2","20","auto","","10","10","4.2074417501586545","4.2074417501586545","4.2074417501586545","3.203994375108173","0.24","","11"
"nebula_matrix","3","1","auto","","10","10","4.101074956100206","4.101074956100206","4.101074956100206","3.1309147427955946","0.231","","10"
"nebula_matrix","3","2","auto","","10","10","4.101074956100206","4.101074956100206","4.101074956100206","3.1309147427955946","0.242","","10"
"nebula_matrix","3","3","auto","","10","10","4.101074956100206","4.101074956100206","4.101074956100206","3.1309147427955946","0.267","","10"
"nebula_matrix","3","4","auto","","10","10","4.164691750158655","4.164691750158655","4.164691750158655","3.174544375108174","0.204","","11"
"nebula_matrix","3","5","auto","","10","10","4.164691750158655","4.164691750158655","4.164691750158655","3.174544375108174","0.217","","11"
"nebula_matrix","3","6","auto","","10","10","4.164691750158655","4.164691750158655","4.164691750158655","3.174544375108174","0.196","","11"
"nebula_matrix","3","7","auto","","10","10","4.164691750158655","4.164691750158655","4.164691750158655","3.174544375108174","0.216","","11"
"nebula_matrix","3","8","auto","","10","10","4.22609673799104","4.22609673799104","4.22609673799104","3.2166659577211636","0.214","","12"
"nebula_matrix","3","9","auto","","10","10","4.22609673799104","4.22609673799104","4.22609673799104","3.2166659577211636","0.242","","12"
"nebula_matrix","3","10","auto","","10","10","4.22609673799104","4.22609673799104","4.22609673799104","3.2166659577211636","0.268","","12"
"nebula_matrix","3","11","auto","","10","10","4.22609673799104","4.22609673799104","4.22609673799104","3.2166659577211636","0.226","","12"
"nebula_matrix","3","12","auto","","10","10","4.285618082852673","4.285618082852673","4.285618082852673","3.257503238308641","0.234","","13"
"nebula_matrix","3","13","auto","","10","10","4.285618082852673","4.285618082852673","4.285618082852673","3.257503238308641","0.22","","13"
"nebula_matrix","3","14","auto","","10","10","4.285618082852673","4.285618082852673","4.285618082852673","3.257503238308641","0.212","","13"
"nebula_matrix","3","15","auto","","10","10","4.285618082852673","4.285618082852673","4.285618082852673","3.257503238308641","0.233","","13"
"nebula_matrix","3","16","auto","","10","10","4.343515931033874","4.343515931033874","4.343515931033874","3.2972335893412774","0.248","","14"
"nebula_matrix","3","17","auto","","10","10","4.343515931033874","4.343515931033874","4.343515931033874","3.2972335893412774","0.272","","14"
"nebula_matrix","3","18","auto","","10","10","4.343515931033874","4.343515931033874","4.343515931033874","3.2972335893412774","0.264","","14"
"nebula_matrix","3","19","auto","","10","10","4.343515931033874","4.343515931033874","4.343515931033874","3.2972335893412774","0.334","","14"
"nebula_matrix","3","20","auto","","10","10","4.4","4.4","4.4","3.3360000000000003","0.254","","15"
"nebula_matrix","4","1","auto","","10","10","4.101074956100206","4.101074956100206","4.101074956100206","3.1309147427955946","0.259","","10"
"nebula_matrix","4","2","auto","","10","10","4.101074956100206","4.101074956100206","4.101074956100206","3.1309147427955946","0.272","","10"
"nebula_matrix","4","3","auto","","10","10","4.101074956100206","4.101074956100206","4.101074956100206","3.1309147427955946","0.288","","10"
"nebula_matrix","4","4","auto","","10","10","4.164691750158655","4.164691750158655","4.164691750158655","3.174544375108174","0.281","","11"
"nebula_matrix","4","5","auto","","10","10","4.164691750158655","4.164691750158655","4.164691750158655","3.174544375108174","0.292","","11"
"nebula_matrix","4","6","auto","","10","10","4.164691750158655","4.164691750158655","4.164691750158655","3.174544375108174","0.292","","11"
"nebula_matrix","4","7","auto","","10","10","4.164691750158655","4.164691750158655","4.164691750158655","3.174544375108174","0.259","","11"
"nebula_matrix","4","8","auto","","10","10","4.22609673799104","4.22609673799104","4.22609673799104","3.2166659577211636","0.261","","12"
"nebula_matrix","4","9","auto","","10","10","4.22609673799104","4.22609673799104","4.22609673799104","3.2166659577211636","0.242","","12"
"nebula_matrix","4","10","auto","","10","10","4.22609673799104","4.22609673799104","4.22609673799104","3.2166659577211636","0.211","","12"
"nebula_matrix","4","11","auto","","10","10","4.22609673799104","4.22609673799104","4.22609673799104","3.2166659577211636","0.348","","12"
"nebula_matrix","4","12","auto","","10","10","4.285618082852673","4.285618082852673","4.285618082852673","3.257503238308641","0.274","","13"
"nebula_matrix","4","13","auto","","10","10","4.285618082852673","4.285618082852673","4.285618082852673","3.257503238308641","0.294","","13"
"nebula_matrix","4","14","auto","","10","10","4.285618082852673","4.285618082852673","4.285618082852673","3.257503238308641","0.243","","13"
"nebula_matrix","4","15","auto","","10","10","4.285618082852673","4.285618082852673","4.285618082852673","3.257503238308641","0.275","","13"
"nebula_matrix","4","16","auto","","10","10","4.343515931033874","4.343515931033874","4.343515931033874","3.2972335893412774","0.235","","14"
"nebula_matrix","4","17","auto","","10","10","4.343515931033874","4.343515931033874","4.343515931033874","3.2972335893412774","0.283","","14"
"nebula_matrix","4","18","auto","","10","10","4.343515931033874","4.343515931033874","4.343515931033874","3.2972335893412774","0.236","","14"
"nebula_matrix","4","19","auto","","10","10","4.343515931033874","4.343515931033874","4.343515931033874","3.2972335893412774","0.248","","14"
"nebula_matrix","4","20","auto","","10","10","4.4","4.4","4.4","3.3360000000000003","0.236","","15"
"nebula_matrix","5","1","auto","","10","10","4.164691750158655","4.164691750158655","4.164691750158655","3.174544375108174","0.228","","11"
"nebula_matrix","5","2","auto","","10","10","4.164691750158655","4.164691750158655","4.164691750158655","3.174544375108174","0.219","","11"
"nebula_matrix","5","3","auto","","10","10","4.164691750158655","4.164691750158655","4.164691750158655","3.174544375108174","0.221","","11"
"nebula_matrix","5","4","auto","","10","10","4.22609673799104","4.22609673799104","4.22609673799104","3.2166659577211636","0.242","","12"
"nebula_matrix","5","5","auto","","10","10","4.22609673799104","4.22609673799104","4.22609673799104","3.2166659577211636","0.247","","12"
"nebula_matrix","5","6","auto","","10","10","4.22609673799104","4.22609673799104","4.22609673799104","3.2166659577211636","0.302","","12"
"nebula_matrix","5","7","auto","","10","10","4.22609673799104","4.22609673799104","4.22609673799104","3.2166659577211636","0.236","","12"
"nebula_matrix","5","8","auto","","10","10","4.285618082852673","4.285618082852673","4.285618082852673","3.257503238308641","0.3","","13"
"nebula_matrix","5","9","auto","","10","10","4.285618082852673","4.285618082852673","4.285618082852673","3.257503238308641","0.249","","13"
"nebula_matrix","5","10","auto","","10","10","4.285618082852673","4.285618082852673","4.285618082852673","3.257503238308641","0.256","","13"
"nebula_matrix","5","11","auto","","10","10","4.285618082852673","4.285618082852673","4.285618082852673","3.257503238308641","0.246","","13"
"nebula_matrix","5","12","auto","","10","10","4.343515931033874","4.343515931033874","4.343515931033874","3.2972335893412774","0.23","","14"
"nebula_matrix","5","13","auto","","10","10","4.343515931033874","4.343515931033874","4.343515931033874","3.2972335893412774","0.224","","14"
"nebula_matrix","5","14","auto","","10","10","4.343515931033874","4.343515931033874","4.343515931033874","3.2972335893412774","0.231","","14"
"nebula_matrix","5","15","auto","","10","10","4.343515931033874","4.343515931033874","4.343515931033874","3.2972335893412774","0.253","","14"
"nebula_matrix","5","16","auto","","10","10","4.4","4.4","4.4","3.3360000000000003","0.283","","15"
"nebula_matrix","5","17","auto","","10","10","4.4","4.4","4.4","3.3360000000000003","0.209","","15"
"nebula_matrix","5","18","auto","","10","10","4.4","4.4","4.4","3.3360000000000003","0.231","","15"
"nebula_matrix","5","19","auto","","10","10","4.4","4.4","4.4","3.3360000000000003","0.228","","15"
"nebula_matrix","5","20","auto","","10","10","4.455241825075075","4.455241825075075","4.455241825075075","3.373919426187551","0.273","","16"
"nebula_matrix","6","1","auto","","10","10","4.22609673799104","4.22609673799104","4.22609673799104","3.2166659577211636","0.234","","12"
"nebula_matrix","6","2","auto","","10","10","4.22609673799104","4.22609673799104","4.22609673799104","3.2166659577211636","0.23","","12"
"nebula_matrix","6","3","auto","","10","10","4.22609673799104","4.22609673799104","4.22609673799104","3.2166659577211636","0.231","","12"
"nebula_matrix","6","4","auto","","10","10","4.285618082852673","4.285618082852673","4.285618082852673","3.257503238308641","0.226","","13"
"nebula_matrix","6","5","auto","","10","10","4.285618082852673","4.285618082852673","4.285618082852673","3.257503238308641","0.222","","13"
"nebula_matrix","6","6","auto","","10","10","4.285618082852673","4.285618082852673","4.285618082852673","3.257503238308641","0.257","","13"
"nebula_matrix","6","7","auto","","10","10","4.285618082852673","4.285618082852673","4.285618082852673","3.257503238308641","0.25","","13"
"nebula_matrix","6","8","auto","","10","10","4.343515931033874","4.343515931033874","4.343515931033874","3.2972335893412774","0.316","","14"
"nebula_matrix","6","9","auto","","10","10","4.343515931033874","4.343515931033874","4.343515931033874","3.2972335893412774","0.255","","14"
"nebula_matrix","6","10","auto","","10","10","4.343515931033874","4.343515931033874","4.343515931033874","3.2972335893412774","0.229","","14"
"nebula_matrix","6","11","auto","","10","10","4.343515931033874","4.343515931033874","4.343515931033874","3.2972335893412774","0.238","","14"
"nebula_matrix","6","12","auto","","10","10","4.4","4.4","4.4","3.3360000000000003","0.215","","15"
"nebula_matrix","6","13","auto","","10","10","4.4","4.4","4.4","3.3360000000000003","0.221","","15"
"nebula_matrix","6","14","auto","","10","10","4.4","4.4","4.4","3.3360000000000003","0.284","","15"
"nebula_matrix","6","15","auto","","10","10","4.4","4.4","4.4","3.3360000000000003","0.355","","15"
"nebula_matrix","6","16","auto","","10","10","4.455241825075075","4.455241825075075","4.455241825075075","3.373919426187551","0.251","","16"
"nebula_matrix","6","17","auto","","10","10","4.455241825075075","4.455241825075075","4.455241825075075","3.373919426187551","0.227","","16"
"nebula_matrix","6","18","auto","","10","10","4.455241825075075","4.455241825075075","4.455241825075075","3.373919426187551","0.229","","16"
"nebula_matrix","6","19","auto","","10","10","4.455241825075075","4.455241825075075","4.455241825075075","3.373919426187551","0.234","","16"
"nebula_matrix","6","20","auto","","10","10","4.509383500317309","4.509383500317309","4.509383500317309","3.411088750216347","0.227","","17"
"orbital_towers","1","1","auto","","10","10","4.925","4.925","4.925","3.758222222222222","0.288","","7"
"orbital_towers","1","2","auto","","10","10","4.925","4.925","4.925","3.758222222222222","0.214","","7"
"orbital_towers","1","3","auto","","10","10","4.925","4.925","4.925","3.758222222222222","0.207","","7"
"orbital_towers","1","4","auto","","10","10","5.062383500317309","5.062383500317309","5.062383500317309","3.852599861327458","0.197","","8"
"orbital_towers","1","5","auto","","10","10","5.062383500317309","5.062383500317309","5.062383500317309","3.852599861327458","0.27","","8"
"orbital_towers","1","6","auto","","10","10","5.062383500317309","5.062383500317309","5.062383500317309","3.852599861327458","0.176","","8"
"orbital_towers","1","7","auto","","10","10","5.19582418087522","5.19582418087522","5.19582418087522","3.944289214233104","0.194","","9"
"orbital_towers","1","8","auto","","10","10","5.19582418087522","5.19582418087522","5.19582418087522","3.944289214233104","0.226","","9"
"orbital_towers","1","9","auto","","10","10","5.19582418087522","5.19582418087522","5.19582418087522","3.944289214233104","0.158","","9"
"orbital_towers","1","10","auto","","10","10","5.19582418087522","5.19582418087522","5.19582418087522","3.944289214233104","0.174","","9"
"orbital_towers","1","11","auto","","10","10","5.19582418087522","5.19582418087522","5.19582418087522","3.944289214233104","0.201","","9"
"orbital_towers","1","12","auto","","10","10","5.19582418087522","5.19582418087522","5.19582418087522","3.944289214233104","0.312","","9"
"orbital_towers","1","13","auto","","10","10","5.19582418087522","5.19582418087522","5.19582418087522","3.944289214233104","0.185","","9"
"orbital_towers","1","14","auto","","10","10","5.19582418087522","5.19582418087522","5.19582418087522","3.944289214233104","0.183","","9"
"orbital_towers","1","15","auto","","10","10","5.19582418087522","5.19582418087522","5.19582418087522","3.944289214233104","0.251","","9"
"orbital_towers","1","16","auto","","10","10","5.19582418087522","5.19582418087522","5.19582418087522","3.944289214233104","0.272","","9"
"orbital_towers","1","17","auto","","10","10","5.19582418087522","5.19582418087522","5.19582418087522","3.944289214233104","0.192","","9"
"orbital_towers","1","18","auto","","10","10","5.19582418087522","5.19582418087522","5.19582418087522","3.944289214233104","0.166","","9"
"orbital_towers","1","19","auto","","10","10","5.19582418087522","5.19582418087522","5.19582418087522","3.944289214233104","0.249","","9"
"orbital_towers","1","20","auto","","10","10","5.19582418087522","5.19582418087522","5.19582418087522","3.944289214233104","0.18","","9"
"orbital_towers","2","1","auto","","10","10","5.392015931033874","5.392015931033874","5.392015931033874","4.078533589341277","0.246","","14"
"orbital_towers","2","2","auto","","10","10","5.392015931033874","5.392015931033874","5.392015931033874","4.078533589341277","0.459","","14"
"orbital_towers","2","3","auto","","10","10","5.392015931033874","5.392015931033874","5.392015931033874","4.078533589341277","0.28","","14"
"orbital_towers","2","4","auto","","10","10","5.46875","5.46875","5.46875","4.13125","0.289","","15"
"orbital_towers","2","5","auto","","10","10","5.46875","5.46875","5.46875","4.13125","0.276","","15"
"orbital_towers","2","6","auto","","10","10","5.46875","5.46875","5.46875","4.13125","0.456","","15"
"orbital_towers","2","7","auto","","10","10","5.5442418250750745","5.5442418250750745","5.5442418250750745","4.183119426187551","0.298","","16"
"orbital_towers","2","8","auto","","10","10","5.5442418250750745","5.5442418250750745","5.5442418250750745","4.183119426187551","0.266","","16"
"orbital_towers","2","9","auto","","10","10","5.5442418250750745","5.5442418250750745","5.5442418250750745","4.183119426187551","0.302","","16"
"orbital_towers","2","10","auto","","10","10","5.5442418250750745","5.5442418250750745","5.5442418250750745","4.183119426187551","0.369","","16"
"orbital_towers","2","11","auto","","10","10","5.5442418250750745","5.5442418250750745","5.5442418250750745","4.183119426187551","0.336","","16"
"orbital_towers","2","12","auto","","10","10","5.5442418250750745","5.5442418250750745","5.5442418250750745","4.183119426187551","0.298","","16"
"orbital_towers","2","13","auto","","10","10","5.5442418250750745","5.5442418250750745","5.5442418250750745","4.183119426187551","0.266","","16"
"orbital_towers","2","14","auto","","10","10","5.5442418250750745","5.5442418250750745","5.5442418250750745","4.183119426187551","0.265","","16"
"orbital_towers","2","15","auto","","10","10","5.5442418250750745","5.5442418250750745","5.5442418250750745","4.183119426187551","0.25","","16"
"orbital_towers","2","16","auto","","10","10","5.5442418250750745","5.5442418250750745","5.5442418250750745","4.183119426187551","0.254","","16"
"orbital_towers","2","17","auto","","10","10","5.5442418250750745","5.5442418250750745","5.5442418250750745","4.183119426187551","0.246","","16"
"orbital_towers","2","18","auto","","10","10","5.5442418250750745","5.5442418250750745","5.5442418250750745","4.183119426187551","0.229","","16"
"orbital_towers","2","19","auto","","10","10","5.5442418250750745","5.5442418250750745","5.5442418250750745","4.183119426187551","0.279","","16"
"orbital_towers","2","20","auto","","10","10","5.5442418250750745","5.5442418250750745","5.5442418250750745","4.183119426187551","0.248","","16"
"orbital_towers","3","1","auto","","10","10","5.761691750158654","5.761691750158654","5.761691750158654","4.332144375108173","0.461","","23"
"orbital_towers","3","2","auto","","10","10","5.761691750158654","5.761691750158654","5.761691750158654","4.332144375108173","0.809","","23"
"orbital_towers","3","3","auto","","10","10","5.761691750158654","5.761691750158654","5.761691750158654","4.332144375108173","0.493","","23"
"orbital_towers","3","4","auto","","10","10","5.81064836175044","5.81064836175044","5.81064836175044","4.365778428466209","0.369","","24"
"orbital_towers","3","5","auto","","10","10","5.81064836175044","5.81064836175044","5.81064836175044","4.365778428466209","0.367","","24"
"orbital_towers","3","6","auto","","10","10","5.81064836175044","5.81064836175044","5.81064836175044","4.365778428466209","0.764","","24"
"orbital_towers","3","7","auto","","10","10","5.859096737991041","5.859096737991041","5.859096737991041","4.399065957721164","0.616","","25"
"orbital_towers","3","8","auto","","10","10","5.859096737991041","5.859096737991041","5.859096737991041","4.399065957721164","0.816","","25"
"orbital_towers","3","9","auto","","10","10","5.859096737991041","5.859096737991041","5.859096737991041","4.399065957721164","0.462","","25"
"orbital_towers","3","10","auto","","10","10","5.859096737991041","5.859096737991041","5.859096737991041","4.399065957721164","0.449","","25"
"orbital_towers","3","11","auto","","10","10","5.859096737991041","5.859096737991041","5.859096737991041","4.399065957721164","0.406","","25"
"orbital_towers","3","12","auto","","10","10","5.859096737991041","5.859096737991041","5.859096737991041","4.399065957721164","0.417","","25"
"orbital_towers","3","13","auto","","10","10","5.859096737991041","5.859096737991041","5.859096737991041","4.399065957721164","0.461","","25"
"orbital_towers","3","14","auto","","10","10","5.859096737991041","5.859096737991041","5.859096737991041","4.399065957721164","0.5","","25"
"orbital_towers","3","15","auto","","10","10","5.859096737991041","5.859096737991041","5.859096737991041","4.399065957721164","0.487","","25"
"orbital_towers","3","16","auto","","10","10","5.859096737991041","5.859096737991041","5.859096737991041","4.399065957721164","0.547","","25"
"orbital_towers","3","17","auto","","10","10","5.859096737991041","5.859096737991041","5.859096737991041","4.399065957721164","0.371","","25"
"orbital_towers","3","18","auto","","10","10","5.859096737991041","5.859096737991041","5.859096737991041","4.399065957721164","0.638","","25"
"orbital_towers","3","19","auto","","10","10","5.859096737991041","5.859096737991041","5.859096737991041","4.399065957721164","0.388","","25"
"orbital_towers","3","20","auto","","10","10","5.859096737991041","5.859096737991041","5.859096737991041","4.399065957721164","0.386","","25"
"orbital_towers","4","1","auto","","10","10","5.761691750158654","5.761691750158654","5.761691750158654","4.332144375108173","0.49","","23"
"orbital_towers","4","2","auto","","10","10","5.761691750158654","5.761691750158654","5.761691750158654","4.332144375108173","0.461","","23"
"orbital_towers","4","3","auto","","10","10","5.761691750158654","5.761691750158654","5.761691750158654","4.332144375108173","0.524","","23"
"orbital_towers","4","4","auto","","10","10","5.81064836175044","5.81064836175044","5.81064836175044","4.365778428466209","0.497","","24"
"orbital_towers","4","5","auto","","10","10","5.81064836175044","5.81064836175044","5.81064836175044","4.365778428466209","0.487","","24"
"orbital_towers","4","6","auto","","10","10","5.81064836175044","5.81064836175044","5.81064836175044","4.365778428466209","0.559","","24"
"orbital_towers","4","7","auto","","10","10","5.859096737991041","5.859096737991041","5.859096737991041","4.399065957721164","0.435","","25"
"orbital_towers","4","8","auto","","10","10","5.859096737991041","5.859096737991041","5.859096737991041","4.399065957721164","0.389","","25"
"orbital_towers","4","9","auto","","10","10","5.859096737991041","5.859096737991041","5.859096737991041","4.399065957721164","0.492","","25"
"orbital_towers","4","10","auto","","10","10","5.859096737991041","5.859096737991041","5.859096737991041","4.399065957721164","0.376","","25"
"orbital_towers","4","11","auto","","10","10","5.859096737991041","5.859096737991041","5.859096737991041","4.399065957721164","0.482","","25"
"orbital_towers","4","12","auto","","10","10","5.859096737991041","5.859096737991041","5.859096737991041","4.399065957721164","0.359","","25"
"orbital_towers","4","13","auto","","10","10","5.859096737991041","5.859096737991041","5.859096737991041","4.399065957721164","0.37","","25"
"orbital_towers","4","14","auto","","10","10","5.859096737991041","5.859096737991041","5.859096737991041","4.399065957721164","0.341","","25"
"orbital_towers","4","15","auto","","10","10","5.859096737991041","5.859096737991041","5.859096737991041","4.399065957721164","0.335","","25"
"orbital_towers","4","16","auto","","10","10","5.859096737991041","5.859096737991041","5.859096737991041","4.399065957721164","0.453","","25"
"orbital_towers","4","17","auto","","10","10","5.859096737991041","5.859096737991041","5.859096737991041","4.399065957721164","0.475","","25"
"orbital_towers","4","18","auto","","10","10","5.859096737991041","5.859096737991041","5.859096737991041","4.399065957721164","0.395","","25"
"orbital_towers","4","19","auto","","10","10","5.859096737991041","5.859096737991041","5.859096737991041","4.399065957721164","0.351","","25"
"orbital_towers","4","20","auto","","10","10","5.859096737991041","5.859096737991041","5.859096737991041","4.399065957721164","0.358","","25"
"orbital_towers","5","1","auto","","10","10","5.761691750158654","5.761691750158654","5.761691750158654","4.332144375108173","0.571","","23"
"orbital_towers","5","2","auto","","10","10","5.761691750158654","5.761691750158654","5.761691750158654","4.332144375108173","0.489","","23"
"orbital_towers","5","3","auto","","10","10","5.761691750158654","5.761691750158654","5.761691750158654","4.332144375108173","0.355","","23"
"orbital_towers","5","4","auto","","10","10","5.81064836175044","5.81064836175044","5.81064836175044","4.365778428466209","0.374","","24"
"orbital_towers","5","5","auto","","10","10","5.81064836175044","5.81064836175044","5.81064836175044","4.365778428466209","0.497","","24"
"orbital_towers","5","6","auto","","10","10","5.81064836175044","5.81064836175044","5.81064836175044","4.365778428466209","0.436","","24"
"orbital_towers","5","7","auto","","10","10","5.859096737991041","5.859096737991041","5.859096737991041","4.399065957721164","0.401","","25"
"orbital_towers","5","8","auto","","10","10","5.859096737991041","5.859096737991041","5.859096737991041","4.399065957721164","0.378","","25"
"orbital_towers","5","9","auto","","10","10","5.859096737991041","5.859096737991041","5.859096737991041","4.399065957721164","0.448","","25"
"orbital_towers","5","10","auto","","10","10","5.859096737991041","5.859096737991041","5.859096737991041","4.399065957721164","0.374","","25"
"orbital_towers","5","11","auto","","10","10","5.859096737991041","5.859096737991041","5.859096737991041","4.399065957721164","0.375","","25"
"orbital_towers","5","12","auto","","10","10","5.859096737991041","5.859096737991041","5.859096737991041","4.399065957721164","0.501","","25"
"orbital_towers","5","13","auto","","10","10","5.859096737991041","5.859096737991041","5.859096737991041","4.399065957721164","0.405","","25"
"orbital_towers","5","14","auto","","10","10","5.859096737991041","5.859096737991041","5.859096737991041","4.399065957721164","0.417","","25"
"orbital_towers","5","15","auto","","10","10","5.859096737991041","5.859096737991041","5.859096737991041","4.399065957721164","0.826","","25"
"orbital_towers","5","16","auto","","10","10","5.859096737991041","5.859096737991041","5.859096737991041","4.399065957721164","0.461","","25"
"orbital_towers","5","17","auto","","10","10","5.859096737991041","5.859096737991041","5.859096737991041","4.399065957721164","0.995","","25"
"orbital_towers","5","18","auto","","10","10","5.859096737991041","5.859096737991041","5.859096737991041","4.399065957721164","0.849","","25"
"orbital_towers","5","19","auto","","10","10","5.859096737991041","5.859096737991041","5.859096737991041","4.399065957721164","0.343","","25"
"orbital_towers","5","20","auto","","10","10","5.859096737991041","5.859096737991041","5.859096737991041","4.399065957721164","0.404","","25"
"orbital_towers","6","1","auto","","10","10","5.761691750158654","5.761691750158654","5.761691750158654","4.332144375108173","0.434","","23"
"orbital_towers","6","2","auto","","10","10","5.761691750158654","5.761691750158654","5.761691750158654","4.332144375108173","0.502","","23"
"orbital_towers","6","3","auto","","10","10","5.761691750158654","5.761691750158654","5.761691750158654","4.332144375108173","0.658","","23"
"orbital_towers","6","4","auto","","10","10","5.81064836175044","5.81064836175044","5.81064836175044","4.365778428466209","0.418","","24"
"orbital_towers","6","5","auto","","10","10","5.81064836175044","5.81064836175044","5.81064836175044","4.365778428466209","0.665","","24"
"orbital_towers","6","6","auto","","10","10","5.81064836175044","5.81064836175044","5.81064836175044","4.365778428466209","0.412","","24"
"orbital_towers","6","7","auto","","10","10","5.859096737991041","5.859096737991041","5.859096737991041","4.399065957721164","0.509","","25"
"orbital_towers","6","8","auto","","10","10","5.859096737991041","5.859096737991041","5.859096737991041","4.399065957721164","0.464","","25"
"orbital_towers","6","9","auto","","10","10","5.859096737991041","5.859096737991041","5.859096737991041","4.399065957721164","0.385","","25"
"orbital_towers","6","10","auto","","10","10","5.859096737991041","5.859096737991041","5.859096737991041","4.399065957721164","0.476","","25"
"orbital_towers","6","11","auto","","10","10","5.859096737991041","5.859096737991041","5.859096737991041","4.399065957721164","0.383","","25"
"orbital_towers","6","12","auto","","10","10","5.859096737991041","5.859096737991041","5.859096737991041","4.399065957721164","0.359","","25"
"orbital_towers","6","13","auto","","10","10","5.859096737991041","5.859096737991041","5.859096737991041","4.399065957721164","0.368","","25"
"orbital_towers","6","14","auto","","10","10","5.859096737991041","5.859096737991041","5.859096737991041","4.399065957721164","0.367","","25"
"orbital_towers","6","15","auto","","10","10","5.859096737991041","5.859096737991041","5.859096737991041","4.399065957721164","0.352","","25"
"orbital_towers","6","16","auto","","10","10","5.859096737991041","5.859096737991041","5.859096737991041","4.399065957721164","0.362","","25"
"orbital_towers","6","17","auto","","10","10","5.859096737991041","5.859096737991041","5.859096737991041","4.399065957721164","0.59","","25"
"orbital_towers","6","18","auto","","10","10","5.859096737991041","5.859096737991041","5.859096737991041","4.399065957721164","0.38","","25"
"orbital_towers","6","19","auto","","10","10","5.859096737991041","5.859096737991041","5.859096737991041","4.399065957721164","0.427","","25"
"orbital_towers","6","20","auto","","10","10","5.859096737991041","5.859096737991041","5.859096737991041","4.399065957721164","0.39","","25"
"hive_station","1","1","auto","","10","10","4.72082418087522","4.72082418087522","4.72082418087522","3.598289214233104","0.293","",""
"hive_station","1","2","auto","","10","10","4.72082418087522","4.72082418087522","4.72082418087522","3.598289214233104","0.304","",""
"hive_station","1","3","auto","","10","10","4.72082418087522","4.72082418087522","4.72082418087522","3.598289214233104","0.641","",""
"hive_station","1","4","auto","","10","10","4.72082418087522","4.72082418087522","4.72082418087522","3.598289214233104","0.344","",""
"hive_station","1","5","auto","","10","10","4.72082418087522","4.72082418087522","4.72082418087522","3.598289214233104","0.421","",""
"hive_station","1","6","auto","","10","10","4.72082418087522","4.72082418087522","4.72082418087522","3.598289214233104","0.359","",""
"hive_station","1","7","auto","","10","10","4.72082418087522","4.72082418087522","4.72082418087522","3.598289214233104","0.386","",""
"hive_station","1","8","auto","","10","10","4.72082418087522","4.72082418087522","4.72082418087522","3.598289214233104","0.335","",""
"hive_station","1","9","auto","","10","10","4.72082418087522","4.72082418087522","4.72082418087522","3.598289214233104","0.321","",""
"hive_station","1","10","auto","","10","10","4.72082418087522","4.72082418087522","4.72082418087522","3.598289214233104","0.353","",""
"hive_station","1","11","auto","","10","10","4.72082418087522","4.72082418087522","4.72082418087522","3.598289214233104","0.301","",""
"hive_station","1","12","auto","","10","10","4.72082418087522","4.72082418087522","4.72082418087522","3.598289214233104","0.459","",""
"hive_station","1","13","auto","","10","10","4.72082418087522","4.72082418087522","4.72082418087522","3.598289214233104","0.375","",""
"hive_station","1","14","auto","","10","10","4.72082418087522","4.72082418087522","4.72082418087522","3.598289214233104","0.347","",""
"hive_station","1","15","auto","","10","10","4.72082418087522","4.72082418087522","4.72082418087522","3.598289214233104","0.352","",""
"hive_station","1","16","auto","","10","10","4.72082418087522","4.72082418087522","4.72082418087522","3.598289214233104","0.354","",""
"hive_station","1","17","auto","","10","10","4.72082418087522","4.72082418087522","4.72082418087522","3.598289214233104","0.378","",""
"hive_station","1","18","auto","","10","10","4.72082418087522","4.72082418087522","4.72082418087522","3.598289214233104","0.316","",""
"hive_station","1","19","auto","","10","10","4.72082418087522","4.72082418087522","4.72082418087522","3.598289214233104","0.359","",""
"hive_station","1","20","auto","","10","10","4.72082418087522","4.72082418087522","4.72082418087522","3.598289214233104","0.328","",""
"hive_station","2","1","auto","","10","10","4.72082418087522","4.72082418087522","4.72082418087522","3.598289214233104","0.373","",""
"hive_station","2","2","auto","","10","10","4.72082418087522","4.72082418087522","4.72082418087522","3.598289214233104","0.317","",""
"hive_station","2","3","auto","","10","10","4.72082418087522","4.72082418087522","4.72082418087522","3.598289214233104","0.399","",""
"hive_station","2","4","auto","","10","10","4.72082418087522","4.72082418087522","4.72082418087522","3.598289214233104","0.309","",""
"hive_station","2","5","auto","","10","10","4.72082418087522","4.72082418087522","4.72082418087522","3.598289214233104","0.361","",""
"hive_station","2","6","auto","","10","10","4.72082418087522","4.72082418087522","4.72082418087522","3.598289214233104","0.333","",""
"hive_station","2","7","auto","","10","10","4.72082418087522","4.72082418087522","4.72082418087522","3.598289214233104","0.369","",""
"hive_station","2","8","auto","","10","10","4.72082418087522","4.72082418087522","4.72082418087522","3.598289214233104","0.353","",""
"hive_station","2","9","auto","","10","10","4.72082418087522","4.72082418087522","4.72082418087522","3.598289214233104","0.309","",""
"hive_station","2","10","auto","","10","10","4.924544052957589","4.924544052957589","4.924544052957589","3.7371891270165376","1.135","",""
"hive_station","2","11","auto","","10","10","4.924544052957589","4.924544052957589","4.924544052957589","3.7371891270165376","3.471","",""
"hive_station","2","12","auto","","10","10","4.924544052957589","4.924544052957589","4.924544052957589","3.7371891270165376","2.031","",""
"hive_station","2","13","auto","","10","10","4.924544052957589","4.924544052957589","4.924544052957589","3.7371891270165376","1.942","",""
"hive_station","2","14","auto","","10","10","4.924544052957589","4.924544052957589","4.924544052957589","3.7371891270165376","1.622","",""
"hive_station","2","15","auto","","10","10","4.924544052957589","4.924544052957589","4.924544052957589","3.7371891270165376","1.289","",""
"hive_station","2","16","auto","","10","10","4.924544052957589","4.924544052957589","4.924544052957589","3.7371891270165376","4.968","",""
"hive_station","2","17","auto","","10","10","4.924544052957589","4.924544052957589","4.924544052957589","3.7371891270165376","1.18","",""
"hive_station","2","18","auto","","10","10","4.924544052957589","4.924544052957589","4.924544052957589","3.7371891270165376","3.025","",""
"hive_station","2","19","auto","","10","10","4.924544052957589","4.924544052957589","4.924544052957589","3.7371891270165376","2.157","",""
"hive_station","2","20","auto","","10","10","4.924544052957589","4.924544052957589","4.924544052957589","3.7371891270165376","5.169","",""
"hive_station","3","1","auto","","10","10","4.924544052957589","4.924544052957589","4.924544052957589","3.7371891270165376","0.872","",""
"hive_station","3","2","auto","","10","10","4.924544052957589","4.924544052957589","4.924544052957589","3.7371891270165376","5.548","",""
"hive_station","3","3","auto","","10","10","4.924544052957589","4.924544052957589","4.924544052957589","3.7371891270165376","2.017","",""
"hive_station","3","4","auto","","10","10","4.924544052957589","4.924544052957589","4.924544052957589","3.7371891270165376","2.458","",""
"hive_station","3","5","auto","","10","10","4.924544052957589","4.924544052957589","4.924544052957589","3.7371891270165376","5.253","",""
"hive_station","3","6","auto","","10","10","4.924544052957589","4.924544052957589","4.924544052957589","3.7371891270165376","1.129","",""
"hive_station","3","7","auto","","10","10","4.924544052957589","4.924544052957589","4.924544052957589","3.7371891270165376","1.311","",""
"hive_station","3","8","auto","","10","10","4.924544052957589","4.924544052957589","4.924544052957589","3.7371891270165376","1.423","",""
"hive_station","3","9","auto","","10","10","4.924544052957589","4.924544052957589","4.924544052957589","3.7371891270165376","1.319","",""
"hive_station","3","10","auto","","10","10","4.924544052957589","4.924544052957589","4.924544052957589","3.7371891270165376","1.205","",""
"hive_station","3","11","auto","","10","10","4.924544052957589","4.924544052957589","4.924544052957589","3.7371891270165376","1.867","",""
"hive_station","3","12","auto","","10","10","4.924544052957589","4.924544052957589","4.924544052957589","3.7371891270165376","1.48","",""
"hive_station","3","13","auto","","10","10","4.924544052957589","4.924544052957589","4.924544052957589","3.7371891270165376","2.732","",""
"hive_station","3","14","auto","","10","10","4.924544052957589","4.924544052957589","4.924544052957589","3.7371891270165376","1.657","",""
"hive_station","3","15","auto","","10","10","4.924544052957589","4.924544052957589","4.924544052957589","3.7371891270165376","4.431","",""
"hive_station","3","16","auto","","10","10","4.924544052957589","4.924544052957589","4.924544052957589","3.7371891270165376","1.626","",""
"hive_station","3","17","auto","","10","10","4.924544052957589","4.924544052957589","4.924544052957589","3.7371891270165376","2.396","",""
"hive_station","3","18","auto","","10","10","4.924544052957589","4.924544052957589","4.924544052957589","3.7371891270165376","1.145","",""
"hive_station","3","19","auto","","10","10","4.924544052957589","4.924544052957589","4.924544052957589","3.7371891270165376","1.573","",""
"hive_station","3","20","auto","","10","10","4.924544052957589","4.924544052957589","4.924544052957589","3.7371891270165376","1.976","",""
"hive_station","4","1","auto","","10","10","4.924544052957589","4.924544052957589","4.924544052957589","3.7371891270165376","3.793","",""
"hive_station","4","2","auto","","10","10","4.924544052957589","4.924544052957589","4.924544052957589","3.7371891270165376","1.427","",""
"hive_station","4","3","auto","","10","10","4.924544052957589","4.924544052957589","4.924544052957589","3.7371891270165376","1.487","",""
"hive_station","4","4","auto","","10","10","4.924544052957589","4.924544052957589","4.924544052957589","3.7371891270165376","1.92","",""
"hive_station","4","5","auto","","10","10","4.924544052957589","4.924544052957589","4.924544052957589","3.7371891270165376","1.197","",""
"hive_station","4","6","auto","","10","10","4.924544052957589","4.924544052957589","4.924544052957589","3.7371891270165376","4.945","",""
"hive_station","4","7","auto","","10","10","4.924544052957589","4.924544052957589","4.924544052957589","3.7371891270165376","2.813","",""
"hive_station","4","8","auto","","10","10","5.079923188285113","5.079923188285113","5.079923188285113","3.8431294465580312","23.947","",""
"hive_station","4","9","auto","","10","10","5.079923188285113","5.079923188285113","5.079923188285113","3.8431294465580312","16.974","",""
"hive_station","4","10","auto","","10","10","5.079923188285113","5.079923188285113","5.079923188285113","3.8431294465580312","22.756","",""
"hive_station","4","11","auto","","10","10","5.079923188285113","5.079923188285113","5.079923188285113","3.8431294465580312","27.143","",""
"hive_station","4","12","auto","","10","10","5.079923188285113","5.079923188285113","5.079923188285113","3.8431294465580312","27.028","",""
"hive_station","4","13","auto","","10","10","5.079923188285113","5.079923188285113","5.079923188285113","3.8431294465580312","18.802","",""
"hive_station","4","14","auto","","10","10","5.079923188285113","5.079923188285113","5.079923188285113","3.8431294465580312","15.199","",""
"hive_station","4","15","auto","","10","10","5.079923188285113","5.079923188285113","5.079923188285113","3.8431294465580312","18.128","",""
"hive_station","4","16","auto","","10","10","5.079923188285113","5.079923188285113","5.079923188285113","3.8431294465580312","25.671","",""
"hive_station","4","17","auto","","10","10","5.079923188285113","5.079923188285113","5.079923188285113","3.8431294465580312","63.732","",""
"hive_station","4","18","auto","","10","10","5.079923188285113","5.079923188285113","5.079923188285113","3.8431294465580312","26.258","",""
"hive_station","4","19","auto","","10","10","5.079923188285113","5.079923188285113","5.079923188285113","3.8431294465580312","22.012","",""
"hive_station","4","20","auto","","10","10","5.079923188285113","5.079923188285113","5.079923188285113","3.8431294465580312","32.856","",""
"hive_station","5","1","auto","","10","10","4.924544052957589","4.924544052957589","4.924544052957589","3.7371891270165376","1.143","",""
"hive_station","5","2","auto","","10","10","4.924544052957589","4.924544052957589","4.924544052957589","3.7371891270165376","1.304","",""
"hive_station","5","3","auto","","10","10","4.924544052957589","4.924544052957589","4.924544052957589","3.7371891270165376","1.617","",""
"hive_station","5","4","auto","","10","10","4.924544052957589","4.924544052957589","4.924544052957589","3.7371891270165376","1.617","",""
"hive_station","5","5","auto","","10","10","4.924544052957589","4.924544052957589","4.924544052957589","3.7371891270165376","2.829","",""
"hive_station","5","6","auto","","10","10","4.924544052957589","4.924544052957589","4.924544052957589","3.7371891270165376","1.376","",""
"hive_station","5","7","auto","","10","10","4.924544052957589","4.924544052957589","4.924544052957589","3.7371891270165376","1.489","",""
"hive_station","5","8","auto","","10","10","5.079923188285113","5.079923188285113","5.079923188285113","3.8431294465580312","12.389","",""
"hive_station","5","9","auto","","10","10","5.079923188285113","5.079923188285113","5.079923188285113","3.8431294465580312","19.711","",""
"hive_station","5","10","auto","","10","10","5.079923188285113","5.079923188285113","5.079923188285113","3.8431294465580312","19.895","",""
"hive_station","5","11","auto","","10","10","5.079923188285113","5.079923188285113","5.079923188285113","3.8431294465580312","22.118","",""
"hive_station","5","12","auto","","10","10","5.079923188285113","5.079923188285113","5.079923188285113","3.8431294465580312","18.622","",""
"hive_station","5","13","auto","","10","10","5.079923188285113","5.079923188285113","5.079923188285113","3.8431294465580312","18.969","",""
"hive_station","5","14","auto","","10","10","5.079923188285113","5.079923188285113","5.079923188285113","3.8431294465580312","13.816","",""
"hive_station","5","15","auto","","10","10","5.079923188285113","5.079923188285113","5.079923188285113","3.8431294465580312","22.995","",""
"hive_station","5","16","auto","","10","10","5.079923188285113","5.079923188285113","5.079923188285113","3.8431294465580312","23.668","",""
"hive_station","5","17","auto","","10","10","5.079923188285113","5.079923188285113","5.079923188285113","3.8431294465580312","23.814","",""
"hive_station","5","18","auto","","10","10","5.079923188285113","5.079923188285113","5.079923188285113","3.8431294465580312","19.181","",""
"hive_station","5","19","auto","","10","10","5.079923188285113","5.079923188285113","5.079923188285113","3.8431294465580312","19.785","",""
"hive_station","5","20","auto","","10","10","5.079923188285113","5.079923188285113","5.079923188285113","3.8431294465580312","37.33","",""
"hive_station","6","1","auto","","10","10","4.924544052957589","4.924544052957589","4.924544052957589","3.7371891270165376","3.222","",""
"hive_station","6","2","auto","","10","10","4.924544052957589","4.924544052957589","4.924544052957589","3.7371891270165376","0.946","",""
"hive_station","6","3","auto","","10","10","4.924544052957589","4.924544052957589","4.924544052957589","3.7371891270165376","1.343","",""
"hive_station","6","4","auto","","10","10","4.924544052957589","4.924544052957589","4.924544052957589","3.7371891270165376","2.254","",""
"hive_station","6","5","auto","","10","10","4.924544052957589","4.924544052957589","4.924544052957589","3.7371891270165376","4.44","",""
"hive_station","6","6","auto","","10","10","4.924544052957589","4.924544052957589","4.924544052957589","3.7371891270165376","9.316","",""
"hive_station","6","7","auto","","10","10","4.924544052957589","4.924544052957589","4.924544052957589","3.7371891270165376","3.426","",""
"hive_station","6","8","auto","","10","10","5.079923188285113","5.079923188285113","5.079923188285113","3.8431294465580312","33.769","",""
"hive_station","6","9","auto","","10","10","5.079923188285113","5.079923188285113","5.079923188285113","3.8431294465580312","17.571","",""
"hive_station","6","10","auto","","10","10","5.079923188285113","5.079923188285113","5.079923188285113","3.8431294465580312","25.104","",""
"hive_station","6","11","auto","","10","10","5.079923188285113","5.079923188285113","5.079923188285113","3.8431294465580312","15.506","",""
"hive_station","6","12","auto","","10","10","5.079923188285113","5.079923188285113","5.079923188285113","3.8431294465580312","23.607","",""
"hive_station","6","13","auto","","10","10","5.079923188285113","5.079923188285113","5.079923188285113","3.8431294465580312","16.122","",""
"hive_station","6","14","auto","","10","10","5.079923188285113","5.079923188285113","5.079923188285113","3.8431294465580312","18.522","",""
"hive_station","6","15","auto","","10","10","5.079923188285113","5.079923188285113","5.079923188285113","3.8431294465580312","10.036","",""
"hive_station","6","16","auto","","10","10","5.079923188285113","5.079923188285113","5.079923188285113","3.8431294465580312","17.343","",""
"hive_station","6","17","auto","","10","10","5.079923188285113","5.079923188285113","5.079923188285113","3.8431294465580312","31.971","",""
"hive_station","6","18","auto","","10","10","5.079923188285113","5.079923188285113","5.079923188285113","3.8431294465580312","20.551","",""
"hive_station","6","19","auto","","10","10","5.079923188285113","5.079923188285113","5.079923188285113","3.8431294465580312","13.031","",""
"hive_station","6","20","auto","","10","10","5.079923188285113","5.079923188285113","5.079923188285113","3.8431294465580312","19.715","",""
"relic_assembly","1","1","auto","","10","10","3.90582418087522","3.90582418087522","3.90582418087522","3.0676225475664376","0.147","",""
"relic_assembly","1","2","auto","","10","10","3.90582418087522","3.90582418087522","3.90582418087522","3.0676225475664376","0.14","",""
"relic_assembly","1","3","auto","","10","10","3.90582418087522","3.90582418087522","3.90582418087522","3.0676225475664376","0.155","",""
"relic_assembly","1","4","auto","","10","10","3.90582418087522","3.90582418087522","3.90582418087522","3.0676225475664376","0.142","",""
"relic_assembly","1","5","auto","","10","10","3.90582418087522","3.90582418087522","3.90582418087522","3.0676225475664376","0.142","",""
"relic_assembly","1","6","auto","","10","10","3.90582418087522","3.90582418087522","3.90582418087522","3.0676225475664376","0.193","",""
"relic_assembly","1","7","auto","","10","10","3.90582418087522","3.90582418087522","3.90582418087522","3.0676225475664376","0.156","",""
"relic_assembly","1","8","auto","","10","10","3.90582418087522","3.90582418087522","3.90582418087522","3.0676225475664376","0.128","",""
"relic_assembly","1","9","auto","","10","10","3.90582418087522","3.90582418087522","3.90582418087522","3.0676225475664376","0.147","",""
"relic_assembly","1","10","auto","","10","10","3.90582418087522","3.90582418087522","3.90582418087522","3.0676225475664376","0.136","",""
"relic_assembly","1","11","auto","","10","10","3.90582418087522","3.90582418087522","3.90582418087522","3.0676225475664376","0.148","",""
"relic_assembly","1","12","auto","","10","10","3.90582418087522","3.90582418087522","3.90582418087522","3.0676225475664376","0.151","",""
"relic_assembly","1","13","auto","","10","10","3.90582418087522","3.90582418087522","3.90582418087522","3.0676225475664376","0.158","",""
"relic_assembly","1","14","auto","","10","10","3.90582418087522","3.90582418087522","3.90582418087522","3.0676225475664376","0.141","",""
"relic_assembly","1","15","auto","","10","10","3.90582418087522","3.90582418087522","3.90582418087522","3.0676225475664376","0.128","",""
"relic_assembly","1","16","auto","","10","10","3.90582418087522","3.90582418087522","3.90582418087522","3.0676225475664376","0.131","",""
"relic_assembly","1","17","auto","","10","10","3.90582418087522","3.90582418087522","3.90582418087522","3.0676225475664376","0.133","",""
"relic_assembly","1","18","auto","","10","10","3.90582418087522","3.90582418087522","3.90582418087522","3.0676225475664376","0.132","",""
"relic_assembly","1","19","auto","","10","10","3.90582418087522","3.90582418087522","3.90582418087522","3.0676225475664376","0.13","",""
"relic_assembly","1","20","auto","","10","10","3.90582418087522","3.90582418087522","3.90582418087522","3.0676225475664376","0.144","",""
"relic_assembly","2","1","auto","","10","10","4.132618082852673","4.132618082852673","4.132618082852673","3.2231032383086404","0.153","",""
"relic_assembly","2","2","auto","","10","10","4.132618082852673","4.132618082852673","4.132618082852673","3.2231032383086404","0.173","",""
"relic_assembly","2","3","auto","","10","10","4.132618082852673","4.132618082852673","4.132618082852673","3.2231032383086404","0.145","",""
"relic_assembly","2","4","auto","","10","10","4.132618082852673","4.132618082852673","4.132618082852673","3.2231032383086404","0.134","",""
"relic_assembly","2","5","auto","","10","10","4.132618082852673","4.132618082852673","4.132618082852673","3.2231032383086404","0.134","",""
"relic_assembly","2","6","auto","","10","10","4.132618082852673","4.132618082852673","4.132618082852673","3.2231032383086404","0.184","",""
"relic_assembly","2","7","auto","","10","10","4.132618082852673","4.132618082852673","4.132618082852673","3.2231032383086404","0.15","",""
"relic_assembly","2","8","auto","","10","10","4.132618082852673","4.132618082852673","4.132618082852673","3.2231032383086404","0.176","",""
"relic_assembly","2","9","auto","","10","10","4.132618082852673","4.132618082852673","4.132618082852673","3.2231032383086404","0.157","",""
"relic_assembly","2","10","auto","","10","10","4.132618082852673","4.132618082852673","4.132618082852673","3.2231032383086404","0.182","",""
"relic_assembly","2","11","auto","","10","10","4.132618082852673","4.132618082852673","4.132618082852673","3.2231032383086404","0.168","",""
"relic_assembly","2","12","auto","","10","10","4.132618082852673","4.132618082852673","4.132618082852673","3.2231032383086404","0.199","",""
"relic_assembly","2","13","auto","","10","10","4.132618082852673","4.132618082852673","4.132618082852673","3.2231032383086404","0.138","",""
"relic_assembly","2","14","auto","","10","10","4.132618082852673","4.132618082852673","4.132618082852673","3.2231032383086404","0.176","",""
"relic_assembly","2","15","auto","","10","10","4.132618082852673","4.132618082852673","4.132618082852673","3.2231032383086404","0.154","",""
"relic_assembly","2","16","auto","","10","10","4.132618082852673","4.132618082852673","4.132618082852673","3.2231032383086404","0.168","",""
"relic_assembly","2","17","auto","","10","10","4.132618082852673","4.132618082852673","4.132618082852673","3.2231032383086404","0.16","",""
"relic_assembly","2","18","auto","","10","10","4.132618082852673","4.132618082852673","4.132618082852673","3.2231032383086404","0.147","",""
"relic_assembly","2","19","auto","","10","10","4.132618082852673","4.132618082852673","4.132618082852673","3.2231032383086404","0.163","",""
"relic_assembly","2","20","auto","","10","10","4.132618082852673","4.132618082852673","4.132618082852673","3.2231032383086404","0.158","",""
"relic_assembly","3","1","auto","","10","10","4.425824180875219","4.425824180875219","4.425824180875219","3.424289214233104","0.181","",""
"relic_assembly","3","2","auto","","10","10","4.425824180875219","4.425824180875219","4.425824180875219","3.424289214233104","0.185","",""
"relic_assembly","3","3","auto","","10","10","4.425824180875219","4.425824180875219","4.425824180875219","3.424289214233104","0.212","",""
"relic_assembly","3","4","auto","","10","10","4.425824180875219","4.425824180875219","4.425824180875219","3.424289214233104","0.2","",""
"relic_assembly","3","5","auto","","10","10","4.425824180875219","4.425824180875219","4.425824180875219","3.424289214233104","0.245","",""
"relic_assembly","3","6","auto","","10","10","4.425824180875219","4.425824180875219","4.425824180875219","3.424289214233104","0.235","",""
"relic_assembly","3","7","auto","","10","10","4.425824180875219","4.425824180875219","4.425824180875219","3.424289214233104","0.192","",""
"relic_assembly","3","8","auto","","10","10","4.425824180875219","4.425824180875219","4.425824180875219","3.424289214233104","0.178","",""
"relic_assembly","3","9","auto","","10","10","4.425824180875219","4.425824180875219","4.425824180875219","3.424289214233104","0.18","",""
"relic_assembly","3","10","auto","","10","10","4.425824180875219","4.425824180875219","4.425824180875219","3.424289214233104","0.19","",""
"relic_assembly","3","11","auto","","10","10","4.425824180875219","4.425824180875219","4.425824180875219","3.424289214233104","0.19","",""
"relic_assembly","3","12","auto","","10","10","4.425824180875219","4.425824180875219","4.425824180875219","3.424289214233104","0.159","",""
"relic_assembly","3","13","auto","","10","10","4.425824180875219","4.425824180875219","4.425824180875219","3.424289214233104","0.187","",""
"relic_assembly","3","14","auto","","10","10","4.425824180875219","4.425824180875219","4.425824180875219","3.424289214233104","0.17","",""
"relic_assembly","3","15","auto","","10","10","4.425824180875219","4.425824180875219","4.425824180875219","3.424289214233104","0.167","",""
"relic_assembly","3","16","auto","","10","10","4.425824180875219","4.425824180875219","4.425824180875219","3.424289214233104","0.171","",""
"relic_assembly","3","17","auto","","10","10","4.425824180875219","4.425824180875219","4.425824180875219","3.424289214233104","0.185","",""
"relic_assembly","3","18","auto","","10","10","4.425824180875219","4.425824180875219","4.425824180875219","3.424289214233104","0.212","",""
"relic_assembly","3","19","auto","","10","10","4.425824180875219","4.425824180875219","4.425824180875219","3.424289214233104","0.165","",""
"relic_assembly","3","20","auto","","10","10","4.425824180875219","4.425824180875219","4.425824180875219","3.424289214233104","0.182","",""
"relic_assembly","4","1","auto","","10","10","4.425824180875219","4.425824180875219","4.425824180875219","3.424289214233104","0.238","",""
"relic_assembly","4","2","auto","","10","10","4.425824180875219","4.425824180875219","4.425824180875219","3.424289214233104","0.249","",""
"relic_assembly","4","3","auto","","10","10","4.425824180875219","4.425824180875219","4.425824180875219","3.424289214233104","0.187","",""
"relic_assembly","4","4","auto","","10","10","4.425824180875219","4.425824180875219","4.425824180875219","3.424289214233104","0.172","",""
"relic_assembly","4","5","auto","","10","10","4.425824180875219","4.425824180875219","4.425824180875219","3.424289214233104","0.188","",""
"relic_assembly","4","6","auto","","10","10","4.425824180875219","4.425824180875219","4.425824180875219","3.424289214233104","0.196","",""
"relic_assembly","4","7","auto","","10","10","4.425824180875219","4.425824180875219","4.425824180875219","3.424289214233104","0.192","",""
"relic_assembly","4","8","auto","","10","10","4.425824180875219","4.425824180875219","4.425824180875219","3.424289214233104","0.169","",""
"relic_assembly","4","9","auto","","10","10","4.425824180875219","4.425824180875219","4.425824180875219","3.424289214233104","0.163","",""
"relic_assembly","4","10","auto","","10","10","4.425824180875219","4.425824180875219","4.425824180875219","3.424289214233104","0.188","",""
"relic_assembly","4","11","auto","","10","10","4.425824180875219","4.425824180875219","4.425824180875219","3.424289214233104","0.168","",""
"relic_assembly","4","12","auto","","10","10","4.425824180875219","4.425824180875219","4.425824180875219","3.424289214233104","0.176","",""
"relic_assembly","4","13","auto","","10","10","4.425824180875219","4.425824180875219","4.425824180875219","3.424289214233104","0.156","",""
"relic_assembly","4","14","auto","","10","10","4.425824180875219","4.425824180875219","4.425824180875219","3.424289214233104","0.242","",""
"relic_assembly","4","15","auto","","10","10","4.425824180875219","4.425824180875219","4.425824180875219","3.424289214233104","0.25","",""
"relic_assembly","4","16","auto","","10","10","4.425824180875219","4.425824180875219","4.425824180875219","3.424289214233104","0.233","",""
"relic_assembly","4","17","auto","","10","10","4.425824180875219","4.425824180875219","4.425824180875219","3.424289214233104","0.245","",""
"relic_assembly","4","18","auto","","10","10","4.425824180875219","4.425824180875219","4.425824180875219","3.424289214233104","0.17","",""
"relic_assembly","4","19","auto","","10","10","4.425824180875219","4.425824180875219","4.425824180875219","3.424289214233104","0.16","",""
"relic_assembly","4","20","auto","","10","10","4.425824180875219","4.425824180875219","4.425824180875219","3.424289214233104","0.162","",""
"relic_assembly","5","1","auto","","10","10","4.425824180875219","4.425824180875219","4.425824180875219","3.424289214233104","0.3","",""
"relic_assembly","5","2","auto","","10","10","4.425824180875219","4.425824180875219","4.425824180875219","3.424289214233104","0.18","",""
"relic_assembly","5","3","auto","","10","10","4.425824180875219","4.425824180875219","4.425824180875219","3.424289214233104","0.18","",""
"relic_assembly","5","4","auto","","10","10","4.425824180875219","4.425824180875219","4.425824180875219","3.424289214233104","0.193","",""
"relic_assembly","5","5","auto","","10","10","4.425824180875219","4.425824180875219","4.425824180875219","3.424289214233104","0.156","",""
"relic_assembly","5","6","auto","","10","10","4.425824180875219","4.425824180875219","4.425824180875219","3.424289214233104","0.202","",""
"relic_assembly","5","7","auto","","10","10","4.425824180875219","4.425824180875219","4.425824180875219","3.424289214233104","0.182","",""
"relic_assembly","5","8","auto","","10","10","4.425824180875219","4.425824180875219","4.425824180875219","3.424289214233104","0.192","",""
"relic_assembly","5","9","auto","","10","10","4.425824180875219","4.425824180875219","4.425824180875219","3.424289214233104","0.166","",""
"relic_assembly","5","10","auto","","10","10","4.425824180875219","4.425824180875219","4.425824180875219","3.424289214233104","0.197","",""
"relic_assembly","5","11","auto","","10","10","4.425824180875219","4.425824180875219","4.425824180875219","3.424289214233104","0.173","",""
"relic_assembly","5","12","auto","","10","10","4.425824180875219","4.425824180875219","4.425824180875219","3.424289214233104","0.164","",""
"relic_assembly","5","13","auto","","10","10","4.425824180875219","4.425824180875219","4.425824180875219","3.424289214233104","0.172","",""
"relic_assembly","5","14","auto","","10","10","4.425824180875219","4.425824180875219","4.425824180875219","3.424289214233104","0.158","",""
"relic_assembly","5","15","auto","","10","10","4.425824180875219","4.425824180875219","4.425824180875219","3.424289214233104","0.159","",""
"relic_assembly","5","16","auto","","10","10","4.425824180875219","4.425824180875219","4.425824180875219","3.424289214233104","0.171","",""
"relic_assembly","5","17","auto","","10","10","4.425824180875219","4.425824180875219","4.425824180875219","3.424289214233104","0.194","",""
"relic_assembly","5","18","auto","","10","10","4.425824180875219","4.425824180875219","4.425824180875219","3.424289214233104","0.196","",""
"relic_assembly","5","19","auto","","10","10","4.425824180875219","4.425824180875219","4.425824180875219","3.424289214233104","0.18","",""
"relic_assembly","5","20","auto","","10","10","4.425824180875219","4.425824180875219","4.425824180875219","3.424289214233104","0.166","",""
"relic_assembly","6","1","auto","","10","10","4.425824180875219","4.425824180875219","4.425824180875219","3.424289214233104","0.18","",""
"relic_assembly","6","2","auto","","10","10","4.425824180875219","4.425824180875219","4.425824180875219","3.424289214233104","0.173","",""
"relic_assembly","6","3","auto","","10","10","4.425824180875219","4.425824180875219","4.425824180875219","3.424289214233104","0.181","",""
"relic_assembly","6","4","auto","","10","10","4.425824180875219","4.425824180875219","4.425824180875219","3.424289214233104","0.158","",""
"relic_assembly","6","5","auto","","10","10","4.425824180875219","4.425824180875219","4.425824180875219","3.424289214233104","0.15","",""
"relic_assembly","6","6","auto","","10","10","4.425824180875219","4.425824180875219","4.425824180875219","3.424289214233104","0.151","",""
"relic_assembly","6","7","auto","","10","10","4.425824180875219","4.425824180875219","4.425824180875219","3.424289214233104","0.172","",""
"relic_assembly","6","8","auto","","10","10","4.425824180875219","4.425824180875219","4.425824180875219","3.424289214233104","0.178","",""
"relic_assembly","6","9","auto","","10","10","4.425824180875219","4.425824180875219","4.425824180875219","3.424289214233104","0.171","",""
"relic_assembly","6","10","auto","","10","10","4.425824180875219","4.425824180875219","4.425824180875219","3.424289214233104","0.183","",""
"relic_assembly","6","11","auto","","10","10","4.425824180875219","4.425824180875219","4.425824180875219","3.424289214233104","0.175","",""
"relic_assembly","6","12","auto","","10","10","4.425824180875219","4.425824180875219","4.425824180875219","3.424289214233104","0.178","",""
"relic_assembly","6","13","auto","","10","10","4.425824180875219","4.425824180875219","4.425824180875219","3.424289214233104","0.16","",""
"relic_assembly","6","14","auto","","10","10","4.425824180875219","4.425824180875219","4.425824180875219","3.424289214233104","0.176","",""
"relic_assembly","6","15","auto","","10","10","4.425824180875219","4.425824180875219","4.425824180875219","3.424289214233104","0.172","",""
"relic_assembly","6","16","auto","","10","10","4.425824180875219","4.425824180875219","4.425824180875219","3.424289214233104","0.155","",""
"relic_assembly","6","17","auto","","10","10","4.425824180875219","4.425824180875219","4.425824180875219","3.424289214233104","0.165","",""
"relic_assembly","6","18","auto","","10","10","4.425824180875219","4.425824180875219","4.425824180875219","3.424289214233104","0.178","",""
"relic_assembly","6","19","auto","","10","10","4.425824180875219","4.425824180875219","4.425824180875219","3.424289214233104","0.18","",""
"relic_assembly","6","20","auto","","10","10","4.425824180875219","4.425824180875219","4.425824180875219","3.424289214233104","0.175","",""
"xenobiology_lab","1","1","auto","","10","10","4.67535841682532","4.722025083491987","4.722025083491987","3.3084110417748405","0.116","",""
"xenobiology_lab","1","2","auto","","10","10","4.628691750158653","4.722025083491987","4.838691750158654","3.3084110417748405","0.092","",""
"xenobiology_lab","1","3","auto","","10","10","4.67535841682532","4.722025083491987","4.838691750158654","3.3084110417748405","0.175","",""
"xenobiology_lab","1","4","auto","","10","10","4.628691750158653","4.722025083491987","4.722025083491987","3.3084110417748405","0.147","",""
"xenobiology_lab","1","5","auto","","10","10","4.67535841682532","4.722025083491987","4.722025083491987","3.3084110417748405","0.128","",""
"xenobiology_lab","1","6","auto","","10","10","4.628691750158653","4.722025083491987","4.722025083491987","3.3084110417748405","0.13","",""
"xenobiology_lab","1","7","auto","","10","10","4.67535841682532","4.722025083491987","4.838691750158654","3.3084110417748405","0.139","",""
"xenobiology_lab","1","8","auto","","10","10","4.67535841682532","4.722025083491987","4.838691750158654","3.3084110417748405","0.103","",""
"xenobiology_lab","1","9","auto","","10","10","4.628691750158653","4.722025083491987","4.838691750158654","3.3084110417748405","0.126","",""
"xenobiology_lab","1","10","auto","","10","10","4.67535841682532","4.722025083491987","4.722025083491987","3.3084110417748405","0.122","",""
"xenobiology_lab","1","11","auto","","10","10","4.628691750158653","4.67535841682532","4.838691750158654","3.285077708441507","0.123","",""
"xenobiology_lab","1","12","auto","","10","10","4.67535841682532","4.722025083491987","4.722025083491987","3.3084110417748405","0.114","",""
"xenobiology_lab","1","13","auto","","10","10","4.67535841682532","4.722025083491987","4.722025083491987","3.3084110417748405","0.118","",""
"xenobiology_lab","1","14","auto","","10","10","4.67535841682532","4.722025083491987","4.838691750158654","3.3084110417748405","0.111","",""
"xenobiology_lab","1","15","auto","","10","10","4.67535841682532","4.722025083491987","4.722025083491987","3.3084110417748405","0.112","",""
"xenobiology_lab","1","16","auto","","10","10","4.67535841682532","4.722025083491987","4.838691750158654","3.3084110417748405","0.111","",""
"xenobiology_lab","1","17","auto","","10","10","4.628691750158653","4.67535841682532","4.838691750158654","3.285077708441507","0.097","",""
"xenobiology_lab","1","18","auto","","10","10","4.67535841682532","4.722025083491987","4.838691750158654","3.3084110417748405","0.085","",""
"xenobiology_lab","1","19","auto","","10","10","4.628691750158653","4.722025083491987","4.722025083491987","3.3084110417748405","0.107","",""
"xenobiology_lab","1","20","auto","","10","10","4.628691750158653","4.722025083491987","4.722025083491987","3.3084110417748405","0.122","",""
"xenobiology_lab","2","1","auto","","10","10","4.67535841682532","4.722025083491987","4.838691750158654","3.3084110417748405","0.133","",""
"xenobiology_lab","2","2","auto","","10","10","4.628691750158653","4.722025083491987","4.838691750158654","3.3084110417748405","0.123","",""
"xenobiology_lab","2","3","auto","","10","10","4.67535841682532","4.722025083491987","4.838691750158654","3.3084110417748405","0.108","",""
"xenobiology_lab","2","4","auto","","10","10","4.628691750158653","4.67535841682532","4.838691750158654","3.285077708441507","0.116","",""
"xenobiology_lab","2","5","auto","","10","10","4.67535841682532","4.722025083491987","4.838691750158654","3.3084110417748405","0.123","",""
"xenobiology_lab","2","6","auto","","10","10","4.67535841682532","4.722025083491987","4.838691750158654","3.3084110417748405","0.114","",""
"xenobiology_lab","2","7","auto","","10","10","4.67535841682532","4.722025083491987","4.722025083491987","3.3084110417748405","0.117","",""
"xenobiology_lab","2","8","auto","","10","10","4.628691750158653","4.722025083491987","4.722025083491987","3.3084110417748405","0.097","",""
"xenobiology_lab","2","9","auto","","10","10","4.67535841682532","4.722025083491987","4.838691750158654","3.3084110417748405","0.073","",""
"xenobiology_lab","2","10","auto","","10","10","4.67535841682532","4.722025083491987","4.722025083491987","3.3084110417748405","0.076","",""
"xenobiology_lab","2","11","auto","","10","10","4.67535841682532","4.722025083491987","4.838691750158654","3.3084110417748405","0.087","",""
"xenobiology_lab","2","12","auto","","10","10","4.67535841682532","4.722025083491987","4.838691750158654","3.3084110417748405","0.081","",""
"xenobiology_lab","2","13","auto","","10","10","4.67535841682532","4.722025083491987","4.722025083491987","3.3084110417748405","0.073","",""
"xenobiology_lab","2","14","auto","","10","10","4.67535841682532","4.722025083491987","4.838691750158654","3.3084110417748405","0.088","",""
"xenobiology_lab","2","15","auto","","10","10","4.628691750158653","4.722025083491987","4.838691750158654","3.3084110417748405","0.089","",""
"xenobiology_lab","2","16","auto","","10","10","4.67535841682532","4.722025083491987","4.838691750158654","3.3084110417748405","0.091","",""
"xenobiology_lab","2","17","auto","","10","10","4.67535841682532","4.722025083491987","4.838691750158654","3.3084110417748405","0.103","",""
"xenobiology_lab","2","18","auto","","10","10","4.67535841682532","4.722025083491987","4.838691750158654","3.3084110417748405","0.107","",""
"xenobiology_lab","2","19","auto","","10","10","4.628691750158653","4.722025083491987","4.722025083491987","3.3084110417748405","0.103","",""
"xenobiology_lab","2","20","auto","","10","10","4.67535841682532","4.722025083491987","4.838691750158654","3.3084110417748405","0.101","",""
"xenobiology_lab","3","1","auto","","10","10","4.993333333333333","4.993333333333333","5.11","3.4946666666666664","0.096","",""
"xenobiology_lab","3","2","auto","","10","10","4.993333333333333","4.993333333333333","5.11","3.4946666666666664","0.141","",""
"xenobiology_lab","3","3","auto","","10","10","4.946666666666666","4.993333333333333","5.11","3.4946666666666664","0.116","",""
"xenobiology_lab","3","4","auto","","10","10","4.993333333333333","4.993333333333333","5.11","3.4946666666666664","0.14","",""
"xenobiology_lab","3","5","auto","","10","10","4.993333333333333","5.11","5.11","3.553","0.127","",""
"xenobiology_lab","3","6","auto","","10","10","4.993333333333333","5.11","5.11","3.553","0.102","",""
"xenobiology_lab","3","7","auto","","10","10","4.993333333333333","4.993333333333333","4.993333333333333","3.4946666666666664","0.109","",""
"xenobiology_lab","3","8","auto","","10","10","4.993333333333333","5.11","5.11","3.553","0.086","",""
"xenobiology_lab","3","9","auto","","10","10","4.946666666666666","4.993333333333333","5.11","3.4946666666666664","0.104","",""
"xenobiology_lab","3","10","auto","","10","10","4.993333333333333","4.993333333333333","5.11","3.4946666666666664","0.102","",""
"xenobiology_lab","3","11","auto","","10","10","4.993333333333333","5.11","5.11","3.553","0.099","",""
"xenobiology_lab","3","12","auto","","10","10","4.946666666666666","4.993333333333333","5.11","3.4946666666666664","0.106","",""
"xenobiology_lab","3","13","auto","","10","10","4.993333333333333","5.11","5.11","3.553","0.092","",""
"xenobiology_lab","3","14","auto","","10","10","4.993333333333333","4.993333333333333","5.11","3.4946666666666664","0.097","",""
"xenobiology_lab","3","15","auto","","10","10","4.993333333333333","4.993333333333333","5.11","3.4946666666666664","0.117","",""
"xenobiology_lab","3","16","auto","","10","10","4.993333333333333","4.993333333333333","5.11","3.4946666666666664","0.142","",""
"xenobiology_lab","3","17","auto","","10","10","4.993333333333333","4.993333333333333","5.11","3.4946666666666664","0.091","",""
"xenobiology_lab","3","18","auto","","10","10","4.993333333333333","4.993333333333333","5.11","3.4946666666666664","0.104","",""
"xenobiology_lab","3","19","auto","","10","10","4.993333333333333","4.993333333333333","5.11","3.4946666666666664","0.111","",""
"xenobiology_lab","3","20","auto","","10","10","4.993333333333333","4.993333333333333","5.11","3.4946666666666664","0.111","",""
"xenobiology_lab","4","1","auto","","10","10","4.993333333333333","5.11","5.11","3.553","0.096","",""
"xenobiology_lab","4","2","auto","","10","10","4.993333333333333","4.993333333333333","5.11","3.4946666666666664","0.093","",""
"xenobiology_lab","4","3","auto","","10","10","4.993333333333333","5.11","5.11","3.553","0.109","",""
"xenobiology_lab","4","4","auto","","10","10","4.993333333333333","4.993333333333333","5.11","3.4946666666666664","0.116","",""
"xenobiology_lab","4","5","auto","","10","10","4.993333333333333","4.993333333333333","5.11","3.4946666666666664","0.107","",""
"xenobiology_lab","4","6","auto","","10","10","4.993333333333333","4.993333333333333","5.11","3.4946666666666664","0.086","",""
"xenobiology_lab","4","7","auto","","10","10","4.993333333333333","4.993333333333333","5.11","3.4946666666666664","0.094","",""
"xenobiology_lab","4","8","auto","","10","10","4.993333333333333","4.993333333333333","5.11","3.4946666666666664","0.089","",""
"xenobiology_lab","4","9","auto","","10","10","4.993333333333333","4.993333333333333","5.11","3.4946666666666664","0.118","",""
"xenobiology_lab","4","10","auto","","10","10","4.993333333333333","4.993333333333333","4.993333333333333","3.4946666666666664","0.088","",""
"xenobiology_lab","4","11","auto","","10","10","4.946666666666666","4.993333333333333","4.993333333333333","3.4946666666666664","0.079","",""
"xenobiology_lab","4","12","auto","","10","10","4.946666666666666","4.993333333333333","5.11","3.4946666666666664","0.09","",""
"xenobiology_lab","4","13","auto","","10","10","4.946666666666666","4.993333333333333","5.11","3.4946666666666664","0.111","",""
"xenobiology_lab","4","14","auto","","10","10","4.993333333333333","4.993333333333333","5.11","3.4946666666666664","0.117","",""
"xenobiology_lab","4","15","auto","","10","10","4.946666666666666","5.11","5.11","3.553","0.143","",""
"xenobiology_lab","4","16","auto","","10","10","4.993333333333333","4.993333333333333","4.993333333333333","3.4946666666666664","0.116","",""
"xenobiology_lab","4","17","auto","","10","10","4.993333333333333","4.993333333333333","5.11","3.4946666666666664","0.122","",""
"xenobiology_lab","4","18","auto","","10","10","4.993333333333333","4.993333333333333","5.11","3.4946666666666664","0.097","",""
"xenobiology_lab","4","19","auto","","10","10","4.993333333333333","4.993333333333333","5.11","3.4946666666666664","0.105","",""
"xenobiology_lab","4","20","auto","","10","10","4.946666666666666","4.993333333333333","5.11","3.4946666666666664","0.112","",""
"xenobiology_lab","5","1","auto","","10","10","4.993333333333333","4.993333333333333","5.11","3.4946666666666664","0.099","",""
"xenobiology_lab","5","2","auto","","10","10","4.993333333333333","4.993333333333333","5.11","3.4946666666666664","0.11","",""
"xenobiology_lab","5","3","auto","","10","10","4.993333333333333","4.993333333333333","5.11","3.4946666666666664","0.114","",""
"xenobiology_lab","5","4","auto","","10","10","4.993333333333333","4.993333333333333","5.11","3.4946666666666664","0.094","",""
"xenobiology_lab","5","5","auto","","10","10","4.946666666666666","4.993333333333333","4.993333333333333","3.4946666666666664","0.095","",""
"xenobiology_lab","5","6","auto","","10","10","4.993333333333333","4.993333333333333","5.11","3.4946666666666664","0.094","",""
"xenobiology_lab","5","7","auto","","10","10","4.946666666666666","4.993333333333333","5.11","3.4946666666666664","0.083","",""
"xenobiology_lab","5","8","auto","","10","10","4.993333333333333","4.993333333333333","5.11","3.4946666666666664","0.087","",""
"xenobiology_lab","5","9","auto","","10","10","4.993333333333333","4.993333333333333","5.11","3.4946666666666664","0.101","",""
"xenobiology_lab","5","10","auto","","10","10","4.993333333333333","5.11","5.11","3.553","0.1","",""
"xenobiology_lab","5","11","auto","","10","10","4.946666666666666","4.993333333333333","5.11","3.4946666666666664","0.09","",""
"xenobiology_lab","5","12","auto","","10","10","4.993333333333333","4.993333333333333","4.993333333333333","3.4946666666666664","0.094","",""
"xenobiology_lab","5","13","auto","","10","10","4.946666666666666","4.993333333333333","4.993333333333333","3.4946666666666664","0.095","",""
"xenobiology_lab","5","14","auto","","10","10","4.993333333333333","4.993333333333333","5.11","3.4946666666666664","0.113","",""
"xenobiology_lab","5","15","auto","","10","10","4.993333333333333","4.993333333333333","5.11","3.4946666666666664","0.105","",""
"xenobiology_lab","5","16","auto","","10","10","4.993333333333333","4.993333333333333","5.11","3.4946666666666664","0.091","",""
"xenobiology_lab","5","17","auto","","10","10","4.993333333333333","5.11","5.11","3.553","0.116","",""
"xenobiology_lab","5","18","auto","","10","10","4.993333333333333","4.993333333333333","5.11","3.4946666666666664","0.123","",""
"xenobiology_lab","5","19","auto","","10","10","4.993333333333333","4.993333333333333","5.11","3.4946666666666664","0.11","",""
"xenobiology_lab","5","20","auto","","10","10","4.946666666666666","5.11","5.11","3.553","0.103","",""
"xenobiology_lab","6","1","auto","","10","10","4.993333333333333","4.993333333333333","5.11","3.4946666666666664","0.112","",""
"xenobiology_lab","6","2","auto","","10","10","4.946666666666666","4.993333333333333","5.11","3.4946666666666664","0.133","",""
"xenobiology_lab","6","3","auto","","10","10","4.993333333333333","4.993333333333333","5.11","3.4946666666666664","0.114","",""
"xenobiology_lab","6","4","auto","","10","10","4.946666666666666","4.993333333333333","5.11","3.4946666666666664","0.107","",""
"xenobiology_lab","6","5","auto","","10","10","4.993333333333333","5.11","5.11","3.553","0.099","",""
"xenobiology_lab","6","6","auto","","10","10","4.993333333333333","4.993333333333333","5.11","3.4946666666666664","0.113","",""
"xenobiology_lab","6","7","auto","","10","10","4.993333333333333","5.11","5.11","3.553","0.084","",""
"xenobiology_lab","6","8","auto","","10","10","4.993333333333333","4.993333333333333","5.11","3.4946666666666664","0.103","",""
"xenobiology_lab","6","9","auto","","10","10","4.946666666666666","4.993333333333333","5.11","3.4946666666666664","0.093","",""
"xenobiology_lab","6","10","auto","","10","10","4.993333333333333","5.11","5.11","3.553","0.093","",""
"xenobiology_lab","6","11","auto","","10","10","4.993333333333333","4.993333333333333","5.11","3.4946666666666664","0.089","",""
"xenobiology_lab","6","12","auto","","10","10","4.993333333333333","4.993333333333333","5.11","3.4946666666666664","0.101","",""
"xenobiology_lab","6","13","auto","","10","10","4.993333333333333","4.993333333333333","5.11","3.4946666666666664","0.123","",""
"xenobiology_lab","6","14","auto","","10","10","4.993333333333333","4.993333333333333","5.11","3.4946666666666664","0.103","",""
"xenobiology_lab","6","15","auto","","10","10","4.993333333333333","4.993333333333333","5.11","3.4946666666666664","0.1","",""
"xenobiology_lab","6","16","auto","","10","10","4.946666666666666","5.11","5.11","3.553","0.124","",""
"xenobiology_lab","6","17","auto","","10","10","4.946666666666666","4.993333333333333","4.993333333333333","3.4946666666666664","0.15","",""
"xenobiology_lab","6","18","auto","","10","10","4.993333333333333","4.993333333333333","4.993333333333333","3.4946666666666664","0.134","",""
"xenobiology_lab","6","19","auto","","10","10","4.993333333333333","5.11","5.11","3.553","0.12","",""
"xenobiology_lab","6","20","auto","","10","10","4.993333333333333","5.11","5.11","3.553","0.119","",""
"galactic_market","1","1","auto","","10","10","3.77","4.26","4.26","2.85","0.085","",""
"galactic_market","1","2","auto","","10","10","3.77","3.77","3.77","2.6050000000000004","0.088","",""
"galactic_market","1","3","auto","","10","10","3.77","3.77","4.26","2.6050000000000004","0.083","",""
"galactic_market","1","4","auto","","10","10","3.77","4.26","4.26","2.85","0.056","",""
"galactic_market","1","5","auto","","10","10","3.77","3.77","4.26","2.6050000000000004","0.054","",""
"galactic_market","1","6","auto","","10","10","3.77","3.77","4.26","2.6050000000000004","0.059","",""
"galactic_market","1","7","auto","","10","10","3.77","4.26","4.26","2.85","0.055","",""
"galactic_market","1","8","auto","","10","10","3.77","4.26","4.26","2.85","0.054","",""
"galactic_market","1","9","auto","","10","10","3.77","4.26","4.26","2.85","0.054","",""
"galactic_market","1","10","auto","","10","10","3.77","3.77","4.26","2.6050000000000004","0.063","",""
"galactic_market","1","11","auto","","10","10","3.77","3.77","4.26","2.6050000000000004","0.069","",""
"galactic_market","1","12","auto","","10","10","3.77","4.26","4.26","2.85","0.07","",""
"galactic_market","1","13","auto","","10","10","3.77","3.77","4.26","2.6050000000000004","0.079","",""
"galactic_market","1","14","auto","","10","10","3.77","3.77","4.26","2.6050000000000004","0.067","",""
"galactic_market","1","15","auto","","10","10","3.77","4.26","4.26","2.85","0.087","",""
"galactic_market","1","16","auto","","10","10","3.77","3.77","4.26","2.6050000000000004","0.081","",""
"galactic_market","1","17","auto","","10","10","3.77","4.26","4.26","2.85","0.064","",""
"galactic_market","1","18","auto","","10","10","3.77","3.77","4.26","2.6050000000000004","0.084","",""
"galactic_market","1","19","auto","","10","10","3.77","4.26","4.26","2.85","0.079","",""
"galactic_market","1","20","auto","","10","10","3.77","4.26","4.26","2.85","0.094","",""
"galactic_market","2","1","auto","","10","10","3.77","4.26","4.26","2.85","0.084","",""
"galactic_market","2","2","auto","","10","10","3.77","4.26","4.26","2.85","0.093","",""
"galactic_market","2","3","auto","","10","10","3.77","3.77","4.26","2.6050000000000004","0.087","",""
"galactic_market","2","4","auto","","10","10","3.77","3.77","4.26","2.6050000000000004","0.068","",""
"galactic_market","2","5","auto","","10","10","3.77","4.26","4.26","2.85","0.06","",""
"galactic_market","2","6","auto","","10","10","3.77","4.26","4.26","2.85","0.071","",""
"galactic_market","2","7","auto","","10","10","3.77","4.26","4.26","2.85","0.069","",""
"galactic_market","2","8","auto","","10","10","3.77","4.26","4.26","2.85","0.073","",""
"galactic_market","2","9","auto","","10","10","3.77","4.26","4.26","2.85","0.076","",""
"galactic_market","2","10","auto","","10","10","3.77","4.26","4.26","2.85","0.079","",""
"galactic_market","2","11","auto","","10","10","4.26","4.26","4.75","2.85","0.082","",""
"galactic_market","2","12","auto","","10","10","3.77","4.26","4.75","2.85","0.061","",""
"galactic_market","2","13","auto","","10","10","4.26","4.26","4.75","2.85","0.071","",""
"galactic_market","2","14","auto","","10","10","3.77","4.26","4.75","2.85","0.056","",""
"galactic_market","2","15","auto","","10","10","4.26","4.26","4.75","2.85","0.072","",""
"galactic_market","2","16","auto","","10","10","3.77","4.26","4.26","2.85","0.073","",""
"galactic_market","2","17","auto","","10","10","3.77","4.75","4.75","3.095","0.066","",""
"galactic_market","2","18","auto","","10","10","3.77","4.26","4.75","2.85","0.077","",""
"galactic_market","2","19","auto","","10","10","4.26","4.75","4.75","3.095","0.091","",""
"galactic_market","2","20","auto","","10","10","3.77","4.26","4.26","2.85","0.062","",""
"galactic_market","3","1","auto","","10","10","3.77","3.77","4.26","2.6050000000000004","0.072","",""
"galactic_market","3","2","auto","","10","10","4.26","4.26","4.26","2.85","0.087","",""
"galactic_market","3","3","auto","","10","10","4.26","4.26","4.75","2.85","0.074","",""
"galactic_market","3","4","auto","","10","10","3.77","3.77","4.75","2.6050000000000004","0.066","",""
"galactic_market","3","5","auto","","10","10","3.77","4.26","4.75","2.85","0.067","",""
"galactic_market","3","6","auto","","10","10","4.26","4.26","4.75","2.85","0.069","",""
"galactic_market","3","7","auto","","10","10","4.26","4.26","4.75","2.85","0.067","",""
"galactic_market","3","8","auto","","10","10","4.26","4.26","4.75","2.85","0.085","",""
"galactic_market","3","9","auto","","10","10","3.77","4.26","4.75","2.85","0.065","",""
"galactic_market","3","10","auto","","10","10","4.26","4.26","4.75","2.85","0.073","",""
"galactic_market","3","11","auto","","10","10","3.77","4.26","4.26","2.85","0.086","",""
"galactic_market","3","12","auto","","10","10","3.77","3.77","4.75","2.6050000000000004","0.104","",""
"galactic_market","3","13","auto","","10","10","4.26","4.26","4.75","2.85","0.084","",""
"galactic_market","3","14","auto","","10","10","3.77","4.26","4.75","2.85","0.094","",""
"galactic_market","3","15","auto","","10","10","3.77","4.26","4.75","2.85","0.073","",""
"galactic_market","3","16","auto","","10","10","3.77","4.75","4.75","3.095","0.079","",""
"galactic_market","3","17","auto","","10","10","3.77","4.75","4.75","3.095","0.08","",""
"galactic_market","3","18","auto","","10","10","3.77","4.26","4.75","2.85","0.076","",""
"galactic_market","3","19","auto","","10","10","3.77","4.26","4.75","2.85","0.089","",""
"galactic_market","3","20","auto","","10","10","3.77","4.75","4.75","3.095","0.094","",""
"galactic_market","4","1","auto","","10","10","3.77","4.26","4.75","2.85","0.077","",""
"galactic_market","4","2","auto","","10","10","3.77","4.26","4.26","2.85","0.072","",""
"galactic_market","4","3","auto","","10","10","3.77","4.26","4.26","2.85","0.079","",""
"galactic_market","4","4","auto","","10","10","3.77","4.75","4.75","3.095","0.062","",""
"galactic_market","4","5","auto","","10","10","4.26","4.75","4.75","3.095","0.066","",""
"galactic_market","4","6","auto","","10","10","4.26","4.26","4.75","2.85","0.057","",""
"galactic_market","4","7","auto","","10","10","3.77","4.26","4.75","2.85","0.065","",""
"galactic_market","4","8","auto","","10","10","3.77","4.75","4.75","3.095","0.072","",""
"galactic_market","4","9","auto","","10","10","3.77","4.75","4.75","3.095","0.068","",""
"galactic_market","4","10","auto","","10","10","3.77","4.26","4.26","2.85","0.073","",""
"galactic_market","4","11","auto","","10","10","3.77","4.26","4.75","2.85","0.069","",""
"galactic_market","4","12","auto","","10","10","3.77","4.26","4.75","2.85","0.077","",""
"galactic_market","4","13","auto","","10","10","4.26","4.75","4.75","3.095","0.079","",""
"galactic_market","4","14","auto","","10","10","4.26","4.75","4.75","3.095","0.069","",""
"galactic_market","4","15","auto","","10","10","4.26","4.26","4.75","2.85","0.074","",""
"galactic_market","4","16","auto","","10","10","4.26","4.26","4.75","2.85","0.084","",""
"galactic_market","4","17","auto","","10","10","3.77","4.26","4.75","2.85","0.078","",""
"galactic_market","4","18","auto","","10","10","4.26","4.75","4.75","3.095","0.087","",""
"galactic_market","4","19","auto","","10","10","3.77","4.26","4.26","2.85","0.087","",""
"galactic_market","4","20","auto","","10","10","4.26","4.75","4.75","3.095","0.09","",""
"galactic_market","5","1","auto","","10","10","3.77","4.26","4.26","2.85","0.089","",""
"galactic_market","5","2","auto","","10","10","3.77","4.26","4.75","2.85","0.08","",""
"galactic_market","5","3","auto","","10","10","3.77","4.26","4.75","2.85","0.09","",""
"galactic_market","5","4","auto","","10","10","3.77","4.26","4.75","2.85","0.075","",""
"galactic_market","5","5","auto","","10","10","3.77","4.26","4.75","2.85","0.083","",""
"galactic_market","5","6","auto","","10","10","4.26","4.75","4.75","3.095","0.064","",""
"galactic_market","5","7","auto","","10","10","4.26","4.26","4.75","2.85","0.073","",""
"galactic_market","5","8","auto","","10","10","4.26","4.75","4.75","3.095","0.077","",""
"galactic_market","5","9","auto","","10","10","4.26","4.26","4.75","2.85","0.076","",""
"galactic_market","5","10","auto","","10","10","3.77","4.26","4.75","2.85","0.065","",""
"galactic_market","5","11","auto","","10","10","4.26","4.75","4.75","3.095","0.067","",""
"galactic_market","5","12","auto","","10","10","3.77","4.26","4.26","2.85","0.071","",""
"galactic_market","5","13","auto","","10","10","4.26","4.26","4.75","2.85","0.089","",""
"galactic_market","5","14","auto","","10","10","3.77","4.75","4.75","3.095","0.078","",""
"galactic_market","5","15","auto","","10","10","3.77","4.26","4.75","2.85","0.081","",""
"galactic_market","5","16","auto","","10","10","4.26","4.26","4.75","2.85","0.069","",""
"galactic_market","5","17","auto","","10","10","3.77","4.26","4.75","2.85","0.098","",""
"galactic_market","5","18","auto","","10","10","4.26","4.75","4.75","3.095","0.128","",""
"galactic_market","5","19","auto","","10","10","3.77","4.26","4.75","2.85","0.093","",""
"galactic_market","5","20","auto","","10","10","4.26","4.75","4.75","3.095","0.076","",""
"galactic_market","6","1","auto","","10","10","3.77","4.26","4.75","2.85","0.091","",""
"galactic_market","6","2","auto","","10","10","3.77","4.26","4.26","2.85","0.082","",""
"galactic_market","6","3","auto","","10","10","4.26","4.26","4.26","2.85","0.096","",""
"galactic_market","6","4","auto","","10","10","3.77","4.26","4.75","2.85","0.086","",""
"galactic_market","6","5","auto","","10","10","4.26","4.75","4.75","3.095","0.074","",""
"galactic_market","6","6","auto","","10","10","3.77","4.26","4.75","2.85","0.083","",""
"galactic_market","6","7","auto","","10","10","3.77","4.26","4.75","2.85","0.066","",""
"galactic_market","6","8","auto","","10","10","4.26","4.26","4.75","2.85","0.078","",""
"galactic_market","6","9","auto","","10","10","3.77","4.26","4.75","2.85","0.085","",""
"galactic_market","6","10","auto","","10","10","3.77","4.75","4.75","3.095","0.094","",""
"galactic_market","6","11","auto","","10","10","3.77","4.26","4.75","2.85","0.094","",""
"galactic_market","6","12","auto","","10","10","4.26","4.26","4.75","2.85","0.076","",""
"galactic_market","6","13","auto","","10","10","3.77","4.26","4.75","2.85","0.061","",""
"galactic_market","6","14","auto","","10","10","4.26","4.26","4.75","2.85","0.059","",""
"galactic_market","6","15","auto","","10","10","4.26","4.26","4.26","2.85","0.071","",""
"galactic_market","6","16","auto","","10","10","4.26","4.26","4.75","2.85","0.064","",""
"galactic_market","6","17","auto","","10","10","4.26","4.26","4.75","2.85","0.078","",""
"galactic_market","6","18","auto","","10","10","4.26","4.26","4.75","2.85","0.098","",""
"galactic_market","6","19","auto","","10","10","4.26","4.75","4.75","3.095","0.069","",""
"galactic_market","6","20","auto","","10","10","3.77","4.26","4.75","2.85","0.066","",""
"asteroid_duel","1","1","auto","","10","10","4.647383500317309","4.711074956100205","4.7386917501586545","3.418914742795595","0.049","",""
"asteroid_duel","1","2","auto","","10","10","4.68082418087522","4.7386917501586545","4.76409673799104","3.4377443751081733","0.047","",""
"asteroid_duel","1","3","auto","","10","10","4.68082418087522","4.76409673799104","4.76409673799104","3.455065957721164","0.033","",""
"asteroid_duel","1","4","auto","","10","10","4.647383500317309","4.68082418087522","4.76409673799104","3.3982892142331043","0.032","",""
"asteroid_duel","1","5","auto","","10","10","4.647383500317309","4.711074956100205","4.76409673799104","3.418914742795595","0.039","",""
"asteroid_duel","1","6","auto","","10","10","4.647383500317309","4.711074956100205","4.76409673799104","3.418914742795595","0.053","",""
"asteroid_duel","1","7","auto","","10","10","4.647383500317309","4.711074956100205","4.7386917501586545","3.418914742795595","0.057","",""
"asteroid_duel","1","8","auto","","10","10","4.647383500317309","4.7386917501586545","4.76409673799104","3.4377443751081733","0.062","",""
"asteroid_duel","1","9","auto","","10","10","4.68082418087522","4.711074956100205","4.76409673799104","3.418914742795595","0.052","",""
"asteroid_duel","1","10","auto","","10","10","4.647383500317309","4.711074956100205","4.76409673799104","3.418914742795595","0.039","",""
"asteroid_duel","1","11","auto","","10","10","4.647383500317309","4.711074956100205","4.76409673799104","3.418914742795595","0.035","",""
"asteroid_duel","1","12","auto","","10","10","4.647383500317309","4.711074956100205","4.76409673799104","3.418914742795595","0.038","",""
"asteroid_duel","1","13","auto","","10","10","4.647383500317309","4.711074956100205","4.7386917501586545","3.418914742795595","0.047","",""
"asteroid_duel","1","14","auto","","10","10","4.647383500317309","4.68082418087522","4.711074956100205","3.3982892142331043","0.036","",""
"asteroid_duel","1","15","auto","","10","10","4.647383500317309","4.68082418087522","4.711074956100205","3.3982892142331043","0.046","",""
"asteroid_duel","1","16","auto","","10","10","4.647383500317309","4.68082418087522","4.76409673799104","3.3982892142331043","0.051","",""
"asteroid_duel","1","17","auto","","10","10","4.647383500317309","4.7386917501586545","4.76409673799104","3.4377443751081733","0.043","",""
"asteroid_duel","1","18","auto","","10","10","4.68082418087522","4.7386917501586545","4.76409673799104","3.4377443751081733","0.04","",""
"asteroid_duel","1","19","auto","","10","10","4.68082418087522","4.711074956100205","4.7386917501586545","3.418914742795595","0.05","",""
"asteroid_duel","1","20","auto","","10","10","4.68082418087522","4.711074956100205","4.7386917501586545","3.418914742795595","0.051","",""
"asteroid_duel","2","1","auto","","10","10","4.76409673799104","4.787618082852673","4.849241825075075","3.4711032383086406","0.054","",""
"asteroid_duel","2","2","auto","","10","10","4.76409673799104","4.809515931033874","4.849241825075075","3.486033589341278","0.04","",""
"asteroid_duel","2","3","auto","","10","10","4.809515931033874","4.83","4.849241825075075","3.5","0.032","",""
"asteroid_duel","2","4","auto","","10","10","4.787618082852673","4.809515931033874","4.809515931033874","3.486033589341278","0.035","",""
"asteroid_duel","2","5","auto","","10","10","4.76409673799104","4.83","4.849241825075075","3.5","0.038","",""
"asteroid_duel","2","6","auto","","10","10","4.76409673799104","4.809515931033874","4.849241825075075","3.486033589341278","0.04","",""
"asteroid_duel","2","7","auto","","10","10","4.76409673799104","4.809515931033874","4.867383500317309","3.486033589341278","0.044","",""
"asteroid_duel","2","8","auto","","10","10","4.76409673799104","4.809515931033874","4.867383500317309","3.486033589341278","0.047","",""
"asteroid_duel","2","9","auto","","10","10","4.76409673799104","4.809515931033874","4.83","3.486033589341278","0.061","",""
"asteroid_duel","2","10","auto","","10","10","4.76409673799104","4.809515931033874","4.849241825075075","3.486033589341278","0.039","",""
"asteroid_duel","2","11","auto","","10","10","4.76409673799104","4.787618082852673","4.867383500317309","3.4711032383086406","0.065","",""
"asteroid_duel","2","12","auto","","10","10","4.76409673799104","4.83","4.849241825075075","3.5","0.067","",""
"asteroid_duel","2","13","auto","","10","10","4.76409673799104","4.809515931033874","4.849241825075075","3.486033589341278","0.036","",""
"asteroid_duel","2","14","auto","","10","10","4.76409673799104","4.83","4.867383500317309","3.5","0.052","",""
"asteroid_duel","2","15","auto","","10","10","4.787618082852673","4.83","4.849241825075075","3.5","0.05","",""
"asteroid_duel","2","16","auto","","10","10","4.787618082852673","4.849241825075075","4.867383500317309","3.5131194261875507","0.062","",""
"asteroid_duel","2","17","auto","","10","10","4.787618082852673","4.83","4.867383500317309","3.5","0.044","",""
"asteroid_duel","2","18","auto","","10","10","4.787618082852673","4.849241825075075","4.867383500317309","3.5131194261875507","0.061","",""
"asteroid_duel","2","19","auto","","10","10","4.76409673799104","4.83","4.849241825075075","3.5","0.061","",""
"asteroid_duel","2","20","auto","","10","10","4.83","4.849241825075075","4.867383500317309","3.5131194261875507","0.059","",""
"asteroid_duel","3","1","auto","","10","10","4.867383500317309","4.90082418087522","4.9163098330113275","3.548289214233104","0.043","",""
"asteroid_duel","3","2","auto","","10","10","4.849241825075075","4.8845440529575885","4.931074956100206","3.5371891270165374","0.042","",""
"asteroid_duel","3","3","auto","","10","10","4.849241825075075","4.9163098330113275","4.9163098330113275","3.558847613416814","0.053","",""
"asteroid_duel","3","4","auto","","10","10","4.867383500317309","4.90082418087522","4.931074956100206","3.548289214233104","0.041","",""
"asteroid_duel","3","5","auto","","10","10","4.849241825075075","4.8845440529575885","4.9163098330113275","3.5371891270165374","0.043","",""
"asteroid_duel","3","6","auto","","10","10","4.849241825075075","4.8845440529575885","4.90082418087522","3.5371891270165374","0.046","",""
"asteroid_duel","3","7","auto","","10","10","4.90082418087522","4.9163098330113275","4.931074956100206","3.558847613416814","0.054","",""
"asteroid_duel","3","8","auto","","10","10","4.849241825075075","4.90082418087522","4.931074956100206","3.548289214233104","0.047","",""
"asteroid_duel","3","9","auto","","10","10","4.849241825075075","4.90082418087522","4.931074956100206","3.548289214233104","0.05","",""
"asteroid_duel","3","10","auto","","10","10","4.8845440529575885","4.931074956100206","4.931074956100206","3.5689147427955943","0.037","",""
"asteroid_duel","3","11","auto","","10","10","4.867383500317309","4.90082418087522","4.931074956100206","3.548289214233104","0.044","",""
"asteroid_duel","3","12","auto","","10","10","4.867383500317309","4.8845440529575885","4.9163098330113275","3.5371891270165374","0.047","",""
"asteroid_duel","3","13","auto","","10","10","4.849241825075075","4.8845440529575885","4.90082418087522","3.5371891270165374","0.055","",""
"asteroid_duel","3","14","auto","","10","10","4.867383500317309","4.8845440529575885","4.9163098330113275","3.5371891270165374","0.057","",""
"asteroid_duel","3","15","auto","","10","10","4.867383500317309","4.90082418087522","4.9163098330113275","3.548289214233104","0.047","",""
"asteroid_duel","3","16","auto","","10","10","4.867383500317309","4.8845440529575885","4.931074956100206","3.5371891270165374","0.057","",""
"asteroid_duel","3","17","auto","","10","10","4.867383500317309","4.867383500317309","4.931074956100206","3.5254887502163466","0.066","",""
"asteroid_duel","3","18","auto","","10","10","4.867383500317309","4.9163098330113275","4.9163098330113275","3.558847613416814","0.053","",""
"asteroid_duel","3","19","auto","","10","10","4.849241825075075","4.8845440529575885","4.9163098330113275","3.5371891270165374","0.061","",""
"asteroid_duel","3","20","auto","","10","10","4.867383500317309","4.9163098330113275","4.931074956100206","3.558847613416814","0.059","",""
"asteroid_duel","4","1","auto","","10","10","4.90082418087522","4.958691750158655","4.9716483617504394","3.5877443751081737","0.047","",""
"asteroid_duel","4","2","auto","","10","10","4.945183630332543","4.958691750158655","4.984096737991041","3.5877443751081737","0.044","",""
"asteroid_duel","4","3","auto","","10","10","4.90082418087522","4.958691750158655","4.9716483617504394","3.5877443751081737","0.05","",""
"asteroid_duel","4","4","auto","","10","10","4.9163098330113275","4.958691750158655","4.9716483617504394","3.5877443751081737","0.051","",""
"asteroid_duel","4","5","auto","","10","10","4.8845440529575885","4.931074956100206","4.958691750158655","3.5689147427955943","0.036","",""
"asteroid_duel","4","6","auto","","10","10","4.8845440529575885","4.945183630332543","4.958691750158655","3.578534293408552","0.055","",""
"asteroid_duel","4","7","auto","","10","10","4.90082418087522","4.9163098330113275","4.9716483617504394","3.558847613416814","0.036","",""
"asteroid_duel","4","8","auto","","10","10","4.8845440529575885","4.945183630332543","4.9716483617504394","3.578534293408552","0.053","",""
"asteroid_duel","4","9","auto","","10","10","4.8845440529575885","4.9163098330113275","4.945183630332543","3.558847613416814","0.038","",""
"asteroid_duel","4","10","auto","","10","10","4.90082418087522","4.958691750158655","4.9716483617504394","3.5877443751081737","0.053","",""
"asteroid_duel","4","11","auto","","10","10","4.8845440529575885","4.9163098330113275","4.984096737991041","3.558847613416814","0.04","",""
"asteroid_duel","4","12","auto","","10","10","4.8845440529575885","4.931074956100206","4.984096737991041","3.5689147427955943","0.037","",""
"asteroid_duel","4","13","auto","","10","10","4.8845440529575885","4.958691750158655","4.984096737991041","3.5877443751081737","0.037","",""
"asteroid_duel","4","14","auto","","10","10","4.90082418087522","4.931074956100206","4.9716483617504394","3.5689147427955943","0.049","",""
"asteroid_duel","4","15","auto","","10","10","4.931074956100206","4.9716483617504394","4.984096737991041","3.5965784284662083","0.053","",""
"asteroid_duel","4","16","auto","","10","10","4.90082418087522","4.931074956100206","4.9716483617504394","3.5689147427955943","0.05","",""
"asteroid_duel","4","17","auto","","10","10","4.8845440529575885","4.9163098330113275","4.9716483617504394","3.558847613416814","0.042","",""
"asteroid_duel","4","18","auto","","10","10","4.9163098330113275","4.958691750158655","4.984096737991041","3.5877443751081737","0.046","",""
"asteroid_duel","4","19","auto","","10","10","4.9163098330113275","4.958691750158655","4.984096737991041","3.5877443751081737","0.037","",""
"asteroid_duel","4","20","auto","","10","10","4.90082418087522","4.945183630332543","4.958691750158655","3.578534293408552","0.032","",""
"asteroid_duel","5","1","auto","","10","10","4.8845440529575885","4.958691750158655","4.9716483617504394","3.5877443751081737","0.045","",""
"asteroid_duel","5","2","auto","","10","10","4.8845440529575885","4.945183630332543","4.9716483617504394","3.578534293408552","0.045","",""
"asteroid_duel","5","3","auto","","10","10","4.9163098330113275","4.958691750158655","4.984096737991041","3.5877443751081737","0.049","",""
"asteroid_duel","5","4","auto","","10","10","4.90082418087522","4.945183630332543","4.9716483617504394","3.578534293408552","0.046","",""
"asteroid_duel","5","5","auto","","10","10","4.931074956100206","4.945183630332543","4.9716483617504394","3.578534293408552","0.055","",""
"asteroid_duel","5","6","auto","","10","10","4.90082418087522","4.9716483617504394","4.984096737991041","3.5965784284662083","0.05","",""
"asteroid_duel","5","7","auto","","10","10","4.945183630332543","4.9716483617504394","4.984096737991041","3.5965784284662083","0.048","",""
"asteroid_duel","5","8","auto","","10","10","4.90082418087522","4.945183630332543","4.984096737991041","3.578534293408552","0.053","",""
"asteroid_duel","5","9","auto","","10","10","4.931074956100206","4.945183630332543","4.984096737991041","3.578534293408552","0.047","",""
"asteroid_duel","5","10","auto","","10","10","4.9163098330113275","4.931074956100206","4.9716483617504394","3.5689147427955943","0.053","",""
"asteroid_duel","5","11","auto","","10","10","4.8845440529575885","4.931074956100206","4.984096737991041","3.5689147427955943","0.056","",""
"asteroid_duel","5","12","auto","","10","10","4.9163098330113275","4.945183630332543","4.984096737991041","3.578534293408552","0.057","",""
"asteroid_duel","5","13","auto","","10","10","4.931074956100206","4.9716483617504394","4.984096737991041","3.5965784284662083","0.057","",""
"asteroid_duel","5","14","auto","","10","10","4.8845440529575885","4.931074956100206","4.9716483617504394","3.5689147427955943","0.058","",""
"asteroid_duel","5","15","auto","","10","10","4.9163098330113275","4.945183630332543","4.9716483617504394","3.578534293408552","0.068","",""
"asteroid_duel","5","16","auto","","10","10","4.931074956100206","4.958691750158655","4.9716483617504394","3.5877443751081737","0.062","",""
"asteroid_duel","5","17","auto","","10","10","4.8845440529575885","4.945183630332543","4.984096737991041","3.578534293408552","0.065","",""
"asteroid_duel","5","18","auto","","10","10","4.8845440529575885","4.9163098330113275","4.9716483617504394","3.558847613416814","0.062","",""
"asteroid_duel","5","19","auto","","10","10","4.8845440529575885","4.945183630332543","4.958691750158655","3.578534293408552","0.051","",""
"asteroid_duel","5","20","auto","","10","10","4.931074956100206","4.958691750158655","4.984096737991041","3.5877443751081737","0.041","",""
"asteroid_duel","6","1","auto","","10","10","4.8845440529575885","4.9163098330113275","4.958691750158655","3.558847613416814","0.053","",""
"asteroid_duel","6","2","auto","","10","10","4.8845440529575885","4.945183630332543","4.984096737991041","3.578534293408552","0.045","",""
"asteroid_duel","6","3","auto","","10","10","4.9163098330113275","4.958691750158655","4.984096737991041","3.5877443751081737","0.046","",""
"asteroid_duel","6","4","auto","","10","10","4.8845440529575885","4.945183630332543","4.958691750158655","3.578534293408552","0.041","",""
"asteroid_duel","6","5","auto","","10","10","4.931074956100206","4.945183630332543","4.9716483617504394","3.578534293408552","0.063","",""
"asteroid_duel","6","6","auto","","10","10","4.945183630332543","4.9716483617504394","4.9716483617504394","3.5965784284662083","0.041","",""
"asteroid_duel","6","7","auto","","10","10","4.9163098330113275","4.945183630332543","4.9716483617504394","3.578534293408552","0.041","",""
"asteroid_duel","6","8","auto","","10","10","4.8845440529575885","4.945183630332543","4.958691750158655","3.578534293408552","0.067","",""
"asteroid_duel","6","9","auto","","10","10","4.90082418087522","4.958691750158655","4.984096737991041","3.5877443751081737","0.042","",""
"asteroid_duel","6","10","auto","","10","10","4.90082418087522","4.958691750158655","4.9716483617504394","3.5877443751081737","0.063","",""
"asteroid_duel","6","11","auto","","10","10","4.90082418087522","4.931074956100206","4.984096737991041","3.5689147427955943","0.057","",""
"asteroid_duel","6","12","auto","","10","10","4.9163098330113275","4.958691750158655","4.9716483617504394","3.5877443751081737","0.041","",""
"asteroid_duel","6","13","auto","","10","10","4.8845440529575885","4.958691750158655","4.9716483617504394","3.5877443751081737","0.059","",""
"asteroid_duel","6","14","auto","","10","10","4.8845440529575885","4.9163098330113275","4.984096737991041","3.558847613416814","0.051","",""
"asteroid_duel","6","15","auto","","10","10","4.8845440529575885","4.945183630332543","4.9716483617504394","3.578534293408552","0.045","",""
"asteroid_duel","6","16","auto","","10","10","4.8845440529575885","4.945183630332543","4.984096737991041","3.578534293408552","0.052","",""
"asteroid_duel","6","17","auto","","10","10","4.90082418087522","4.9163098330113275","4.958691750158655","3.558847613416814","0.058","",""
"asteroid_duel","6","18","auto","","10","10","4.90082418087522","4.958691750158655","4.984096737991041","3.5877443751081737","0.048","",""
"asteroid_duel","6","19","auto","","10","10","4.90082418087522","4.958691750158655","4.984096737991041","3.5877443751081737","0.058","",""
"asteroid_duel","6","20","auto","","10","10","4.8845440529575885","4.931074956100206","4.945183630332543","3.5689147427955943","0.051","",""
"chrono_repair","1","1","auto","","10","10","3.595","3.595","3.735","2.605","0.059","",""
"chrono_repair","1","2","auto","","10","10","3.595","3.595","3.735","2.605","0.057","",""
"chrono_repair","1","3","auto","","10","10","3.595","3.595","3.735","2.605","0.05","",""
"chrono_repair","1","4","auto","","10","10","3.595","3.595","3.735","2.605","0.062","",""
"chrono_repair","1","5","auto","","10","10","3.595","3.595","3.735","2.605","0.079","",""
"chrono_repair","1","6","auto","","10","10","3.595","3.735","3.735","2.675","0.065","",""
"chrono_repair","1","7","auto","","10","10","3.595","3.595","3.735","2.605","0.072","",""
"chrono_repair","1","8","auto","","10","10","3.595","3.595","3.735","2.605","0.068","",""
"chrono_repair","1","9","auto","","10","10","3.595","3.595","3.595","2.605","0.072","",""
"chrono_repair","1","10","auto","","10","10","3.595","3.595","3.595","2.605","0.088","",""
"chrono_repair","1","11","auto","","10","10","3.595","3.595","3.735","2.605","0.074","",""
"chrono_repair","1","12","auto","","10","10","3.595","3.595","3.735","2.605","0.069","",""
"chrono_repair","1","13","auto","","10","10","3.595","3.595","3.735","2.605","0.061","",""
"chrono_repair","1","14","auto","","10","10","3.595","3.595","3.735","2.605","0.071","",""
"chrono_repair","1","15","auto","","10","10","3.595","3.595","3.595","2.605","0.081","",""
"chrono_repair","1","16","auto","","10","10","3.595","3.595","3.735","2.605","0.084","",""
"chrono_repair","1","17","auto","","10","10","3.595","3.595","3.735","2.605","0.084","",""
"chrono_repair","1","18","auto","","10","10","3.595","3.595","3.735","2.605","0.091","",""
"chrono_repair","1","19","auto","","10","10","3.595","3.595","3.735","2.605","0.085","",""
"chrono_repair","1","20","auto","","10","10","3.595","3.595","3.735","2.605","0.064","",""
"chrono_repair","2","1","auto","","10","10","4.345","4.345","4.485","3.1649999999999996","0.081","",""
"chrono_repair","2","2","auto","","10","10","4.345","4.345","4.485","3.1649999999999996","0.071","",""
"chrono_repair","2","3","auto","","10","10","4.345","4.345","4.485","3.1649999999999996","0.065","",""
"chrono_repair","2","4","auto","","10","10","4.345","4.345","4.345","3.1649999999999996","0.061","",""
"chrono_repair","2","5","auto","","10","10","4.345","4.345","4.485","3.1649999999999996","0.07","",""
"chrono_repair","2","6","auto","","10","10","4.345","4.345","4.485","3.1649999999999996","0.076","",""
"chrono_repair","2","7","auto","","10","10","4.345","4.345","4.485","3.1649999999999996","0.071","",""
"chrono_repair","2","8","auto","","10","10","4.345","4.345","4.485","3.1649999999999996","0.075","",""
"chrono_repair","2","9","auto","","10","10","4.345","4.345","4.485","3.1649999999999996","0.067","",""
"chrono_repair","2","10","auto","","10","10","4.345","4.345","4.485","3.1649999999999996","0.072","",""
"chrono_repair","2","11","auto","","10","10","4.345","4.345","4.485","3.1649999999999996","0.071","",""
"chrono_repair","2","12","auto","","10","10","4.345","4.345","4.345","3.1649999999999996","0.093","",""
"chrono_repair","2","13","auto","","10","10","4.345","4.345","4.345","3.1649999999999996","0.077","",""
"chrono_repair","2","14","auto","","10","10","4.345","4.345","4.345","3.1649999999999996","0.091","",""
"chrono_repair","2","15","auto","","10","10","4.345","4.345","4.485","3.1649999999999996","0.085","",""
"chrono_repair","2","16","auto","","10","10","4.345","4.345","4.345","3.1649999999999996","0.084","",""
"chrono_repair","2","17","auto","","10","10","4.345","4.345","4.485","3.1649999999999996","0.087","",""
"chrono_repair","2","18","auto","","10","10","4.345","4.345","4.485","3.1649999999999996","0.077","",""
"chrono_repair","2","19","auto","","10","10","4.345","4.345","4.485","3.1649999999999996","0.1","",""
"chrono_repair","2","20","auto","","10","10","4.345","4.345","4.485","3.1649999999999996","0.078","",""
"chrono_repair","3","1","auto","","10","10","4.623691750158654","4.623691750158654","4.693691750158655","3.3127443751081733","0.084","",""
"chrono_repair","3","2","auto","","10","10","4.623691750158654","4.693691750158655","4.763691750158655","3.3477443751081735","0.069","",""
"chrono_repair","3","3","auto","","10","10","4.623691750158654","4.623691750158654","4.763691750158655","3.3127443751081733","0.109","",""
"chrono_repair","3","4","auto","","10","10","4.623691750158654","4.693691750158655","4.693691750158655","3.3477443751081735","0.086","",""
"chrono_repair","3","5","auto","","10","10","4.623691750158654","4.693691750158655","4.763691750158655","3.3477443751081735","0.072","",""
"chrono_repair","3","6","auto","","10","10","4.623691750158654","4.693691750158655","4.938691750158654","3.3477443751081735","0.067","",""
"chrono_repair","3","7","auto","","10","10","4.623691750158654","4.623691750158654","4.763691750158655","3.3127443751081733","0.066","",""
"chrono_repair","3","8","auto","","10","10","4.623691750158654","4.693691750158655","4.763691750158655","3.3477443751081735","0.073","",""
"chrono_repair","3","9","auto","","10","10","4.623691750158654","4.693691750158655","4.763691750158655","3.3477443751081735","0.077","",""
"chrono_repair","3","10","auto","","10","10","4.623691750158654","4.763691750158655","4.938691750158654","3.382744375108173","0.076","",""
"chrono_repair","3","11","auto","","10","10","4.623691750158654","4.693691750158655","4.938691750158654","3.3477443751081735","0.069","",""
"chrono_repair","3","12","auto","","10","10","4.623691750158654","4.693691750158655","4.938691750158654","3.3477443751081735","0.09","",""
"chrono_repair","3","13","auto","","10","10","4.623691750158654","4.693691750158655","4.763691750158655","3.3477443751081735","0.078","",""
"chrono_repair","3","14","auto","","10","10","4.623691750158654","4.693691750158655","4.763691750158655","3.3477443751081735","0.092","",""
"chrono_repair","3","15","auto","","10","10","4.623691750158654","4.693691750158655","4.693691750158655","3.3477443751081735","0.082","",""
"chrono_repair","3","16","auto","","10","10","4.623691750158654","4.623691750158654","4.763691750158655","3.3127443751081733","0.085","",""
"chrono_repair","3","17","auto","","10","10","4.623691750158654","4.693691750158655","4.763691750158655","3.3477443751081735","0.07","",""
"chrono_repair","3","18","auto","","10","10","4.623691750158654","4.693691750158655","4.938691750158654","3.3477443751081735","0.063","",""
"chrono_repair","3","19","auto","","10","10","4.623691750158654","4.693691750158655","4.763691750158655","3.3477443751081735","0.085","",""
"chrono_repair","3","20","auto","","10","10","4.623691750158654","4.763691750158655","4.938691750158654","3.382744375108173","0.085","",""
"chrono_repair","4","1","auto","","10","10","4.623691750158654","4.693691750158655","4.763691750158655","3.3477443751081735","0.074","",""
"chrono_repair","4","2","auto","","10","10","4.623691750158654","4.693691750158655","4.763691750158655","3.3477443751081735","0.067","",""
"chrono_repair","4","3","auto","","10","10","4.623691750158654","4.693691750158655","4.763691750158655","3.3477443751081735","0.093","",""
"chrono_repair","4","4","auto","","10","10","4.693691750158655","4.693691750158655","4.763691750158655","3.3477443751081735","0.087","",""
"chrono_repair","4","5","auto","","10","10","4.623691750158654","4.693691750158655","4.763691750158655","3.3477443751081735","0.09","",""
"chrono_repair","4","6","auto","","10","10","4.623691750158654","4.693691750158655","4.938691750158654","3.3477443751081735","0.085","",""
"chrono_repair","4","7","auto","","10","10","4.623691750158654","4.693691750158655","4.763691750158655","3.3477443751081735","0.071","",""
"chrono_repair","4","8","auto","","10","10","4.623691750158654","4.693691750158655","4.763691750158655","3.3477443751081735","0.077","",""
"chrono_repair","4","9","auto","","10","10","4.623691750158654","4.693691750158655","4.938691750158654","3.3477443751081735","0.079","",""
"chrono_repair","4","10","auto","","10","10","4.623691750158654","4.763691750158655","4.938691750158654","3.382744375108173","0.07","",""
"chrono_repair","4","11","auto","","10","10","4.623691750158654","4.693691750158655","4.693691750158655","3.3477443751081735","0.089","",""
"chrono_repair","4","12","auto","","10","10","4.623691750158654","4.623691750158654","4.763691750158655","3.3127443751081733","0.101","",""
"chrono_repair","4","13","auto","","10","10","4.623691750158654","4.693691750158655","4.763691750158655","3.3477443751081735","0.127","",""
"chrono_repair","4","14","auto","","10","10","4.623691750158654","4.693691750158655","4.763691750158655","3.3477443751081735","0.112","",""
"chrono_repair","4","15","auto","","10","10","4.623691750158654","4.623691750158654","4.693691750158655","3.3127443751081733","0.102","",""
"chrono_repair","4","16","auto","","10","10","4.623691750158654","4.763691750158655","4.938691750158654","3.382744375108173","0.077","",""
"chrono_repair","4","17","auto","","10","10","4.623691750158654","4.693691750158655","4.763691750158655","3.3477443751081735","0.09","",""
"chrono_repair","4","18","auto","","10","10","4.623691750158654","4.693691750158655","4.693691750158655","3.3477443751081735","0.086","",""
"chrono_repair","4","19","auto","","10","10","4.623691750158654","4.693691750158655","4.693691750158655","3.3477443751081735","0.078","",""
"chrono_repair","4","20","auto","","10","10","4.623691750158654","4.693691750158655","4.763691750158655","3.3477443751081735","0.075","",""
"chrono_repair","5","1","auto","","10","10","4.623691750158654","4.693691750158655","4.763691750158655","3.3477443751081735","0.08","",""
"chrono_repair","5","2","auto","","10","10","4.623691750158654","4.693691750158655","4.938691750158654","3.3477443751081735","0.074","",""
"chrono_repair","5","3","auto","","10","10","4.623691750158654","4.623691750158654","4.938691750158654","3.3127443751081733","0.083","",""
"chrono_repair","5","4","auto","","10","10","4.623691750158654","4.763691750158655","4.763691750158655","3.382744375108173","0.078","",""
"chrono_repair","5","5","auto","","10","10","4.623691750158654","4.693691750158655","4.8686917501586535","3.3477443751081735","0.065","",""
"chrono_repair","5","6","auto","","10","10","4.623691750158654","4.693691750158655","4.8686917501586535","3.3477443751081735","0.076","",""
"chrono_repair","5","7","auto","","10","10","4.623691750158654","4.693691750158655","4.763691750158655","3.3477443751081735","0.083","",""
"chrono_repair","5","8","auto","","10","10","4.623691750158654","4.693691750158655","4.763691750158655","3.3477443751081735","0.091","",""
"chrono_repair","5","9","auto","","10","10","4.623691750158654","4.693691750158655","4.763691750158655","3.3477443751081735","0.089","",""
"chrono_repair","5","10","auto","","10","10","4.623691750158654","4.623691750158654","4.693691750158655","3.3127443751081733","0.085","",""
"chrono_repair","5","11","auto","","10","10","4.623691750158654","4.693691750158655","4.938691750158654","3.3477443751081735","0.109","",""
"chrono_repair","5","12","auto","","10","10","4.623691750158654","4.693691750158655","4.938691750158654","3.3477443751081735","0.085","",""
"chrono_repair","5","13","auto","","10","10","4.623691750158654","4.693691750158655","4.763691750158655","3.3477443751081735","0.091","",""
"chrono_repair","5","14","auto","","10","10","4.623691750158654","4.693691750158655","4.763691750158655","3.3477443751081735","0.086","",""
"chrono_repair","5","15","auto","","10","10","4.623691750158654","4.693691750158655","4.763691750158655","3.3477443751081735","0.09","",""
"chrono_repair","5","16","auto","","10","10","4.623691750158654","4.693691750158655","4.938691750158654","3.3477443751081735","0.083","",""
"chrono_repair","5","17","auto","","10","10","4.623691750158654","4.623691750158654","4.763691750158655","3.3127443751081733","0.1","",""
"chrono_repair","5","18","auto","","10","10","4.623691750158654","4.623691750158654","4.693691750158655","3.3127443751081733","0.08","",""
"chrono_repair","5","19","auto","","10","10","4.623691750158654","4.763691750158655","4.763691750158655","3.382744375108173","0.091","",""
"chrono_repair","5","20","auto","","10","10","4.623691750158654","4.693691750158655","4.693691750158655","3.3477443751081735","0.095","",""
"chrono_repair","6","1","auto","","10","10","4.623691750158654","4.693691750158655","4.763691750158655","3.3477443751081735","0.099","",""
"chrono_repair","6","2","auto","","10","10","4.623691750158654","4.693691750158655","4.938691750158654","3.3477443751081735","0.127","",""
"chrono_repair","6","3","auto","","10","10","4.623691750158654","4.693691750158655","4.938691750158654","3.3477443751081735","0.121","",""
"chrono_repair","6","4","auto","","10","10","4.623691750158654","4.693691750158655","4.693691750158655","3.3477443751081735","0.073","",""
"chrono_repair","6","5","auto","","10","10","4.623691750158654","4.763691750158655","4.8686917501586535","3.382744375108173","0.067","",""
"chrono_repair","6","6","auto","","10","10","4.623691750158654","4.693691750158655","4.763691750158655","3.3477443751081735","0.076","",""
"chrono_repair","6","7","auto","","10","10","4.623691750158654","4.693691750158655","4.763691750158655","3.3477443751081735","0.081","",""
"chrono_repair","6","8","auto","","10","10","4.623691750158654","4.693691750158655","4.938691750158654","3.3477443751081735","0.083","",""
"chrono_repair","6","9","auto","","10","10","4.623691750158654","4.763691750158655","4.938691750158654","3.382744375108173","0.067","",""
"chrono_repair","6","10","auto","","10","10","4.623691750158654","4.623691750158654","4.763691750158655","3.3127443751081733","0.069","",""
"chrono_repair","6","11","auto","","10","10","4.693691750158655","4.693691750158655","4.8686917501586535","3.3477443751081735","0.086","",""
"chrono_repair","6","12","auto","","10","10","4.623691750158654","4.693691750158655","4.763691750158655","3.3477443751081735","0.083","",""
"chrono_repair","6","13","auto","","10","10","4.693691750158655","4.938691750158654","4.938691750158654","3.4702443751081735","0.096","",""
"chrono_repair","6","14","auto","","10","10","4.623691750158654","4.693691750158655","4.763691750158655","3.3477443751081735","0.099","",""
"chrono_repair","6","15","auto","","10","10","4.623691750158654","4.623691750158654","4.763691750158655","3.3127443751081733","0.066","",""
"chrono_repair","6","16","auto","","10","10","4.623691750158654","4.693691750158655","4.763691750158655","3.3477443751081735","0.08","",""
"chrono_repair","6","17","auto","","10","10","4.623691750158654","4.693691750158655","4.763691750158655","3.3477443751081735","0.084","",""
"chrono_repair","6","18","auto","","10","10","4.623691750158654","4.693691750158655","4.763691750158655","3.3477443751081735","0.085","",""
"chrono_repair","6","19","auto","","10","10","4.623691750158654","4.693691750158655","4.763691750158655","3.3477443751081735","0.091","",""
"chrono_repair","6","20","auto","","10","10","4.623691750158654","4.693691750158655","4.763691750158655","3.3477443751081735","0.099","",""
"void_crossing","1","1","auto","","10","10","4.715","4.715","4.715","3.6083333333333334","0.223","7",""
"void_crossing","1","2","auto","","10","10","4.715","4.715","4.715","3.6083333333333334","0.205","7",""
"void_crossing","1","3","auto","","10","10","4.715","4.715","4.715","3.6083333333333334","0.186","7",""
"void_crossing","1","4","auto","","10","10","4.715","4.715","4.715","3.6083333333333334","0.186","7",""
"void_crossing","1","5","auto","","10","10","4.715","4.715","4.715","3.6083333333333334","0.172","7",""
"void_crossing","1","6","auto","","10","10","4.715","4.715","4.715","3.6083333333333334","0.218","7",""
"void_crossing","1","7","auto","","10","10","4.715","4.715","4.715","3.6083333333333334","0.199","7",""
"void_crossing","1","8","auto","","10","10","4.715","4.715","4.715","3.6083333333333334","0.182","7",""
"void_crossing","1","9","auto","","10","10","4.715","4.715","4.715","3.6083333333333334","0.195","7",""
"void_crossing","1","10","auto","","10","10","4.715","4.715","4.715","3.6083333333333334","0.272","7",""
"void_crossing","1","11","auto","","10","10","4.715","4.715","4.715","3.6083333333333334","0.225","7",""
"void_crossing","1","12","auto","","10","10","4.715","4.715","4.715","3.6083333333333334","0.162","7",""
"void_crossing","1","13","auto","","10","10","4.715","4.715","4.715","3.6083333333333334","0.183","7",""
"void_crossing","1","14","auto","","10","10","4.715","4.715","4.715","3.6083333333333334","0.181","7",""
"void_crossing","1","15","auto","","10","10","4.715","4.715","4.715","3.6083333333333334","0.231","7",""
"void_crossing","1","16","auto","","10","10","4.715","4.715","4.715","3.6083333333333334","0.245","7",""
"void_crossing","1","17","auto","","10","10","4.715","4.715","4.715","3.6083333333333334","0.206","7",""
"void_crossing","1","18","auto","","10","10","4.715","4.715","4.715","3.6083333333333334","0.19","7",""
"void_crossing","1","19","auto","","10","10","4.715","4.715","4.715","3.6083333333333334","0.197","7",""
"void_crossing","1","20","auto","","10","10","4.715","4.715","4.715","3.6083333333333334","0.183","7",""
"void_crossing","2","1","auto","","10","10","4.95082418087522","4.95082418087522","4.95082418087522","3.7702892142331046","0.301","9",""
"void_crossing","2","2","auto","","10","10","4.95082418087522","4.95082418087522","4.95082418087522","3.7702892142331046","0.288","9",""
"void_crossing","2","3","auto","","10","10","4.95082418087522","4.95082418087522","4.95082418087522","3.7702892142331046","0.346","9",""
"void_crossing","2","4","auto","","10","10","4.95082418087522","4.95082418087522","4.95082418087522","3.7702892142331046","0.358","9",""
"void_crossing","2","5","auto","","10","10","4.95082418087522","4.95082418087522","4.95082418087522","3.7702892142331046","0.333","9",""
"void_crossing","2","6","auto","","10","10","4.95082418087522","4.95082418087522","4.95082418087522","3.7702892142331046","0.329","9",""
"void_crossing","2","7","auto","","10","10","4.95082418087522","4.95082418087522","4.95082418087522","3.7702892142331046","0.31","9",""
"void_crossing","2","8","auto","","10","10","4.95082418087522","4.95082418087522","4.95082418087522","3.7702892142331046","0.316","9",""
"void_crossing","2","9","auto","","10","10","4.95082418087522","4.95082418087522","4.95082418087522","3.7702892142331046","0.315","9",""
"void_crossing","2","10","auto","","10","10","4.95082418087522","4.95082418087522","4.95082418087522","3.7702892142331046","0.327","9",""
"void_crossing","2","11","auto","","10","10","4.95082418087522","4.95082418087522","4.95082418087522","3.7702892142331046","0.447","9",""
"void_crossing","2","12","auto","","10","10","4.95082418087522","4.95082418087522","4.95082418087522","3.7702892142331046","0.459","9",""
"void_crossing","2","13","auto","","10","10","4.95082418087522","4.95082418087522","4.95082418087522","3.7702892142331046","0.324","9",""
"void_crossing","2","14","auto","","10","10","4.95082418087522","4.95082418087522","4.95082418087522","3.7702892142331046","0.384","9",""
"void_crossing","2","15","auto","","10","10","4.95082418087522","4.95082418087522","4.95082418087522","3.7702892142331046","0.281","9",""
"void_crossing","2","16","auto","","10","10","4.95082418087522","4.95082418087522","4.95082418087522","3.7702892142331046","0.293","9",""
"void_crossing","2","17","auto","","10","10","4.95082418087522","4.95082418087522","4.95082418087522","3.7702892142331046","0.394","9",""
"void_crossing","2","18","auto","","10","10","4.95082418087522","4.95082418087522","4.95082418087522","3.7702892142331046","0.303","9",""
"void_crossing","2","19","auto","","10","10","4.95082418087522","4.95082418087522","4.95082418087522","3.7702892142331046","0.305","9",""
"void_crossing","2","20","auto","","10","10","4.95082418087522","4.95082418087522","4.95082418087522","3.7702892142331046","0.328","9",""
"void_crossing","3","1","auto","","10","10","4.728691750158655","4.728691750158655","4.728691750158655","3.61841104177484","1.601","5",""
"void_crossing","3","2","auto","","10","10","4.728691750158655","4.728691750158655","4.728691750158655","3.61841104177484","1.924","5",""
"void_crossing","3","3","auto","","10","10","4.728691750158655","4.728691750158655","4.728691750158655","3.61841104177484","1.388","5",""
"void_crossing","3","4","auto","","10","10","4.728691750158655","4.728691750158655","4.728691750158655","3.61841104177484","1.195","5",""
"void_crossing","3","5","auto","","10","10","4.728691750158655","4.728691750158655","4.728691750158655","3.61841104177484","2.801","5",""
"void_crossing","3","6","auto","","10","10","4.728691750158655","4.728691750158655","4.728691750158655","3.61841104177484","2.354","5",""
"void_crossing","3","7","auto","","10","10","4.728691750158655","4.728691750158655","4.728691750158655","3.61841104177484","0.995","5",""
"void_crossing","3","8","auto","","10","10","5.075","5.075","5.075","3.8563333333333336","0.815","7",""
"void_crossing","3","9","auto","","10","10","5.075","5.075","5.075","3.8563333333333336","1.032","7",""
"void_crossing","3","10","auto","","10","10","5.075","5.075","5.075","3.8563333333333336","1.332","7",""
"void_crossing","3","11","auto","","10","10","5.075","5.075","5.075","3.8563333333333336","0.918","7",""
"void_crossing","3","12","auto","","10","10","5.075","5.075","5.075","3.8563333333333336","1.657","7",""
"void_crossing","3","13","auto","","10","10","5.075","5.075","5.075","3.8563333333333336","0.844","7",""
"void_crossing","3","14","auto","","10","10","5.075","5.075","5.075","3.8563333333333336","0.801","7",""
"void_crossing","3","15","auto","","10","10","5.075","5.075","5.075","3.8563333333333336","2.674","7",""
"void_crossing","3","16","auto","","10","10","5.075","5.075","5.075","3.8563333333333336","0.761","7",""
"void_crossing","3","17","auto","","10","10","5.075","5.075","5.075","3.8563333333333336","0.819","7",""
"void_crossing","3","18","auto","","10","10","5.075","5.075","5.075","3.8563333333333336","1.845","7",""
"void_crossing","3","19","auto","","10","10","5.075","5.075","5.075","3.8563333333333336","1.002","7",""
"void_crossing","3","20","auto","","10","10","5.075","5.075","5.075","3.8563333333333336","1.269","7",""
"void_crossing","4","1","auto","","10","10","4.773691750158654","4.773691750158654","4.773691750158654","3.64941104177484","3.734","5",""
"void_crossing","4","2","auto","","10","10","4.773691750158654","4.773691750158654","4.773691750158654","3.64941104177484","6.327","5",""
"void_crossing","4","3","auto","","10","10","4.773691750158654","4.773691750158654","4.773691750158654","3.64941104177484","3.519","5",""
"void_crossing","4","4","auto","","10","10","4.773691750158654","4.773691750158654","4.773691750158654","3.64941104177484","5.284","5",""
"void_crossing","4","5","auto","","10","10","4.773691750158654","4.773691750158654","4.773691750158654","3.64941104177484","6.562","5",""
"void_crossing","4","6","auto","","10","10","5.119999999999999","5.119999999999999","5.119999999999999","3.8873333333333333","5.86","7",""
"void_crossing","4","7","auto","","10","10","5.119999999999999","5.119999999999999","5.119999999999999","3.8873333333333333","1.829","7",""
"void_crossing","4","8","auto","","10","10","5.119999999999999","5.119999999999999","5.119999999999999","3.8873333333333333","4.698","7",""
"void_crossing","4","9","auto","","10","10","5.119999999999999","5.119999999999999","5.119999999999999","3.8873333333333333","2.746","7",""
"void_crossing","4","10","auto","","10","10","5.119999999999999","5.119999999999999","5.119999999999999","3.8873333333333333","6.175","7",""
"void_crossing","4","11","auto","","10","10","5.119999999999999","5.119999999999999","5.119999999999999","3.8873333333333333","5.969","7",""
"void_crossing","4","12","auto","","10","10","5.119999999999999","5.119999999999999","5.119999999999999","3.8873333333333333","7.249","7",""
"void_crossing","4","13","auto","","10","10","5.255","5.255","5.255","3.9803333333333333","1.52","7",""
"void_crossing","4","14","auto","","10","10","5.255","5.255","5.255","3.9803333333333333","3.362","7",""
"void_crossing","4","15","auto","","10","10","5.255","5.255","5.255","3.9803333333333333","5.26","7",""
"void_crossing","4","16","auto","","10","10","5.255","5.255","5.255","3.9803333333333333","1.634","7",""
"void_crossing","4","17","auto","","10","10","5.255","5.255","5.255","3.9803333333333333","5.659","7",""
"void_crossing","4","18","auto","","10","10","5.255","5.255","5.255","3.9803333333333333","6.644","7",""
"void_crossing","4","19","auto","","10","10","5.255","5.255","5.255","3.9803333333333333","6.127","7",""
"void_crossing","4","20","auto","","10","10","5.255","5.255","5.255","3.9803333333333333","5.584","7",""
"void_crossing","5","1","auto","","10","10","4.773691750158654","4.773691750158654","4.773691750158654","3.64941104177484","11.395","5",""
"void_crossing","5","2","auto","","10","10","4.773691750158654","4.773691750158654","4.773691750158654","3.64941104177484","7.184","5",""
"void_crossing","5","3","auto","","10","10","4.773691750158654","4.773691750158654","4.773691750158654","3.64941104177484","6.631","5",""
"void_crossing","5","4","auto","","10","10","4.773691750158654","4.773691750158654","4.773691750158654","3.64941104177484","5.382","5",""
"void_crossing","5","5","auto","","10","10","4.773691750158654","4.773691750158654","4.773691750158654","3.64941104177484","5.903","5",""
"void_crossing","5","6","auto","","10","10","5.119999999999999","5.119999999999999","5.119999999999999","3.8873333333333333","4.872","7",""
"void_crossing","5","7","auto","","10","10","5.119999999999999","5.119999999999999","5.119999999999999","3.8873333333333333","6.882","7",""
"void_crossing","5","8","auto","","10","10","5.119999999999999","5.119999999999999","5.119999999999999","3.8873333333333333","6.355","7",""
"void_crossing","5","9","auto","","10","10","5.119999999999999","5.119999999999999","5.119999999999999","3.8873333333333333","4.615","7",""
"void_crossing","5","10","auto","","10","10","5.119999999999999","5.119999999999999","5.119999999999999","3.8873333333333333","2.462","7",""
"void_crossing","5","11","auto","","10","10","5.119999999999999","5.119999999999999","5.119999999999999","3.8873333333333333","3.631","7",""
"void_crossing","5","12","auto","","10","10","5.119999999999999","5.119999999999999","5.119999999999999","3.8873333333333333","4.389","7",""
"void_crossing","5","13","auto","","10","10","5.255","5.255","5.255","3.9803333333333333","2.166","7",""
"void_crossing","5","14","auto","","10","10","5.255","5.255","5.255","3.9803333333333333","1.546","7",""
"void_crossing","5","15","auto","","10","10","5.255","5.255","5.255","3.9803333333333333","1.886","7",""
"void_crossing","5","16","auto","","10","10","5.255","5.255","5.255","3.9803333333333333","4.352","7",""
"void_crossing","5","17","auto","","10","10","5.255","5.255","5.255","3.9803333333333333","3.03","7",""
"void_crossing","5","18","auto","","10","10","5.255","5.255","5.255","3.9803333333333333","5.402","7",""
"void_crossing","5","19","auto","","10","10","5.255","5.255","5.255","3.9803333333333333","1.529","7",""
"void_crossing","5","20","auto","","10","10","5.255","5.255","5.255","3.9803333333333333","1.67","7",""
"void_crossing","6","1","auto","","10","10","4.773691750158654","4.773691750158654","4.773691750158654","3.64941104177484","1.877","5",""
"void_crossing","6","2","auto","","10","10","4.773691750158654","4.773691750158654","4.773691750158654","3.64941104177484","5.692","5",""
"void_crossing","6","3","auto","","10","10","4.773691750158654","4.773691750158654","4.773691750158654","3.64941104177484","2.616","5",""
"void_crossing","6","4","auto","","10","10","4.773691750158654","4.773691750158654","4.773691750158654","3.64941104177484","3.881","5",""
"void_crossing","6","5","auto","","10","10","4.773691750158654","4.773691750158654","4.773691750158654","3.64941104177484","5.001","5",""
"void_crossing","6","6","auto","","10","10","5.119999999999999","5.119999999999999","5.119999999999999","3.8873333333333333","1.744","7",""
"void_crossing","6","7","auto","","10","10","5.119999999999999","5.119999999999999","5.119999999999999","3.8873333333333333","3.705","7",""
"void_crossing","6","8","auto","","10","10","5.119999999999999","5.119999999999999","5.119999999999999","3.8873333333333333","3.827","7",""
"void_crossing","6","9","auto","","10","10","5.119999999999999","5.119999999999999","5.119999999999999","3.8873333333333333","3.964","7",""
"void_crossing","6","10","auto","","10","10","5.119999999999999","5.119999999999999","5.119999999999999","3.8873333333333333","1.761","7",""
"void_crossing","6","11","auto","","10","10","5.119999999999999","5.119999999999999","5.119999999999999","3.8873333333333333","4.043","7",""
"void_crossing","6","12","auto","","10","10","5.119999999999999","5.119999999999999","5.119999999999999","3.8873333333333333","3.956","7",""
"void_crossing","6","13","auto","","10","10","5.255","5.255","5.255","3.9803333333333333","2.363","7",""
"void_crossing","6","14","auto","","10","10","5.255","5.255","5.255","3.9803333333333333","4.404","7",""
"void_crossing","6","15","auto","","10","10","5.255","5.255","5.255","3.9803333333333333","2.756","7",""
"void_crossing","6","16","auto","","10","10","5.255","5.255","5.255","3.9803333333333333","7.082","7",""
"void_crossing","6","17","auto","","10","10","5.255","5.255","5.255","3.9803333333333333","4.908","7",""
"void_crossing","6","18","auto","","10","10","5.255","5.255","5.255","3.9803333333333333","2.27","7",""
"void_crossing","6","19","auto","","10","10","5.255","5.255","5.255","3.9803333333333333","9.126","7",""
"void_crossing","6","20","auto","","10","10","5.255","5.255","5.255","3.9803333333333333","2.593","7",""
"star_loader_game","1","1","auto","","10","10","4.407383500317309","4.50082418087522","4.76409673799104","3.4602892142331045","0.231","9",""
"star_loader_game","1","2","auto","","10","10","4.407383500317309","4.591074956100205","4.76409673799104","3.5222480761289283","0.194","10",""
"star_loader_game","1","3","auto","","10","10","4.407383500317309","4.50082418087522","4.678691750158655","3.4602892142331045","0.178","9",""
"star_loader_game","1","4","auto","","10","10","4.591074956100205","4.591074956100205","4.76409673799104","3.5222480761289283","0.251","10",""
"star_loader_game","1","5","auto","","10","10","4.591074956100205","4.591074956100205","4.76409673799104","3.5222480761289283","0.242","10",""
"star_loader_game","1","6","auto","","10","10","4.591074956100205","4.591074956100205","4.591074956100205","3.5222480761289283","0.233","10",""
"star_loader_game","1","7","auto","","10","10","4.591074956100205","4.591074956100205","4.76409673799104","3.5222480761289283","0.198","10",""
"star_loader_game","1","8","auto","","10","10","5.01","5.01","5.01","3.81","0.25","15",""
"star_loader_game","1","9","auto","","10","10","5.01","5.01","5.01","3.81","0.21","15",""
"star_loader_game","1","10","auto","","10","10","5.01","5.01","5.01","3.81","0.189","15",""
"star_loader_game","1","11","auto","","10","10","5.01","5.01","5.01","3.81","0.228","15",""
"star_loader_game","1","12","auto","","10","10","5.01","5.01","5.01","3.81","0.225","15",""
"star_loader_game","1","13","auto","","10","10","5.01","5.01","5.01","3.81","0.252","15",""
"star_loader_game","1","14","auto","","10","10","5.01","5.01","5.01","3.81","0.196","15",""
"star_loader_game","1","15","auto","","10","10","5.01","5.01","5.01","3.81","0.289","15",""
"star_loader_game","1","16","auto","","10","10","5.01","5.01","5.01","3.81","0.204","15",""
"star_loader_game","1","17","auto","","10","10","5.01","5.01","5.01","3.81","0.211","15",""
"star_loader_game","1","18","auto","","10","10","5.01","5.01","5.01","3.81","0.184","15",""
"star_loader_game","1","19","auto","","10","10","5.01","5.01","5.01","3.81","0.181","15",""
"star_loader_game","1","20","auto","","10","10","5.01","5.01","5.01","3.81","0.194","15",""
"star_loader_game","2","1","auto","","10","10","4.678691750158655","4.76409673799104","4.929515931033874","3.641065957721164","0.19","12",""
"star_loader_game","2","2","auto","","10","10","4.678691750158655","5.396309833011327","5.691648361750439","4.075514280083481","0.217","20",""
"star_loader_game","2","3","auto","","10","10","4.591074956100205","5.244544052957588","5.32082418087522","3.9711891270165376","0.203","18",""
"star_loader_game","2","4","auto","","10","10","4.929515931033874","5.1673835003173085","5.618691750158655","3.9181554168830135","0.255","17",""
"star_loader_game","2","5","auto","","10","10","4.929515931033874","5.32082418087522","5.471074956100205","4.023622547566438","0.325","19",""
"star_loader_game","2","6","auto","","10","10","5.089241825075074","5.1673835003173085","5.618691750158655","3.9181554168830135","0.227","17",""
"star_loader_game","2","7","auto","","10","10","5.01","5.32082418087522","5.396309833011327","4.023622547566438","0.253","19",""
"star_loader_game","2","8","auto","","10","10","5.32082418087522","5.618691750158655","5.691648361750439","4.22841104177484","0.288","23",""
"star_loader_game","2","9","auto","","10","10","5.1673835003173085","5.396309833011327","5.618691750158655","4.075514280083481","0.237","20",""
"star_loader_game","2","10","auto","","10","10","5.089241825075074","5.32082418087522","5.618691750158655","4.023622547566438","0.258","19",""
"star_loader_game","2","11","auto","","10","10","5.089241825075074","5.1673835003173085","5.618691750158655","3.9181554168830135","0.344","17",""
"star_loader_game","2","12","auto","","10","10","5.089241825075074","5.244544052957588","5.618691750158655","3.9711891270165376","0.327","18",""
"star_loader_game","2","13","auto","","10","10","5.089241825075074","5.32082418087522","5.545183630332542","4.023622547566438","0.25","19",""
"star_loader_game","2","14","auto","","10","10","5.089241825075074","5.244544052957588","5.618691750158655","3.9711891270165376","0.24","18",""
"star_loader_game","2","15","auto","","10","10","5.089241825075074","5.32082418087522","5.471074956100205","4.023622547566438","0.252","19",""
"star_loader_game","2","16","auto","","10","10","5.1673835003173085","5.396309833011327","5.618691750158655","4.075514280083481","0.223","20",""
"star_loader_game","2","17","auto","","10","10","5.089241825075074","5.32082418087522","5.471074956100205","4.023622547566438","0.228","19",""
"star_loader_game","2","18","auto","","10","10","5.089241825075074","5.244544052957588","5.32082418087522","3.9711891270165376","0.267","18",""
"star_loader_game","2","19","auto","","10","10","5.1673835003173085","5.545183630332542","5.691648361750439","4.177867626741885","0.301","22",""
"star_loader_game","2","20","auto","","10","10","5.089241825075074","5.545183630332542","5.691648361750439","4.177867626741885","0.302","22",""
"star_loader_game","3","1","auto","","10","10","4.929515931033874","5.089241825075074","5.32082418087522","3.8644527595208844","0.23","16",""
"star_loader_game","3","2","auto","","10","10","4.929515931033874","5.089241825075074","5.396309833011327","3.8644527595208844","0.234","16",""
"star_loader_game","3","3","auto","","10","10","4.929515931033874","5.089241825075074","5.471074956100205","3.8644527595208844","0.233","16",""
"star_loader_game","3","4","auto","","10","10","5.1673835003173085","5.244544052957588","6.398442263727892","3.9711891270165376","0.263","18",""
"star_loader_game","3","5","auto","","10","10","5.089241825075074","5.396309833011327","5.471074956100205","4.075514280083481","0.251","20",""
"star_loader_game","3","6","auto","","10","10","5.1673835003173085","5.244544052957588","5.764096737991041","3.9711891270165376","0.238","18",""
"star_loader_game","3","7","auto","","10","10","5.089241825075074","5.244544052957588","5.471074956100205","3.9711891270165376","0.306","18",""
"star_loader_game","3","8","auto","","10","10","5.396309833011327","5.764096737991041","6.049515931033875","4.328399291054497","0.257","25",""
"star_loader_game","3","9","auto","","10","10","5.396309833011327","5.471074956100205","5.545183630332542","4.126914742795594","0.25","21",""
"star_loader_game","3","10","auto","","10","10","5.396309833011327","5.545183630332542","5.764096737991041","4.177867626741885","0.345","22",""
"star_loader_game","3","11","auto","","10","10","5.471074956100205","5.764096737991041","6.049515931033875","4.328399291054497","0.37","25",""
"star_loader_game","3","12","auto","","10","10","5.396309833011327","5.396309833011327","5.764096737991041","4.075514280083481","0.323","20",""
"star_loader_game","3","13","auto","","10","10","5.396309833011327","5.471074956100205","6.25976670625886","4.126914742795594","0.228","21",""
"star_loader_game","3","14","auto","","10","10","5.396309833011327","5.471074956100205","6.049515931033875","4.126914742795594","0.279","21",""
"star_loader_game","3","15","auto","","10","10","5.471074956100205","5.764096737991041","6.25976670625886","4.328399291054497","0.356","25",""
"star_loader_game","3","16","auto","","10","10","5.396309833011327","5.471074956100205","5.545183630332542","4.126914742795594","0.263","21",""
"star_loader_game","3","17","auto","","10","10","5.396309833011327","5.471074956100205","5.764096737991041","4.126914742795594","0.21","21",""
"star_loader_game","3","18","auto","","10","10","5.396309833011327","5.764096737991041","6.049515931033875","4.328399291054497","0.234","25",""
"star_loader_game","3","19","auto","","10","10","5.396309833011327","5.471074956100205","5.545183630332542","4.126914742795594","0.319","21",""
"star_loader_game","3","20","auto","","10","10","5.396309833011327","5.471074956100205","5.764096737991041","4.126914742795594","0.264","21",""
"star_loader_game","4","1","auto","","10","10","5.1673835003173085","5.471074956100205","5.836075250475963","4.126914742795594","0.252","21",""
"star_loader_game","4","2","auto","","10","10","5.396309833011327","5.545183630332542","5.764096737991041","4.177867626741885","0.332","22",""
"star_loader_game","4","3","auto","","10","10","5.32082418087522","5.396309833011327","5.836075250475963","4.075514280083481","0.265","20",""
"star_loader_game","4","4","auto","","10","10","5.471074956100205","5.471074956100205","5.764096737991041","4.126914742795594","0.281","21",""
"star_loader_game","4","5","auto","","10","10","5.396309833011327","5.471074956100205","5.691648361750439","4.126914742795594","0.273","21",""
"star_loader_game","4","6","auto","","10","10","5.471074956100205","5.836075250475963","6.1899999999999995","4.377899791991187","0.267","26",""
"star_loader_game","4","7","auto","","10","10","5.471074956100205","5.545183630332542","5.764096737991041","4.177867626741885","0.238","22",""
"star_loader_game","4","8","auto","","10","10","5.764096737991041","5.978755818928066","6.808661441015978","4.476030482602469","0.247","28",""
"star_loader_game","4","9","auto","","10","10","5.764096737991041","5.978755818928066","7.078207681192529","4.476030482602469","0.27","28",""
"star_loader_game","4","10","auto","","10","10","5.691648361750439","5.836075250475963","6.1899999999999995","4.377899791991187","0.254","26",""
"star_loader_game","4","11","auto","","10","10","5.691648361750439","5.9076180828526725","6.1899999999999995","4.42710323830864","0.241","27",""
"star_loader_game","4","12","auto","","10","10","5.691648361750439","5.978755818928066","6.1899999999999995","4.476030482602469","0.273","28",""
"star_loader_game","4","13","auto","","10","10","5.691648361750439","5.9076180828526725","6.1899999999999995","4.42710323830864","0.279","27",""
"star_loader_game","4","14","auto","","10","10","5.691648361750439","6.536079740438369","6.808661441015978","4.859418004844342","0.292","36",""
"star_loader_game","4","15","auto","","10","10","5.836075250475963","6.049515931033875","6.1899999999999995","4.524700256007945","0.284","29",""
"star_loader_game","4","16","auto","","10","10","5.691648361750439","5.978755818928066","6.536079740438369","4.476030482602469","0.261","28",""
"star_loader_game","4","17","auto","","10","10","5.691648361750439","5.836075250475963","6.119923188285112","4.377899791991187","0.286","26",""
"star_loader_game","4","18","auto","","10","10","5.836075250475963","5.978755818928066","6.808661441015978","4.476030482602469","0.274","28",""
"star_loader_game","4","19","auto","","10","10","5.691648361750439","5.764096737991041","7.078207681192529","4.328399291054497","0.262","25",""
"star_loader_game","4","20","auto","","10","10","5.836075250475963","6.049515931033875","6.808661441015978","4.524700256007945","0.256","29",""
"star_loader_game","5","1","auto","","10","10","5.1673835003173085","5.396309833011327","5.471074956100205","4.075514280083481","0.277","20",""
"star_loader_game","5","2","auto","","10","10","5.244544052957588","5.471074956100205","5.764096737991041","4.126914742795594","0.477","21",""
"star_loader_game","5","3","auto","","10","10","5.1673835003173085","5.764096737991041","6.119923188285112","4.328399291054497","0.273","25",""
"star_loader_game","5","4","auto","","10","10","5.396309833011327","5.545183630332542","5.9076180828526725","4.177867626741885","0.246","22",""
"star_loader_game","5","5","auto","","10","10","5.396309833011327","5.691648361750439","5.836075250475963","4.278578428466209","0.305","24",""
"star_loader_game","5","6","auto","","10","10","5.396309833011327","5.545183630332542","5.978755818928066","4.177867626741885","0.3","22",""
"star_loader_game","5","7","auto","","10","10","5.545183630332542","5.764096737991041","5.978755818928066","4.328399291054497","0.258","25",""
"star_loader_game","5","8","auto","","10","10","5.836075250475963","5.978755818928066","6.1899999999999995","4.476030482602469","0.343","28",""
"star_loader_game","5","9","auto","","10","10","5.764096737991041","5.836075250475963","6.536079740438369","4.377899791991187","0.263","26",""
"star_loader_game","5","10","auto","","10","10","5.691648361750439","5.836075250475963","6.943778246034461","4.377899791991187","0.329","26",""
"star_loader_game","5","11","auto","","10","10","5.836075250475963","5.978755818928066","6.25976670625886","4.476030482602469","0.336","28",""
"star_loader_game","5","12","auto","","10","10","5.836075250475963","6.119923188285112","6.672788488149695","4.573129446558031","0.288","30",""
"star_loader_game","5","13","auto","","10","10","5.691648361750439","5.9076180828526725","5.978755818928066","4.42710323830864","0.241","27",""
"star_loader_game","5","14","auto","","10","10","5.691648361750439","6.049515931033875","6.536079740438369","4.524700256007945","0.35","29",""
"star_loader_game","5","15","auto","","10","10","5.836075250475963","6.1899999999999995","6.25976670625886","4.621333333333334","0.381","31",""
"star_loader_game","5","16","auto","","10","10","5.764096737991041","5.9076180828526725","6.119923188285112","4.42710323830864","0.285","27",""
"star_loader_game","5","17","auto","","10","10","5.764096737991041","6.119923188285112","6.808661441015978","4.573129446558031","0.281","30",""
"star_loader_game","5","18","auto","","10","10","5.691648361750439","5.9076180828526725","6.672788488149695","4.42710323830864","0.265","27",""
"star_loader_game","5","19","auto","","10","10","5.764096737991041","5.836075250475963","6.672788488149695","4.377899791991187","0.313","26",""
"star_loader_game","5","20","auto","","10","10","5.764096737991041","5.836075250475963","5.978755818928066","4.377899791991187","0.25","26",""
"star_loader_game","6","1","auto","","10","10","5.32082418087522","5.396309833011327","5.836075250475963","4.075514280083481","0.787","20",""
"star_loader_game","6","2","auto","","10","10","5.244544052957588","5.471074956100205","5.836075250475963","4.126914742795594","0.423","21",""
"star_loader_game","6","3","auto","","10","10","5.244544052957588","5.545183630332542","5.764096737991041","4.177867626741885","0.34","22",""
"star_loader_game","6","4","auto","","10","10","5.471074956100205","5.618691750158655","5.836075250475963","4.22841104177484","0.261","23",""
"star_loader_game","6","5","auto","","10","10","5.471074956100205","5.764096737991041","6.049515931033875","4.328399291054497","0.248","25",""
"star_loader_game","6","6","auto","","10","10","5.396309833011327","5.471074956100205","5.691648361750439","4.126914742795594","0.288","21",""
"star_loader_game","6","7","auto","","10","10","5.396309833011327","5.836075250475963","6.672788488149695","4.377899791991187","0.327","26",""
"star_loader_game","6","8","auto","","10","10","5.836075250475963","5.978755818928066","6.1899999999999995","4.476030482602469","0.28","28",""
"star_loader_game","6","9","auto","","10","10","5.764096737991041","5.978755818928066","6.119923188285112","4.476030482602469","0.32","28",""
"star_loader_game","6","10","auto","","10","10","5.836075250475963","5.836075250475963","6.808661441015978","4.377899791991187","0.375","26",""
"star_loader_game","6","11","auto","","10","10","5.691648361750439","5.836075250475963","7.078207681192529","4.377899791991187","0.397","26",""
"star_loader_game","6","12","auto","","10","10","5.764096737991041","5.978755818928066","6.672788488149695","4.476030482602469","0.279","28",""
"star_loader_game","6","13","auto","","10","10","5.691648361750439","5.764096737991041","5.836075250475963","4.328399291054497","0.287","25",""
"star_loader_game","6","14","auto","","10","10","5.764096737991041","5.836075250475963","6.672788488149695","4.377899791991187","0.294","26",""
"star_loader_game","6","15","auto","","10","10","5.764096737991041","5.836075250475963","5.978755818928066","4.377899791991187","0.249","26",""
"star_loader_game","6","16","auto","","10","10","5.691648361750439","5.836075250475963","6.119923188285112","4.377899791991187","0.255","26",""
"star_loader_game","6","17","auto","","10","10","5.764096737991041","5.836075250475963","6.1899999999999995","4.377899791991187","0.246","26",""
"star_loader_game","6","18","auto","","10","10","5.691648361750439","5.9076180828526725","6.119923188285112","4.42710323830864","0.282","27",""
"star_loader_game","6","19","auto","","10","10","5.764096737991041","6.119923188285112","6.808661441015978","4.573129446558031","0.267","30",""
"star_loader_game","6","20","auto","","10","10","5.764096737991041","5.978755818928066","6.672788488149695","4.476030482602469","0.27","28",""
